ARM GAS  C:\Users\24705\AppData\Local\Temp\ccBRba3t.s 			page 1


   1              		.cpu cortex-m0
   2              		.arch armv6s-m
   3              		.fpu softvfp
   4              		.eabi_attribute 20, 1
   5              		.eabi_attribute 21, 1
   6              		.eabi_attribute 23, 3
   7              		.eabi_attribute 24, 1
   8              		.eabi_attribute 25, 1
   9              		.eabi_attribute 26, 1
  10              		.eabi_attribute 30, 1
  11              		.eabi_attribute 34, 0
  12              		.eabi_attribute 18, 4
  13              		.file	"can_protocol.c"
  14              		.text
  15              	.Ltext0:
  16              		.cfi_sections	.debug_frame
  17              		.file 1 "Core/Src/can_protocol.c"
  18              		.section	.text.send_single_byte,"ax",%progbits
  19              		.align	1
  20              		.syntax unified
  21              		.code	16
  22              		.thumb_func
  24              	send_single_byte:
  25              	.LVL0:
  26              	.LFB43:
   1:Core/Src/can_protocol.c **** /**
   2:Core/Src/can_protocol.c ****   ******************************************************************************
   3:Core/Src/can_protocol.c ****   * @file           : can_protocol.c
   4:Core/Src/can_protocol.c ****   * @brief          : CAN referee-system slave — Rx commands, Tx status
   5:Core/Src/can_protocol.c ****   ******************************************************************************
   6:Core/Src/can_protocol.c ****   */
   7:Core/Src/can_protocol.c **** 
   8:Core/Src/can_protocol.c **** #include "can_protocol.h"
   9:Core/Src/can_protocol.c **** #include "thermal.h"
  10:Core/Src/can_protocol.c **** 
  11:Core/Src/can_protocol.c **** extern CAN_ErrorStats_t g_can_stats;
  12:Core/Src/can_protocol.c **** 
  13:Core/Src/can_protocol.c **** static CAN_HandleTypeDef  *can_handle = NULL;
  14:Core/Src/can_protocol.c **** static ShootData_Report_t  shoot_data = {0};
  15:Core/Src/can_protocol.c **** static LedCommand_t        led_cmd    = { .source = LED_SRC_NORMAL,
  16:Core/Src/can_protocol.c ****                                            .cmd = 0, .heat_data = 0, .team = 1 };
  17:Core/Src/can_protocol.c **** static volatile bool calibration_requested;
  18:Core/Src/can_protocol.c **** static volatile uint8_t shoot_report_request_count;
  19:Core/Src/can_protocol.c **** 
  20:Core/Src/can_protocol.c **** #define CAN_PROTOCOL_TX_TIMEOUT_MS 2U
  21:Core/Src/can_protocol.c **** 
  22:Core/Src/can_protocol.c **** /* ---- LED command accessor ----------------------------------------------- */
  23:Core/Src/can_protocol.c **** const LedCommand_t *CANProtocol_GetLedCommand(void)
  24:Core/Src/can_protocol.c **** {
  25:Core/Src/can_protocol.c ****     return &led_cmd;
  26:Core/Src/can_protocol.c **** }
  27:Core/Src/can_protocol.c **** 
  28:Core/Src/can_protocol.c **** /* ---- Init --------------------------------------------------------------- */
  29:Core/Src/can_protocol.c **** void CANProtocol_Init(CAN_HandleTypeDef *hcan)
  30:Core/Src/can_protocol.c **** {
  31:Core/Src/can_protocol.c ****     can_handle = hcan;
  32:Core/Src/can_protocol.c ****     shoot_report_request_count = 0U;
ARM GAS  C:\Users\24705\AppData\Local\Temp\ccBRba3t.s 			page 2


  33:Core/Src/can_protocol.c **** }
  34:Core/Src/can_protocol.c **** 
  35:Core/Src/can_protocol.c **** /* ---- Shoot data refresh ------------------------------------------------- */
  36:Core/Src/can_protocol.c **** void CANProtocol_UpdateData(const ShootData_Report_t *data)
  37:Core/Src/can_protocol.c **** {
  38:Core/Src/can_protocol.c ****     if (data != NULL) {
  39:Core/Src/can_protocol.c ****         uint32_t primask = __get_PRIMASK();
  40:Core/Src/can_protocol.c ****         __disable_irq();
  41:Core/Src/can_protocol.c ****         shoot_data = *data;
  42:Core/Src/can_protocol.c ****         __set_PRIMASK(primask);
  43:Core/Src/can_protocol.c ****     }
  44:Core/Src/can_protocol.c **** }
  45:Core/Src/can_protocol.c **** 
  46:Core/Src/can_protocol.c **** static HAL_StatusTypeDef send_single_byte(uint16_t id, uint8_t value)
  47:Core/Src/can_protocol.c **** {
  27              		.loc 1 47 1 view -0
  28              		.cfi_startproc
  29              		@ args = 0, pretend = 0, frame = 40
  30              		@ frame_needed = 0, uses_anonymous_args = 0
  31              		.loc 1 47 1 is_stmt 0 view .LVU1
  32 0000 10B5     		push	{r4, lr}
  33              	.LCFI0:
  34              		.cfi_def_cfa_offset 8
  35              		.cfi_offset 4, -8
  36              		.cfi_offset 14, -4
  37 0002 8AB0     		sub	sp, sp, #40
  38              	.LCFI1:
  39              		.cfi_def_cfa_offset 48
  40 0004 0400     		movs	r4, r0
  41 0006 6B46     		mov	r3, sp
  42 0008 D971     		strb	r1, [r3, #7]
  48:Core/Src/can_protocol.c ****     CAN_TxHeaderTypeDef tx_header = {0};
  43              		.loc 1 48 5 is_stmt 1 view .LVU2
  44              		.loc 1 48 25 is_stmt 0 view .LVU3
  45 000a 1822     		movs	r2, #24
  46 000c 0021     		movs	r1, #0
  47              	.LVL1:
  48              		.loc 1 48 25 view .LVU4
  49 000e 04A8     		add	r0, sp, #16
  50              	.LVL2:
  51              		.loc 1 48 25 view .LVU5
  52 0010 FFF7FEFF 		bl	memset
  53              	.LVL3:
  49:Core/Src/can_protocol.c ****     uint32_t tx_mailbox = 0;
  54              		.loc 1 49 5 is_stmt 1 view .LVU6
  55              		.loc 1 49 14 is_stmt 0 view .LVU7
  56 0014 0023     		movs	r3, #0
  57 0016 0393     		str	r3, [sp, #12]
  50:Core/Src/can_protocol.c **** 
  51:Core/Src/can_protocol.c ****     if (can_handle == NULL ||
  58              		.loc 1 51 5 is_stmt 1 view .LVU8
  59              		.loc 1 51 20 is_stmt 0 view .LVU9
  60 0018 0D4B     		ldr	r3, .L5
  61 001a 1868     		ldr	r0, [r3]
  62              		.loc 1 51 8 view .LVU10
  63 001c 0028     		cmp	r0, #0
  64 001e 03D0     		beq	.L2
ARM GAS  C:\Users\24705\AppData\Local\Temp\ccBRba3t.s 			page 3


  52:Core/Src/can_protocol.c ****         HAL_CAN_GetState(can_handle) != HAL_CAN_STATE_LISTENING) {
  65              		.loc 1 52 9 view .LVU11
  66 0020 FFF7FEFF 		bl	HAL_CAN_GetState
  67              	.LVL4:
  51:Core/Src/can_protocol.c ****         HAL_CAN_GetState(can_handle) != HAL_CAN_STATE_LISTENING) {
  68              		.loc 1 51 28 discriminator 1 view .LVU12
  69 0024 0228     		cmp	r0, #2
  70 0026 02D0     		beq	.L3
  71              	.L2:
  53:Core/Src/can_protocol.c ****         return HAL_ERROR;
  72              		.loc 1 53 9 is_stmt 1 view .LVU13
  73              		.loc 1 53 16 is_stmt 0 view .LVU14
  74 0028 0120     		movs	r0, #1
  75              	.L4:
  54:Core/Src/can_protocol.c ****     }
  55:Core/Src/can_protocol.c ****     tx_header.StdId = id;
  56:Core/Src/can_protocol.c ****     tx_header.IDE = CAN_ID_STD;
  57:Core/Src/can_protocol.c ****     tx_header.RTR = CAN_RTR_DATA;
  58:Core/Src/can_protocol.c ****     tx_header.DLC = 1;
  59:Core/Src/can_protocol.c ****     tx_header.TransmitGlobalTime = DISABLE;
  60:Core/Src/can_protocol.c ****     return HAL_CAN_AddTxMessage(can_handle, &tx_header, &value, &tx_mailbox);
  61:Core/Src/can_protocol.c **** }
  76              		.loc 1 61 1 view .LVU15
  77 002a 0AB0     		add	sp, sp, #40
  78              		@ sp needed
  79              	.LVL5:
  80              		.loc 1 61 1 view .LVU16
  81 002c 10BD     		pop	{r4, pc}
  82              	.L3:
  55:Core/Src/can_protocol.c ****     tx_header.IDE = CAN_ID_STD;
  83              		.loc 1 55 5 is_stmt 1 view .LVU17
  55:Core/Src/can_protocol.c ****     tx_header.IDE = CAN_ID_STD;
  84              		.loc 1 55 21 is_stmt 0 view .LVU18
  85 002e 04A9     		add	r1, sp, #16
  86 0030 0494     		str	r4, [sp, #16]
  56:Core/Src/can_protocol.c ****     tx_header.RTR = CAN_RTR_DATA;
  87              		.loc 1 56 5 is_stmt 1 view .LVU19
  56:Core/Src/can_protocol.c ****     tx_header.RTR = CAN_RTR_DATA;
  88              		.loc 1 56 19 is_stmt 0 view .LVU20
  89 0032 0023     		movs	r3, #0
  90 0034 8B60     		str	r3, [r1, #8]
  57:Core/Src/can_protocol.c ****     tx_header.DLC = 1;
  91              		.loc 1 57 5 is_stmt 1 view .LVU21
  57:Core/Src/can_protocol.c ****     tx_header.DLC = 1;
  92              		.loc 1 57 19 is_stmt 0 view .LVU22
  93 0036 CB60     		str	r3, [r1, #12]
  58:Core/Src/can_protocol.c ****     tx_header.TransmitGlobalTime = DISABLE;
  94              		.loc 1 58 5 is_stmt 1 view .LVU23
  58:Core/Src/can_protocol.c ****     tx_header.TransmitGlobalTime = DISABLE;
  95              		.loc 1 58 19 is_stmt 0 view .LVU24
  96 0038 0122     		movs	r2, #1
  97 003a 0A61     		str	r2, [r1, #16]
  59:Core/Src/can_protocol.c ****     return HAL_CAN_AddTxMessage(can_handle, &tx_header, &value, &tx_mailbox);
  98              		.loc 1 59 5 is_stmt 1 view .LVU25
  59:Core/Src/can_protocol.c ****     return HAL_CAN_AddTxMessage(can_handle, &tx_header, &value, &tx_mailbox);
  99              		.loc 1 59 34 is_stmt 0 view .LVU26
 100 003c 0B75     		strb	r3, [r1, #20]
ARM GAS  C:\Users\24705\AppData\Local\Temp\ccBRba3t.s 			page 4


  60:Core/Src/can_protocol.c **** }
 101              		.loc 1 60 5 is_stmt 1 view .LVU27
  60:Core/Src/can_protocol.c **** }
 102              		.loc 1 60 12 is_stmt 0 view .LVU28
 103 003e 044B     		ldr	r3, .L5
 104 0040 1868     		ldr	r0, [r3]
 105 0042 03AB     		add	r3, sp, #12
 106 0044 6A46     		mov	r2, sp
 107 0046 0732     		adds	r2, r2, #7
 108 0048 FFF7FEFF 		bl	HAL_CAN_AddTxMessage
 109              	.LVL6:
 110 004c EDE7     		b	.L4
 111              	.L6:
 112 004e C046     		.align	2
 113              	.L5:
 114 0050 00000000 		.word	can_handle
 115              		.cfi_endproc
 116              	.LFE43:
 118              		.section	.text.send_led_ack,"ax",%progbits
 119              		.align	1
 120              		.syntax unified
 121              		.code	16
 122              		.thumb_func
 124              	send_led_ack:
 125              	.LVL7:
 126              	.LFB55:
  62:Core/Src/can_protocol.c **** 
  63:Core/Src/can_protocol.c **** HAL_StatusTypeDef CANProtocol_SendWeakFault(uint8_t weak_mask)
  64:Core/Src/can_protocol.c **** {
  65:Core/Src/can_protocol.c ****     return send_single_byte(CAN_WEAK_FAULT_ID, weak_mask);
  66:Core/Src/can_protocol.c **** }
  67:Core/Src/can_protocol.c **** 
  68:Core/Src/can_protocol.c **** HAL_StatusTypeDef CANProtocol_SendStrongFault(uint8_t strong_mask)
  69:Core/Src/can_protocol.c **** {
  70:Core/Src/can_protocol.c ****     return send_single_byte(CAN_STRONG_FAULT_ID, strong_mask);
  71:Core/Src/can_protocol.c **** }
  72:Core/Src/can_protocol.c **** 
  73:Core/Src/can_protocol.c **** HAL_StatusTypeDef CANProtocol_SendBoot(void)
  74:Core/Src/can_protocol.c **** {
  75:Core/Src/can_protocol.c ****     CAN_TxHeaderTypeDef tx_header = {0};
  76:Core/Src/can_protocol.c ****     uint8_t unused = 0U;
  77:Core/Src/can_protocol.c ****     uint32_t tx_mailbox = 0;
  78:Core/Src/can_protocol.c **** 
  79:Core/Src/can_protocol.c ****     if (can_handle == NULL ||
  80:Core/Src/can_protocol.c ****         HAL_CAN_GetState(can_handle) != HAL_CAN_STATE_LISTENING) {
  81:Core/Src/can_protocol.c ****         return HAL_ERROR;
  82:Core/Src/can_protocol.c ****     }
  83:Core/Src/can_protocol.c ****     tx_header.StdId = CAN_BOOT_ID;
  84:Core/Src/can_protocol.c ****     tx_header.IDE = CAN_ID_STD;
  85:Core/Src/can_protocol.c ****     tx_header.RTR = CAN_RTR_DATA;
  86:Core/Src/can_protocol.c ****     tx_header.DLC = 0;
  87:Core/Src/can_protocol.c ****     tx_header.TransmitGlobalTime = DISABLE;
  88:Core/Src/can_protocol.c ****     return HAL_CAN_AddTxMessage(can_handle, &tx_header, &unused, &tx_mailbox);
  89:Core/Src/can_protocol.c **** }
  90:Core/Src/can_protocol.c **** 
  91:Core/Src/can_protocol.c **** HAL_StatusTypeDef CANProtocol_SendCalibrationAck(uint16_t old_front,
  92:Core/Src/can_protocol.c ****                                                  uint16_t new_front,
ARM GAS  C:\Users\24705\AppData\Local\Temp\ccBRba3t.s 			page 5


  93:Core/Src/can_protocol.c ****                                                  uint16_t old_rear,
  94:Core/Src/can_protocol.c ****                                                  uint16_t new_rear)
  95:Core/Src/can_protocol.c **** {
  96:Core/Src/can_protocol.c ****     CAN_TxHeaderTypeDef tx_header = {0};
  97:Core/Src/can_protocol.c ****     uint8_t payload[8];
  98:Core/Src/can_protocol.c ****     uint32_t tx_mailbox = 0;
  99:Core/Src/can_protocol.c **** 
 100:Core/Src/can_protocol.c ****     if (can_handle == NULL ||
 101:Core/Src/can_protocol.c ****         HAL_CAN_GetState(can_handle) != HAL_CAN_STATE_LISTENING) {
 102:Core/Src/can_protocol.c ****         return HAL_ERROR;
 103:Core/Src/can_protocol.c ****     }
 104:Core/Src/can_protocol.c **** 
 105:Core/Src/can_protocol.c ****     payload[0] = (uint8_t)(old_front >> 0);
 106:Core/Src/can_protocol.c ****     payload[1] = (uint8_t)(old_front >> 8);
 107:Core/Src/can_protocol.c ****     payload[2] = (uint8_t)(new_front >> 0);
 108:Core/Src/can_protocol.c ****     payload[3] = (uint8_t)(new_front >> 8);
 109:Core/Src/can_protocol.c ****     payload[4] = (uint8_t)(old_rear >> 0);
 110:Core/Src/can_protocol.c ****     payload[5] = (uint8_t)(old_rear >> 8);
 111:Core/Src/can_protocol.c ****     payload[6] = (uint8_t)(new_rear >> 0);
 112:Core/Src/can_protocol.c ****     payload[7] = (uint8_t)(new_rear >> 8);
 113:Core/Src/can_protocol.c ****     tx_header.StdId = CAN_CALIBRATE_ACK_ID;
 114:Core/Src/can_protocol.c ****     tx_header.IDE = CAN_ID_STD;
 115:Core/Src/can_protocol.c ****     tx_header.RTR = CAN_RTR_DATA;
 116:Core/Src/can_protocol.c ****     tx_header.DLC = 8;
 117:Core/Src/can_protocol.c ****     tx_header.TransmitGlobalTime = DISABLE;
 118:Core/Src/can_protocol.c ****     return HAL_CAN_AddTxMessage(can_handle, &tx_header, payload, &tx_mailbox);
 119:Core/Src/can_protocol.c **** }
 120:Core/Src/can_protocol.c **** 
 121:Core/Src/can_protocol.c **** bool CANProtocol_TakeCalibrationRequest(void)
 122:Core/Src/can_protocol.c **** {
 123:Core/Src/can_protocol.c ****     uint32_t primask = __get_PRIMASK();
 124:Core/Src/can_protocol.c ****     __disable_irq();
 125:Core/Src/can_protocol.c ****     bool requested = calibration_requested;
 126:Core/Src/can_protocol.c ****     calibration_requested = false;
 127:Core/Src/can_protocol.c ****     __set_PRIMASK(primask);
 128:Core/Src/can_protocol.c ****     return requested;
 129:Core/Src/can_protocol.c **** }
 130:Core/Src/can_protocol.c **** 
 131:Core/Src/can_protocol.c **** /* ---- Periodic heartbeat: ID 0x200, one standard data frame per second ---- */
 132:Core/Src/can_protocol.c **** HAL_StatusTypeDef CANProtocol_SendHeartbeat(void)
 133:Core/Src/can_protocol.c **** {
 134:Core/Src/can_protocol.c ****     CAN_TxHeaderTypeDef tx_header = {0};
 135:Core/Src/can_protocol.c ****     uint8_t payload[8] = {0};
 136:Core/Src/can_protocol.c ****     uint32_t tx_mailbox = 0;
 137:Core/Src/can_protocol.c ****     uint32_t uptime_s = HAL_GetTick() / 1000U;
 138:Core/Src/can_protocol.c ****     HAL_StatusTypeDef status;
 139:Core/Src/can_protocol.c **** 
 140:Core/Src/can_protocol.c ****     if (can_handle == NULL ||
 141:Core/Src/can_protocol.c ****         HAL_CAN_GetState(can_handle) != HAL_CAN_STATE_LISTENING) {
 142:Core/Src/can_protocol.c ****         g_can_stats.tx_heartbeat_fail++;
 143:Core/Src/can_protocol.c ****         return HAL_ERROR;
 144:Core/Src/can_protocol.c ****     }
 145:Core/Src/can_protocol.c **** 
 146:Core/Src/can_protocol.c ****     payload[0] = 0xA5;
 147:Core/Src/can_protocol.c ****     payload[1] = 0x01;
 148:Core/Src/can_protocol.c ****     payload[2] = (uint8_t)(uptime_s >> 0);
 149:Core/Src/can_protocol.c ****     payload[3] = (uint8_t)(uptime_s >> 8);
ARM GAS  C:\Users\24705\AppData\Local\Temp\ccBRba3t.s 			page 6


 150:Core/Src/can_protocol.c ****     payload[4] = (uint8_t)(uptime_s >> 16);
 151:Core/Src/can_protocol.c ****     payload[5] = (uint8_t)(uptime_s >> 24);
 152:Core/Src/can_protocol.c ****     payload[6] = shoot_data.heat_level;
 153:Core/Src/can_protocol.c ****     payload[7] = (uint8_t)(shoot_data.barrel_mask & 0x1FU);
 154:Core/Src/can_protocol.c **** 
 155:Core/Src/can_protocol.c ****     tx_header.StdId = CAN_HEARTBEAT_ID;
 156:Core/Src/can_protocol.c ****     tx_header.IDE = CAN_ID_STD;
 157:Core/Src/can_protocol.c ****     tx_header.RTR = CAN_RTR_DATA;
 158:Core/Src/can_protocol.c ****     tx_header.DLC = 8;
 159:Core/Src/can_protocol.c ****     tx_header.TransmitGlobalTime = DISABLE;
 160:Core/Src/can_protocol.c **** 
 161:Core/Src/can_protocol.c ****     status = HAL_CAN_AddTxMessage(can_handle, &tx_header, payload, &tx_mailbox);
 162:Core/Src/can_protocol.c ****     if (status == HAL_OK) {
 163:Core/Src/can_protocol.c ****         g_can_stats.tx_heartbeat_ok++;
 164:Core/Src/can_protocol.c ****     } else {
 165:Core/Src/can_protocol.c ****         g_can_stats.tx_heartbeat_fail++;
 166:Core/Src/can_protocol.c ****     }
 167:Core/Src/can_protocol.c ****     return status;
 168:Core/Src/can_protocol.c **** }
 169:Core/Src/can_protocol.c **** 
 170:Core/Src/can_protocol.c **** /* HAL_CAN_AddTxMessage only proves that a
 171:Core/Src/can_protocol.c ****  * mailbox accepted the frame, not that it won arbitration and received a CAN
 172:Core/Src/can_protocol.c ****  * ACK. The shot queue may be popped only after TXOK. */
 173:Core/Src/can_protocol.c **** static HAL_StatusTypeDef send_frame_confirmed(const CAN_TxHeaderTypeDef *header,
 174:Core/Src/can_protocol.c ****                                               uint8_t *payload)
 175:Core/Src/can_protocol.c **** {
 176:Core/Src/can_protocol.c ****     uint32_t mailbox = 0U;
 177:Core/Src/can_protocol.c ****     uint32_t rqcp;
 178:Core/Src/can_protocol.c ****     uint32_t txok;
 179:Core/Src/can_protocol.c ****     uint32_t started;
 180:Core/Src/can_protocol.c **** 
 181:Core/Src/can_protocol.c ****     if (can_handle == NULL || header == NULL ||
 182:Core/Src/can_protocol.c ****         HAL_CAN_GetState(can_handle) != HAL_CAN_STATE_LISTENING ||
 183:Core/Src/can_protocol.c ****         (can_handle->Instance->ESR & CAN_ESR_BOFF) != 0U) {
 184:Core/Src/can_protocol.c ****         return HAL_ERROR;
 185:Core/Src/can_protocol.c ****     }
 186:Core/Src/can_protocol.c ****     if (HAL_CAN_AddTxMessage(can_handle, (CAN_TxHeaderTypeDef *)header,
 187:Core/Src/can_protocol.c ****                              payload, &mailbox) != HAL_OK) {
 188:Core/Src/can_protocol.c ****         return HAL_ERROR;
 189:Core/Src/can_protocol.c ****     }
 190:Core/Src/can_protocol.c ****     if (mailbox == CAN_TX_MAILBOX0) {
 191:Core/Src/can_protocol.c ****         rqcp = CAN_TSR_RQCP0; txok = CAN_TSR_TXOK0;
 192:Core/Src/can_protocol.c ****     } else if (mailbox == CAN_TX_MAILBOX1) {
 193:Core/Src/can_protocol.c ****         rqcp = CAN_TSR_RQCP1; txok = CAN_TSR_TXOK1;
 194:Core/Src/can_protocol.c ****     } else if (mailbox == CAN_TX_MAILBOX2) {
 195:Core/Src/can_protocol.c ****         rqcp = CAN_TSR_RQCP2; txok = CAN_TSR_TXOK2;
 196:Core/Src/can_protocol.c ****     } else {
 197:Core/Src/can_protocol.c ****         return HAL_ERROR;
 198:Core/Src/can_protocol.c ****     }
 199:Core/Src/can_protocol.c ****     started = HAL_GetTick();
 200:Core/Src/can_protocol.c ****     while ((can_handle->Instance->TSR & rqcp) == 0U) {
 201:Core/Src/can_protocol.c ****         if ((can_handle->Instance->ESR & CAN_ESR_BOFF) != 0U ||
 202:Core/Src/can_protocol.c ****             (uint32_t)(HAL_GetTick() - started) >= CAN_PROTOCOL_TX_TIMEOUT_MS) {
 203:Core/Src/can_protocol.c ****             (void)HAL_CAN_AbortTxRequest(can_handle, mailbox);
 204:Core/Src/can_protocol.c ****             return HAL_TIMEOUT;
 205:Core/Src/can_protocol.c ****         }
 206:Core/Src/can_protocol.c ****     }
ARM GAS  C:\Users\24705\AppData\Local\Temp\ccBRba3t.s 			page 7


 207:Core/Src/can_protocol.c ****     if ((can_handle->Instance->TSR & txok) == 0U) {
 208:Core/Src/can_protocol.c ****         can_handle->Instance->TSR = rqcp;
 209:Core/Src/can_protocol.c ****         return HAL_ERROR;
 210:Core/Src/can_protocol.c ****     }
 211:Core/Src/can_protocol.c ****     can_handle->Instance->TSR = rqcp;
 212:Core/Src/can_protocol.c ****     return HAL_OK;
 213:Core/Src/can_protocol.c **** }
 214:Core/Src/can_protocol.c **** 
 215:Core/Src/can_protocol.c **** /* ---- Send one valid-shot event (0x230) ------------------------------- */
 216:Core/Src/can_protocol.c **** HAL_StatusTypeDef CANProtocol_SendShotEvent(const ShootEvent_t *event)
 217:Core/Src/can_protocol.c **** {
 218:Core/Src/can_protocol.c ****     CAN_TxHeaderTypeDef tx_header = {0};
 219:Core/Src/can_protocol.c ****     uint8_t payload[8] = {0};
 220:Core/Src/can_protocol.c ****     uint16_t speed_cmps;
 221:Core/Src/can_protocol.c **** 
 222:Core/Src/can_protocol.c ****     if (event == NULL || can_handle == NULL ||
 223:Core/Src/can_protocol.c ****         HAL_CAN_GetState(can_handle) != HAL_CAN_STATE_LISTENING) {
 224:Core/Src/can_protocol.c ****         g_can_stats.tx_shot_event_fail++;
 225:Core/Src/can_protocol.c ****         return HAL_ERROR;
 226:Core/Src/can_protocol.c ****     }
 227:Core/Src/can_protocol.c **** 
 228:Core/Src/can_protocol.c ****     speed_cmps = (uint16_t)(event->speed_mps * 100.0f + 0.5f);
 229:Core/Src/can_protocol.c ****     payload[0] = (uint8_t)(event->shot_count >> 0);
 230:Core/Src/can_protocol.c ****     payload[1] = (uint8_t)(event->shot_count >> 8);
 231:Core/Src/can_protocol.c ****     payload[2] = (uint8_t)(event->shot_count >> 16);
 232:Core/Src/can_protocol.c ****     payload[3] = (uint8_t)(event->shot_count >> 24);
 233:Core/Src/can_protocol.c ****     payload[4] = (uint8_t)(speed_cmps >> 0);
 234:Core/Src/can_protocol.c ****     payload[5] = (uint8_t)(speed_cmps >> 8);
 235:Core/Src/can_protocol.c ****     payload[6] = (uint8_t)(event->barrel_mask & 0x1FU);
 236:Core/Src/can_protocol.c ****     payload[7] = event->heat_level;
 237:Core/Src/can_protocol.c **** 
 238:Core/Src/can_protocol.c ****     tx_header.StdId = CAN_SHOT_EVENT_ID;
 239:Core/Src/can_protocol.c ****     tx_header.IDE = CAN_ID_STD;
 240:Core/Src/can_protocol.c ****     tx_header.RTR = CAN_RTR_DATA;
 241:Core/Src/can_protocol.c ****     tx_header.DLC = 8;
 242:Core/Src/can_protocol.c ****     tx_header.TransmitGlobalTime = DISABLE;
 243:Core/Src/can_protocol.c **** 
 244:Core/Src/can_protocol.c ****     HAL_StatusTypeDef status = send_frame_confirmed(&tx_header, payload);
 245:Core/Src/can_protocol.c ****     if (status == HAL_OK) {
 246:Core/Src/can_protocol.c ****         g_can_stats.tx_shot_event_ok++;
 247:Core/Src/can_protocol.c ****     } else {
 248:Core/Src/can_protocol.c ****         g_can_stats.tx_shot_event_fail++;
 249:Core/Src/can_protocol.c ****     }
 250:Core/Src/can_protocol.c ****     return status;
 251:Core/Src/can_protocol.c **** }
 252:Core/Src/can_protocol.c **** 
 253:Core/Src/can_protocol.c **** /* ---- Send shoot status response (0x232) --------------------------------- */
 254:Core/Src/can_protocol.c **** static HAL_StatusTypeDef send_shoot_report(void)
 255:Core/Src/can_protocol.c **** {
 256:Core/Src/can_protocol.c ****     CAN_TxHeaderTypeDef  tx_header;
 257:Core/Src/can_protocol.c ****     CAN_ShootReport_t    payload;
 258:Core/Src/can_protocol.c ****     uint32_t             primask;
 259:Core/Src/can_protocol.c **** 
 260:Core/Src/can_protocol.c ****     /* Snapshot all fields together; this function is called from CAN IRQ while
 261:Core/Src/can_protocol.c ****        the main loop refreshes shoot_data periodically. */
 262:Core/Src/can_protocol.c ****     primask = __get_PRIMASK();
 263:Core/Src/can_protocol.c ****     __disable_irq();
ARM GAS  C:\Users\24705\AppData\Local\Temp\ccBRba3t.s 			page 8


 264:Core/Src/can_protocol.c ****     payload.shot_count      = shoot_data.shot_count;
 265:Core/Src/can_protocol.c ****     payload.last_speed_cmps = (uint16_t)(shoot_data.last_speed_mps * 100.0f
 266:Core/Src/can_protocol.c ****                                          + 0.5f);
 267:Core/Src/can_protocol.c ****     payload.barrel_mask     = shoot_data.barrel_mask;
 268:Core/Src/can_protocol.c ****     payload.heat_level      = shoot_data.heat_level;
 269:Core/Src/can_protocol.c ****     __set_PRIMASK(primask);
 270:Core/Src/can_protocol.c **** 
 271:Core/Src/can_protocol.c ****     tx_header.StdId              = CAN_BOARD_RESPONSE_ID;
 272:Core/Src/can_protocol.c ****     tx_header.ExtId              = 0;
 273:Core/Src/can_protocol.c ****     tx_header.IDE                = CAN_ID_STD;
 274:Core/Src/can_protocol.c ****     tx_header.RTR                = CAN_RTR_DATA;
 275:Core/Src/can_protocol.c ****     tx_header.DLC                = sizeof(CAN_ShootReport_t);
 276:Core/Src/can_protocol.c ****     tx_header.TransmitGlobalTime = DISABLE;
 277:Core/Src/can_protocol.c **** 
 278:Core/Src/can_protocol.c ****     HAL_StatusTypeDef status = send_frame_confirmed(&tx_header, (uint8_t *)&payload);
 279:Core/Src/can_protocol.c ****     if (status == HAL_OK) {
 280:Core/Src/can_protocol.c ****         g_can_stats.tx_status_ok++;
 281:Core/Src/can_protocol.c ****     } else {
 282:Core/Src/can_protocol.c ****         g_can_stats.tx_status_fail++;
 283:Core/Src/can_protocol.c ****     }
 284:Core/Src/can_protocol.c ****     return status;
 285:Core/Src/can_protocol.c **** }
 286:Core/Src/can_protocol.c **** 
 287:Core/Src/can_protocol.c **** void CANProtocol_Task(void)
 288:Core/Src/can_protocol.c **** {
 289:Core/Src/can_protocol.c ****     uint32_t primask;
 290:Core/Src/can_protocol.c ****     uint8_t have_request;
 291:Core/Src/can_protocol.c **** 
 292:Core/Src/can_protocol.c ****     primask = __get_PRIMASK();
 293:Core/Src/can_protocol.c ****     __disable_irq();
 294:Core/Src/can_protocol.c ****     have_request = shoot_report_request_count;
 295:Core/Src/can_protocol.c ****     __set_PRIMASK(primask);
 296:Core/Src/can_protocol.c ****     if (have_request == 0U || send_shoot_report() != HAL_OK) {
 297:Core/Src/can_protocol.c ****         return;
 298:Core/Src/can_protocol.c ****     }
 299:Core/Src/can_protocol.c **** 
 300:Core/Src/can_protocol.c ****     primask = __get_PRIMASK();
 301:Core/Src/can_protocol.c ****     __disable_irq();
 302:Core/Src/can_protocol.c ****     if (shoot_report_request_count != 0U) {
 303:Core/Src/can_protocol.c ****         shoot_report_request_count--;
 304:Core/Src/can_protocol.c ****     }
 305:Core/Src/can_protocol.c ****     __set_PRIMASK(primask);
 306:Core/Src/can_protocol.c **** }
 307:Core/Src/can_protocol.c **** 
 308:Core/Src/can_protocol.c **** /* ---- LED command handler ------------------------------------------------ */
 309:Core/Src/can_protocol.c **** static bool handle_led_cmd(const CAN_LedCmd_t *rx)
 310:Core/Src/can_protocol.c **** {
 311:Core/Src/can_protocol.c ****     switch (rx->cmd) {
 312:Core/Src/can_protocol.c ****     case CAN_LED_TEAM_RED:
 313:Core/Src/can_protocol.c ****         led_cmd.source = LED_SRC_DEBUG;
 314:Core/Src/can_protocol.c ****         led_cmd.cmd    = CAN_LED_TEAM_RED;
 315:Core/Src/can_protocol.c ****         led_cmd.team   = 0;
 316:Core/Src/can_protocol.c ****         break;
 317:Core/Src/can_protocol.c ****     case CAN_LED_TEAM_BLUE:
 318:Core/Src/can_protocol.c ****         led_cmd.source = LED_SRC_DEBUG;
 319:Core/Src/can_protocol.c ****         led_cmd.cmd    = CAN_LED_TEAM_BLUE;
 320:Core/Src/can_protocol.c ****         led_cmd.team   = 1;
ARM GAS  C:\Users\24705\AppData\Local\Temp\ccBRba3t.s 			page 9


 321:Core/Src/can_protocol.c ****         break;
 322:Core/Src/can_protocol.c ****     case CAN_LED_HEAT_DATA:
 323:Core/Src/can_protocol.c ****         if (!Thermal_SetHeat(rx->heat_data, HAL_GetTick())) {
 324:Core/Src/can_protocol.c ****             return false;
 325:Core/Src/can_protocol.c ****         }
 326:Core/Src/can_protocol.c ****         /* The heat-bar display remains in automatic mode and follows the
 327:Core/Src/can_protocol.c ****            locally maintained thermal value as it subsequently cools. */
 328:Core/Src/can_protocol.c ****         led_cmd.source = LED_SRC_NORMAL;
 329:Core/Src/can_protocol.c ****         led_cmd.cmd = CAN_LED_NORMAL;
 330:Core/Src/can_protocol.c ****         led_cmd.heat_data = rx->heat_data;
 331:Core/Src/can_protocol.c ****         break;
 332:Core/Src/can_protocol.c ****     case CAN_LED_TEST_GREEN:
 333:Core/Src/can_protocol.c ****     case CAN_LED_TEST_RED:
 334:Core/Src/can_protocol.c ****     case CAN_LED_TEST_BLUE:
 335:Core/Src/can_protocol.c ****     case CAN_LED_TEST_OFF:
 336:Core/Src/can_protocol.c ****         led_cmd.source = LED_SRC_DEBUG;
 337:Core/Src/can_protocol.c ****         led_cmd.cmd    = rx->cmd;
 338:Core/Src/can_protocol.c ****         break;
 339:Core/Src/can_protocol.c ****     case CAN_LED_NORMAL:
 340:Core/Src/can_protocol.c ****         led_cmd.source = LED_SRC_NORMAL;
 341:Core/Src/can_protocol.c ****         led_cmd.cmd    = 0;
 342:Core/Src/can_protocol.c ****         break;
 343:Core/Src/can_protocol.c ****     default:
 344:Core/Src/can_protocol.c ****         return false;
 345:Core/Src/can_protocol.c ****     }
 346:Core/Src/can_protocol.c ****     return true;
 347:Core/Src/can_protocol.c **** }
 348:Core/Src/can_protocol.c **** 
 349:Core/Src/can_protocol.c **** /* ---- Acknowledge one accepted LED command (0x234) ---------------------- */
 350:Core/Src/can_protocol.c **** static void send_led_ack(CAN_HandleTypeDef *hcan, const uint8_t *payload)
 351:Core/Src/can_protocol.c **** {
 127              		.loc 1 351 1 is_stmt 1 view -0
 128              		.cfi_startproc
 129              		@ args = 0, pretend = 0, frame = 32
 130              		@ frame_needed = 0, uses_anonymous_args = 0
 131              		.loc 1 351 1 is_stmt 0 view .LVU30
 132 0000 70B5     		push	{r4, r5, r6, lr}
 133              	.LCFI2:
 134              		.cfi_def_cfa_offset 16
 135              		.cfi_offset 4, -16
 136              		.cfi_offset 5, -12
 137              		.cfi_offset 6, -8
 138              		.cfi_offset 14, -4
 139 0002 88B0     		sub	sp, sp, #32
 140              	.LCFI3:
 141              		.cfi_def_cfa_offset 48
 142 0004 0400     		movs	r4, r0
 143 0006 0E00     		movs	r6, r1
 352:Core/Src/can_protocol.c ****     CAN_TxHeaderTypeDef tx_header = {0};
 144              		.loc 1 352 5 is_stmt 1 view .LVU31
 145              		.loc 1 352 25 is_stmt 0 view .LVU32
 146 0008 02AD     		add	r5, sp, #8
 147 000a 1822     		movs	r2, #24
 148 000c 0021     		movs	r1, #0
 149              	.LVL8:
 150              		.loc 1 352 25 view .LVU33
 151 000e 2800     		movs	r0, r5
ARM GAS  C:\Users\24705\AppData\Local\Temp\ccBRba3t.s 			page 10


 152              	.LVL9:
 153              		.loc 1 352 25 view .LVU34
 154 0010 FFF7FEFF 		bl	memset
 155              	.LVL10:
 353:Core/Src/can_protocol.c ****     uint32_t tx_mailbox = 0;
 156              		.loc 1 353 5 is_stmt 1 view .LVU35
 157              		.loc 1 353 14 is_stmt 0 view .LVU36
 158 0014 0023     		movs	r3, #0
 159 0016 0193     		str	r3, [sp, #4]
 354:Core/Src/can_protocol.c **** 
 355:Core/Src/can_protocol.c ****     tx_header.StdId = CAN_LED_ACK_ID;
 160              		.loc 1 355 5 is_stmt 1 view .LVU37
 161              		.loc 1 355 21 is_stmt 0 view .LVU38
 162 0018 8D23     		movs	r3, #141
 163 001a 9B00     		lsls	r3, r3, #2
 164 001c 0293     		str	r3, [sp, #8]
 356:Core/Src/can_protocol.c ****     tx_header.IDE = CAN_ID_STD;
 165              		.loc 1 356 5 is_stmt 1 view .LVU39
 357:Core/Src/can_protocol.c ****     tx_header.RTR = CAN_RTR_DATA;
 166              		.loc 1 357 5 view .LVU40
 358:Core/Src/can_protocol.c ****     tx_header.DLC = 8;
 167              		.loc 1 358 5 view .LVU41
 168              		.loc 1 358 19 is_stmt 0 view .LVU42
 169 001e 0823     		movs	r3, #8
 170 0020 0693     		str	r3, [sp, #24]
 359:Core/Src/can_protocol.c ****     tx_header.TransmitGlobalTime = DISABLE;
 171              		.loc 1 359 5 is_stmt 1 view .LVU43
 360:Core/Src/can_protocol.c **** 
 361:Core/Src/can_protocol.c ****     if (HAL_CAN_AddTxMessage(hcan, &tx_header, (uint8_t *)payload,
 172              		.loc 1 361 5 view .LVU44
 173              		.loc 1 361 9 is_stmt 0 view .LVU45
 174 0022 01AB     		add	r3, sp, #4
 175 0024 3200     		movs	r2, r6
 176 0026 2900     		movs	r1, r5
 177 0028 2000     		movs	r0, r4
 178 002a FFF7FEFF 		bl	HAL_CAN_AddTxMessage
 179              	.LVL11:
 180              		.loc 1 361 8 discriminator 1 view .LVU46
 181 002e 0028     		cmp	r0, #0
 182 0030 05D1     		bne	.L8
 362:Core/Src/can_protocol.c ****                              &tx_mailbox) == HAL_OK) {
 363:Core/Src/can_protocol.c ****         g_can_stats.tx_led_ack_ok++;
 183              		.loc 1 363 9 is_stmt 1 view .LVU47
 184              		.loc 1 363 20 is_stmt 0 view .LVU48
 185 0032 054A     		ldr	r2, .L10
 186 0034 1369     		ldr	r3, [r2, #16]
 187              		.loc 1 363 34 view .LVU49
 188 0036 0133     		adds	r3, r3, #1
 189 0038 1361     		str	r3, [r2, #16]
 190              	.L7:
 364:Core/Src/can_protocol.c ****     } else {
 365:Core/Src/can_protocol.c ****         g_can_stats.tx_led_ack_fail++;
 366:Core/Src/can_protocol.c ****     }
 367:Core/Src/can_protocol.c **** }
 191              		.loc 1 367 1 view .LVU50
 192 003a 08B0     		add	sp, sp, #32
 193              		@ sp needed
ARM GAS  C:\Users\24705\AppData\Local\Temp\ccBRba3t.s 			page 11


 194              	.LVL12:
 195              	.LVL13:
 196              		.loc 1 367 1 view .LVU51
 197 003c 70BD     		pop	{r4, r5, r6, pc}
 198              	.LVL14:
 199              	.L8:
 365:Core/Src/can_protocol.c ****     }
 200              		.loc 1 365 9 is_stmt 1 view .LVU52
 365:Core/Src/can_protocol.c ****     }
 201              		.loc 1 365 20 is_stmt 0 view .LVU53
 202 003e 024A     		ldr	r2, .L10
 203 0040 5369     		ldr	r3, [r2, #20]
 365:Core/Src/can_protocol.c ****     }
 204              		.loc 1 365 36 view .LVU54
 205 0042 0133     		adds	r3, r3, #1
 206 0044 5361     		str	r3, [r2, #20]
 207              		.loc 1 367 1 view .LVU55
 208 0046 F8E7     		b	.L7
 209              	.L11:
 210              		.align	2
 211              	.L10:
 212 0048 00000000 		.word	g_can_stats
 213              		.cfi_endproc
 214              	.LFE55:
 216              		.section	.text.send_frame_confirmed,"ax",%progbits
 217              		.align	1
 218              		.syntax unified
 219              		.code	16
 220              		.thumb_func
 222              	send_frame_confirmed:
 223              	.LVL15:
 224              	.LFB50:
 175:Core/Src/can_protocol.c ****     uint32_t mailbox = 0U;
 225              		.loc 1 175 1 is_stmt 1 view -0
 226              		.cfi_startproc
 227              		@ args = 0, pretend = 0, frame = 8
 228              		@ frame_needed = 0, uses_anonymous_args = 0
 175:Core/Src/can_protocol.c ****     uint32_t mailbox = 0U;
 229              		.loc 1 175 1 is_stmt 0 view .LVU57
 230 0000 F0B5     		push	{r4, r5, r6, r7, lr}
 231              	.LCFI4:
 232              		.cfi_def_cfa_offset 20
 233              		.cfi_offset 4, -20
 234              		.cfi_offset 5, -16
 235              		.cfi_offset 6, -12
 236              		.cfi_offset 7, -8
 237              		.cfi_offset 14, -4
 238 0002 83B0     		sub	sp, sp, #12
 239              	.LCFI5:
 240              		.cfi_def_cfa_offset 32
 241 0004 0500     		movs	r5, r0
 242 0006 0C00     		movs	r4, r1
 176:Core/Src/can_protocol.c ****     uint32_t rqcp;
 243              		.loc 1 176 5 is_stmt 1 view .LVU58
 176:Core/Src/can_protocol.c ****     uint32_t rqcp;
 244              		.loc 1 176 14 is_stmt 0 view .LVU59
 245 0008 0023     		movs	r3, #0
ARM GAS  C:\Users\24705\AppData\Local\Temp\ccBRba3t.s 			page 12


 246 000a 0193     		str	r3, [sp, #4]
 177:Core/Src/can_protocol.c ****     uint32_t txok;
 247              		.loc 1 177 5 is_stmt 1 view .LVU60
 178:Core/Src/can_protocol.c ****     uint32_t started;
 248              		.loc 1 178 5 view .LVU61
 179:Core/Src/can_protocol.c **** 
 249              		.loc 1 179 5 view .LVU62
 181:Core/Src/can_protocol.c ****         HAL_CAN_GetState(can_handle) != HAL_CAN_STATE_LISTENING ||
 250              		.loc 1 181 5 view .LVU63
 181:Core/Src/can_protocol.c ****         HAL_CAN_GetState(can_handle) != HAL_CAN_STATE_LISTENING ||
 251              		.loc 1 181 20 is_stmt 0 view .LVU64
 252 000c 284B     		ldr	r3, .L28
 253 000e 1868     		ldr	r0, [r3]
 254              	.LVL16:
 181:Core/Src/can_protocol.c ****         HAL_CAN_GetState(can_handle) != HAL_CAN_STATE_LISTENING ||
 255              		.loc 1 181 8 view .LVU65
 256 0010 0028     		cmp	r0, #0
 257 0012 0BD0     		beq	.L13
 181:Core/Src/can_protocol.c ****         HAL_CAN_GetState(can_handle) != HAL_CAN_STATE_LISTENING ||
 258              		.loc 1 181 28 discriminator 1 view .LVU66
 259 0014 002D     		cmp	r5, #0
 260 0016 09D0     		beq	.L13
 182:Core/Src/can_protocol.c ****         (can_handle->Instance->ESR & CAN_ESR_BOFF) != 0U) {
 261              		.loc 1 182 9 view .LVU67
 262 0018 FFF7FEFF 		bl	HAL_CAN_GetState
 263              	.LVL17:
 181:Core/Src/can_protocol.c ****         HAL_CAN_GetState(can_handle) != HAL_CAN_STATE_LISTENING ||
 264              		.loc 1 181 46 discriminator 2 view .LVU68
 265 001c 0228     		cmp	r0, #2
 266 001e 05D1     		bne	.L13
 183:Core/Src/can_protocol.c ****         return HAL_ERROR;
 267              		.loc 1 183 20 view .LVU69
 268 0020 234B     		ldr	r3, .L28
 269 0022 1868     		ldr	r0, [r3]
 270 0024 0368     		ldr	r3, [r0]
 183:Core/Src/can_protocol.c ****         return HAL_ERROR;
 271              		.loc 1 183 30 view .LVU70
 272 0026 9B69     		ldr	r3, [r3, #24]
 182:Core/Src/can_protocol.c ****         (can_handle->Instance->ESR & CAN_ESR_BOFF) != 0U) {
 273              		.loc 1 182 65 view .LVU71
 274 0028 5B07     		lsls	r3, r3, #29
 275 002a 03D5     		bpl	.L14
 276              	.L13:
 184:Core/Src/can_protocol.c ****     }
 277              		.loc 1 184 9 is_stmt 1 view .LVU72
 184:Core/Src/can_protocol.c ****     }
 278              		.loc 1 184 16 is_stmt 0 view .LVU73
 279 002c 0124     		movs	r4, #1
 280              	.LVL18:
 281              	.L15:
 213:Core/Src/can_protocol.c **** 
 282              		.loc 1 213 1 view .LVU74
 283 002e 2000     		movs	r0, r4
 284 0030 03B0     		add	sp, sp, #12
 285              		@ sp needed
 286 0032 F0BD     		pop	{r4, r5, r6, r7, pc}
 287              	.LVL19:
ARM GAS  C:\Users\24705\AppData\Local\Temp\ccBRba3t.s 			page 13


 288              	.L14:
 186:Core/Src/can_protocol.c ****                              payload, &mailbox) != HAL_OK) {
 289              		.loc 1 186 5 is_stmt 1 view .LVU75
 186:Core/Src/can_protocol.c ****                              payload, &mailbox) != HAL_OK) {
 290              		.loc 1 186 9 is_stmt 0 view .LVU76
 291 0034 01AB     		add	r3, sp, #4
 292 0036 2200     		movs	r2, r4
 293 0038 2900     		movs	r1, r5
 294 003a FFF7FEFF 		bl	HAL_CAN_AddTxMessage
 295              	.LVL20:
 296 003e 041E     		subs	r4, r0, #0
 297              	.LVL21:
 186:Core/Src/can_protocol.c ****                              payload, &mailbox) != HAL_OK) {
 298              		.loc 1 186 8 discriminator 1 view .LVU77
 299 0040 31D1     		bne	.L21
 190:Core/Src/can_protocol.c ****         rqcp = CAN_TSR_RQCP0; txok = CAN_TSR_TXOK0;
 300              		.loc 1 190 5 is_stmt 1 view .LVU78
 190:Core/Src/can_protocol.c ****         rqcp = CAN_TSR_RQCP0; txok = CAN_TSR_TXOK0;
 301              		.loc 1 190 17 is_stmt 0 view .LVU79
 302 0042 019D     		ldr	r5, [sp, #4]
 303              	.LVL22:
 190:Core/Src/can_protocol.c ****         rqcp = CAN_TSR_RQCP0; txok = CAN_TSR_TXOK0;
 304              		.loc 1 190 17 view .LVU80
 305 0044 022D     		cmp	r5, #2
 306 0046 1CD0     		beq	.L22
 307 0048 042D     		cmp	r5, #4
 308 004a 1FD0     		beq	.L23
 309 004c 012D     		cmp	r5, #1
 310 004e 2CD1     		bne	.L24
 311 0050 0227     		movs	r7, #2
 312              	.L16:
 313              	.LVL23:
 199:Core/Src/can_protocol.c ****     while ((can_handle->Instance->TSR & rqcp) == 0U) {
 314              		.loc 1 199 5 is_stmt 1 view .LVU81
 199:Core/Src/can_protocol.c ****     while ((can_handle->Instance->TSR & rqcp) == 0U) {
 315              		.loc 1 199 15 is_stmt 0 view .LVU82
 316 0052 FFF7FEFF 		bl	HAL_GetTick
 317              	.LVL24:
 318 0056 0600     		movs	r6, r0
 319              	.LVL25:
 200:Core/Src/can_protocol.c ****         if ((can_handle->Instance->ESR & CAN_ESR_BOFF) != 0U ||
 320              		.loc 1 200 5 is_stmt 1 view .LVU83
 321              	.L17:
 200:Core/Src/can_protocol.c ****         if ((can_handle->Instance->ESR & CAN_ESR_BOFF) != 0U ||
 322              		.loc 1 200 47 view .LVU84
 200:Core/Src/can_protocol.c ****         if ((can_handle->Instance->ESR & CAN_ESR_BOFF) != 0U ||
 323              		.loc 1 200 23 is_stmt 0 view .LVU85
 324 0058 154B     		ldr	r3, .L28
 325 005a 1B68     		ldr	r3, [r3]
 326 005c 1B68     		ldr	r3, [r3]
 200:Core/Src/can_protocol.c ****         if ((can_handle->Instance->ESR & CAN_ESR_BOFF) != 0U ||
 327              		.loc 1 200 33 view .LVU86
 328 005e 9A68     		ldr	r2, [r3, #8]
 200:Core/Src/can_protocol.c ****         if ((can_handle->Instance->ESR & CAN_ESR_BOFF) != 0U ||
 329              		.loc 1 200 47 view .LVU87
 330 0060 1542     		tst	r5, r2
 331 0062 18D1     		bne	.L26
ARM GAS  C:\Users\24705\AppData\Local\Temp\ccBRba3t.s 			page 14


 201:Core/Src/can_protocol.c ****             (uint32_t)(HAL_GetTick() - started) >= CAN_PROTOCOL_TX_TIMEOUT_MS) {
 332              		.loc 1 201 9 is_stmt 1 view .LVU88
 201:Core/Src/can_protocol.c ****             (uint32_t)(HAL_GetTick() - started) >= CAN_PROTOCOL_TX_TIMEOUT_MS) {
 333              		.loc 1 201 34 is_stmt 0 view .LVU89
 334 0064 9B69     		ldr	r3, [r3, #24]
 201:Core/Src/can_protocol.c ****             (uint32_t)(HAL_GetTick() - started) >= CAN_PROTOCOL_TX_TIMEOUT_MS) {
 335              		.loc 1 201 12 view .LVU90
 336 0066 5B07     		lsls	r3, r3, #29
 337 0068 04D4     		bmi	.L18
 202:Core/Src/can_protocol.c ****             (void)HAL_CAN_AbortTxRequest(can_handle, mailbox);
 338              		.loc 1 202 24 view .LVU91
 339 006a FFF7FEFF 		bl	HAL_GetTick
 340              	.LVL26:
 202:Core/Src/can_protocol.c ****             (void)HAL_CAN_AbortTxRequest(can_handle, mailbox);
 341              		.loc 1 202 38 discriminator 1 view .LVU92
 342 006e 801B     		subs	r0, r0, r6
 201:Core/Src/can_protocol.c ****             (uint32_t)(HAL_GetTick() - started) >= CAN_PROTOCOL_TX_TIMEOUT_MS) {
 343              		.loc 1 201 62 discriminator 1 view .LVU93
 344 0070 0128     		cmp	r0, #1
 345 0072 F1D9     		bls	.L17
 346              	.L18:
 203:Core/Src/can_protocol.c ****             return HAL_TIMEOUT;
 347              		.loc 1 203 13 is_stmt 1 view .LVU94
 348 0074 0E4B     		ldr	r3, .L28
 349 0076 1868     		ldr	r0, [r3]
 350 0078 0199     		ldr	r1, [sp, #4]
 203:Core/Src/can_protocol.c ****             return HAL_TIMEOUT;
 351              		.loc 1 203 19 is_stmt 0 view .LVU95
 352 007a FFF7FEFF 		bl	HAL_CAN_AbortTxRequest
 353              	.LVL27:
 204:Core/Src/can_protocol.c ****         }
 354              		.loc 1 204 13 is_stmt 1 view .LVU96
 204:Core/Src/can_protocol.c ****         }
 355              		.loc 1 204 20 is_stmt 0 view .LVU97
 356 007e 0324     		movs	r4, #3
 357 0080 D5E7     		b	.L15
 358              	.LVL28:
 359              	.L22:
 190:Core/Src/can_protocol.c ****         rqcp = CAN_TSR_RQCP0; txok = CAN_TSR_TXOK0;
 360              		.loc 1 190 17 view .LVU98
 361 0082 8027     		movs	r7, #128
 362 0084 BF00     		lsls	r7, r7, #2
 363 0086 8025     		movs	r5, #128
 364 0088 6D00     		lsls	r5, r5, #1
 365 008a E2E7     		b	.L16
 366              	.L23:
 367 008c 8027     		movs	r7, #128
 368 008e BF02     		lsls	r7, r7, #10
 369 0090 8025     		movs	r5, #128
 370 0092 6D02     		lsls	r5, r5, #9
 371 0094 DDE7     		b	.L16
 372              	.LVL29:
 373              	.L26:
 207:Core/Src/can_protocol.c ****         can_handle->Instance->TSR = rqcp;
 374              		.loc 1 207 5 is_stmt 1 view .LVU99
 207:Core/Src/can_protocol.c ****         can_handle->Instance->TSR = rqcp;
 375              		.loc 1 207 30 is_stmt 0 view .LVU100
ARM GAS  C:\Users\24705\AppData\Local\Temp\ccBRba3t.s 			page 15


 376 0096 9A68     		ldr	r2, [r3, #8]
 207:Core/Src/can_protocol.c ****         can_handle->Instance->TSR = rqcp;
 377              		.loc 1 207 8 view .LVU101
 378 0098 1742     		tst	r7, r2
 379 009a 01D0     		beq	.L27
 211:Core/Src/can_protocol.c ****     return HAL_OK;
 380              		.loc 1 211 5 is_stmt 1 view .LVU102
 211:Core/Src/can_protocol.c ****     return HAL_OK;
 381              		.loc 1 211 31 is_stmt 0 view .LVU103
 382 009c 9D60     		str	r5, [r3, #8]
 212:Core/Src/can_protocol.c **** }
 383              		.loc 1 212 5 is_stmt 1 view .LVU104
 212:Core/Src/can_protocol.c **** }
 384              		.loc 1 212 12 is_stmt 0 view .LVU105
 385 009e C6E7     		b	.L15
 386              	.L27:
 208:Core/Src/can_protocol.c ****         return HAL_ERROR;
 387              		.loc 1 208 9 is_stmt 1 view .LVU106
 208:Core/Src/can_protocol.c ****         return HAL_ERROR;
 388              		.loc 1 208 35 is_stmt 0 view .LVU107
 389 00a0 9D60     		str	r5, [r3, #8]
 209:Core/Src/can_protocol.c ****     }
 390              		.loc 1 209 9 is_stmt 1 view .LVU108
 209:Core/Src/can_protocol.c ****     }
 391              		.loc 1 209 16 is_stmt 0 view .LVU109
 392 00a2 0124     		movs	r4, #1
 393 00a4 C3E7     		b	.L15
 394              	.LVL30:
 395              	.L21:
 188:Core/Src/can_protocol.c ****     }
 396              		.loc 1 188 16 view .LVU110
 397 00a6 0124     		movs	r4, #1
 398 00a8 C1E7     		b	.L15
 399              	.LVL31:
 400              	.L24:
 190:Core/Src/can_protocol.c ****         rqcp = CAN_TSR_RQCP0; txok = CAN_TSR_TXOK0;
 401              		.loc 1 190 17 view .LVU111
 402 00aa 0124     		movs	r4, #1
 403 00ac BFE7     		b	.L15
 404              	.L29:
 405 00ae C046     		.align	2
 406              	.L28:
 407 00b0 00000000 		.word	can_handle
 408              		.cfi_endproc
 409              	.LFE50:
 411              		.section	.text.send_shoot_report,"ax",%progbits
 412              		.align	1
 413              		.syntax unified
 414              		.code	16
 415              		.thumb_func
 417              	send_shoot_report:
 418              	.LFB52:
 255:Core/Src/can_protocol.c ****     CAN_TxHeaderTypeDef  tx_header;
 419              		.loc 1 255 1 is_stmt 1 view -0
 420              		.cfi_startproc
 421              		@ args = 0, pretend = 0, frame = 32
 422              		@ frame_needed = 0, uses_anonymous_args = 0
ARM GAS  C:\Users\24705\AppData\Local\Temp\ccBRba3t.s 			page 16


 423 0000 70B5     		push	{r4, r5, r6, lr}
 424              	.LCFI6:
 425              		.cfi_def_cfa_offset 16
 426              		.cfi_offset 4, -16
 427              		.cfi_offset 5, -12
 428              		.cfi_offset 6, -8
 429              		.cfi_offset 14, -4
 430 0002 88B0     		sub	sp, sp, #32
 431              	.LCFI7:
 432              		.cfi_def_cfa_offset 48
 256:Core/Src/can_protocol.c ****     CAN_ShootReport_t    payload;
 433              		.loc 1 256 5 view .LVU113
 257:Core/Src/can_protocol.c ****     uint32_t             primask;
 434              		.loc 1 257 5 view .LVU114
 258:Core/Src/can_protocol.c **** 
 435              		.loc 1 258 5 view .LVU115
 262:Core/Src/can_protocol.c ****     __disable_irq();
 436              		.loc 1 262 5 view .LVU116
 437              	.LBB33:
 438              	.LBI33:
 439              		.file 2 "Drivers/CMSIS/Include/cmsis_gcc.h"
   1:Drivers/CMSIS/Include/cmsis_gcc.h **** /**************************************************************************//**
   2:Drivers/CMSIS/Include/cmsis_gcc.h ****  * @file     cmsis_gcc.h
   3:Drivers/CMSIS/Include/cmsis_gcc.h ****  * @brief    CMSIS compiler GCC header file
   4:Drivers/CMSIS/Include/cmsis_gcc.h ****  * @version  V5.0.4
   5:Drivers/CMSIS/Include/cmsis_gcc.h ****  * @date     09. April 2018
   6:Drivers/CMSIS/Include/cmsis_gcc.h ****  ******************************************************************************/
   7:Drivers/CMSIS/Include/cmsis_gcc.h **** /*
   8:Drivers/CMSIS/Include/cmsis_gcc.h ****  * Copyright (c) 2009-2018 Arm Limited. All rights reserved.
   9:Drivers/CMSIS/Include/cmsis_gcc.h ****  *
  10:Drivers/CMSIS/Include/cmsis_gcc.h ****  * SPDX-License-Identifier: Apache-2.0
  11:Drivers/CMSIS/Include/cmsis_gcc.h ****  *
  12:Drivers/CMSIS/Include/cmsis_gcc.h ****  * Licensed under the Apache License, Version 2.0 (the License); you may
  13:Drivers/CMSIS/Include/cmsis_gcc.h ****  * not use this file except in compliance with the License.
  14:Drivers/CMSIS/Include/cmsis_gcc.h ****  * You may obtain a copy of the License at
  15:Drivers/CMSIS/Include/cmsis_gcc.h ****  *
  16:Drivers/CMSIS/Include/cmsis_gcc.h ****  * www.apache.org/licenses/LICENSE-2.0
  17:Drivers/CMSIS/Include/cmsis_gcc.h ****  *
  18:Drivers/CMSIS/Include/cmsis_gcc.h ****  * Unless required by applicable law or agreed to in writing, software
  19:Drivers/CMSIS/Include/cmsis_gcc.h ****  * distributed under the License is distributed on an AS IS BASIS, WITHOUT
  20:Drivers/CMSIS/Include/cmsis_gcc.h ****  * WARRANTIES OR CONDITIONS OF ANY KIND, either express or implied.
  21:Drivers/CMSIS/Include/cmsis_gcc.h ****  * See the License for the specific language governing permissions and
  22:Drivers/CMSIS/Include/cmsis_gcc.h ****  * limitations under the License.
  23:Drivers/CMSIS/Include/cmsis_gcc.h ****  */
  24:Drivers/CMSIS/Include/cmsis_gcc.h **** 
  25:Drivers/CMSIS/Include/cmsis_gcc.h **** #ifndef __CMSIS_GCC_H
  26:Drivers/CMSIS/Include/cmsis_gcc.h **** #define __CMSIS_GCC_H
  27:Drivers/CMSIS/Include/cmsis_gcc.h **** 
  28:Drivers/CMSIS/Include/cmsis_gcc.h **** /* ignore some GCC warnings */
  29:Drivers/CMSIS/Include/cmsis_gcc.h **** #pragma GCC diagnostic push
  30:Drivers/CMSIS/Include/cmsis_gcc.h **** #pragma GCC diagnostic ignored "-Wsign-conversion"
  31:Drivers/CMSIS/Include/cmsis_gcc.h **** #pragma GCC diagnostic ignored "-Wconversion"
  32:Drivers/CMSIS/Include/cmsis_gcc.h **** #pragma GCC diagnostic ignored "-Wunused-parameter"
  33:Drivers/CMSIS/Include/cmsis_gcc.h **** 
  34:Drivers/CMSIS/Include/cmsis_gcc.h **** /* Fallback for __has_builtin */
  35:Drivers/CMSIS/Include/cmsis_gcc.h **** #ifndef __has_builtin
  36:Drivers/CMSIS/Include/cmsis_gcc.h ****   #define __has_builtin(x) (0)
ARM GAS  C:\Users\24705\AppData\Local\Temp\ccBRba3t.s 			page 17


  37:Drivers/CMSIS/Include/cmsis_gcc.h **** #endif
  38:Drivers/CMSIS/Include/cmsis_gcc.h **** 
  39:Drivers/CMSIS/Include/cmsis_gcc.h **** /* CMSIS compiler specific defines */
  40:Drivers/CMSIS/Include/cmsis_gcc.h **** #ifndef   __ASM
  41:Drivers/CMSIS/Include/cmsis_gcc.h ****   #define __ASM                                  __asm
  42:Drivers/CMSIS/Include/cmsis_gcc.h **** #endif
  43:Drivers/CMSIS/Include/cmsis_gcc.h **** #ifndef   __INLINE
  44:Drivers/CMSIS/Include/cmsis_gcc.h ****   #define __INLINE                               inline
  45:Drivers/CMSIS/Include/cmsis_gcc.h **** #endif
  46:Drivers/CMSIS/Include/cmsis_gcc.h **** #ifndef   __STATIC_INLINE
  47:Drivers/CMSIS/Include/cmsis_gcc.h ****   #define __STATIC_INLINE                        static inline
  48:Drivers/CMSIS/Include/cmsis_gcc.h **** #endif
  49:Drivers/CMSIS/Include/cmsis_gcc.h **** #ifndef   __STATIC_FORCEINLINE                 
  50:Drivers/CMSIS/Include/cmsis_gcc.h ****   #define __STATIC_FORCEINLINE                   __attribute__((always_inline)) static inline
  51:Drivers/CMSIS/Include/cmsis_gcc.h **** #endif                                           
  52:Drivers/CMSIS/Include/cmsis_gcc.h **** #ifndef   __NO_RETURN
  53:Drivers/CMSIS/Include/cmsis_gcc.h ****   #define __NO_RETURN                            __attribute__((__noreturn__))
  54:Drivers/CMSIS/Include/cmsis_gcc.h **** #endif
  55:Drivers/CMSIS/Include/cmsis_gcc.h **** #ifndef   __USED
  56:Drivers/CMSIS/Include/cmsis_gcc.h ****   #define __USED                                 __attribute__((used))
  57:Drivers/CMSIS/Include/cmsis_gcc.h **** #endif
  58:Drivers/CMSIS/Include/cmsis_gcc.h **** #ifndef   __WEAK
  59:Drivers/CMSIS/Include/cmsis_gcc.h ****   #define __WEAK                                 __attribute__((weak))
  60:Drivers/CMSIS/Include/cmsis_gcc.h **** #endif
  61:Drivers/CMSIS/Include/cmsis_gcc.h **** #ifndef   __PACKED
  62:Drivers/CMSIS/Include/cmsis_gcc.h ****   #define __PACKED                               __attribute__((packed, aligned(1)))
  63:Drivers/CMSIS/Include/cmsis_gcc.h **** #endif
  64:Drivers/CMSIS/Include/cmsis_gcc.h **** #ifndef   __PACKED_STRUCT
  65:Drivers/CMSIS/Include/cmsis_gcc.h ****   #define __PACKED_STRUCT                        struct __attribute__((packed, aligned(1)))
  66:Drivers/CMSIS/Include/cmsis_gcc.h **** #endif
  67:Drivers/CMSIS/Include/cmsis_gcc.h **** #ifndef   __PACKED_UNION
  68:Drivers/CMSIS/Include/cmsis_gcc.h ****   #define __PACKED_UNION                         union __attribute__((packed, aligned(1)))
  69:Drivers/CMSIS/Include/cmsis_gcc.h **** #endif
  70:Drivers/CMSIS/Include/cmsis_gcc.h **** #ifndef   __UNALIGNED_UINT32        /* deprecated */
  71:Drivers/CMSIS/Include/cmsis_gcc.h ****   #pragma GCC diagnostic push
  72:Drivers/CMSIS/Include/cmsis_gcc.h ****   #pragma GCC diagnostic ignored "-Wpacked"
  73:Drivers/CMSIS/Include/cmsis_gcc.h ****   #pragma GCC diagnostic ignored "-Wattributes"
  74:Drivers/CMSIS/Include/cmsis_gcc.h ****   struct __attribute__((packed)) T_UINT32 { uint32_t v; };
  75:Drivers/CMSIS/Include/cmsis_gcc.h ****   #pragma GCC diagnostic pop
  76:Drivers/CMSIS/Include/cmsis_gcc.h ****   #define __UNALIGNED_UINT32(x)                  (((struct T_UINT32 *)(x))->v)
  77:Drivers/CMSIS/Include/cmsis_gcc.h **** #endif
  78:Drivers/CMSIS/Include/cmsis_gcc.h **** #ifndef   __UNALIGNED_UINT16_WRITE
  79:Drivers/CMSIS/Include/cmsis_gcc.h ****   #pragma GCC diagnostic push
  80:Drivers/CMSIS/Include/cmsis_gcc.h ****   #pragma GCC diagnostic ignored "-Wpacked"
  81:Drivers/CMSIS/Include/cmsis_gcc.h ****   #pragma GCC diagnostic ignored "-Wattributes"
  82:Drivers/CMSIS/Include/cmsis_gcc.h ****   __PACKED_STRUCT T_UINT16_WRITE { uint16_t v; };
  83:Drivers/CMSIS/Include/cmsis_gcc.h ****   #pragma GCC diagnostic pop
  84:Drivers/CMSIS/Include/cmsis_gcc.h ****   #define __UNALIGNED_UINT16_WRITE(addr, val)    (void)((((struct T_UINT16_WRITE *)(void *)(addr))-
  85:Drivers/CMSIS/Include/cmsis_gcc.h **** #endif
  86:Drivers/CMSIS/Include/cmsis_gcc.h **** #ifndef   __UNALIGNED_UINT16_READ
  87:Drivers/CMSIS/Include/cmsis_gcc.h ****   #pragma GCC diagnostic push
  88:Drivers/CMSIS/Include/cmsis_gcc.h ****   #pragma GCC diagnostic ignored "-Wpacked"
  89:Drivers/CMSIS/Include/cmsis_gcc.h ****   #pragma GCC diagnostic ignored "-Wattributes"
  90:Drivers/CMSIS/Include/cmsis_gcc.h ****   __PACKED_STRUCT T_UINT16_READ { uint16_t v; };
  91:Drivers/CMSIS/Include/cmsis_gcc.h ****   #pragma GCC diagnostic pop
  92:Drivers/CMSIS/Include/cmsis_gcc.h ****   #define __UNALIGNED_UINT16_READ(addr)          (((const struct T_UINT16_READ *)(const void *)(add
  93:Drivers/CMSIS/Include/cmsis_gcc.h **** #endif
ARM GAS  C:\Users\24705\AppData\Local\Temp\ccBRba3t.s 			page 18


  94:Drivers/CMSIS/Include/cmsis_gcc.h **** #ifndef   __UNALIGNED_UINT32_WRITE
  95:Drivers/CMSIS/Include/cmsis_gcc.h ****   #pragma GCC diagnostic push
  96:Drivers/CMSIS/Include/cmsis_gcc.h ****   #pragma GCC diagnostic ignored "-Wpacked"
  97:Drivers/CMSIS/Include/cmsis_gcc.h ****   #pragma GCC diagnostic ignored "-Wattributes"
  98:Drivers/CMSIS/Include/cmsis_gcc.h ****   __PACKED_STRUCT T_UINT32_WRITE { uint32_t v; };
  99:Drivers/CMSIS/Include/cmsis_gcc.h ****   #pragma GCC diagnostic pop
 100:Drivers/CMSIS/Include/cmsis_gcc.h ****   #define __UNALIGNED_UINT32_WRITE(addr, val)    (void)((((struct T_UINT32_WRITE *)(void *)(addr))-
 101:Drivers/CMSIS/Include/cmsis_gcc.h **** #endif
 102:Drivers/CMSIS/Include/cmsis_gcc.h **** #ifndef   __UNALIGNED_UINT32_READ
 103:Drivers/CMSIS/Include/cmsis_gcc.h ****   #pragma GCC diagnostic push
 104:Drivers/CMSIS/Include/cmsis_gcc.h ****   #pragma GCC diagnostic ignored "-Wpacked"
 105:Drivers/CMSIS/Include/cmsis_gcc.h ****   #pragma GCC diagnostic ignored "-Wattributes"
 106:Drivers/CMSIS/Include/cmsis_gcc.h ****   __PACKED_STRUCT T_UINT32_READ { uint32_t v; };
 107:Drivers/CMSIS/Include/cmsis_gcc.h ****   #pragma GCC diagnostic pop
 108:Drivers/CMSIS/Include/cmsis_gcc.h ****   #define __UNALIGNED_UINT32_READ(addr)          (((const struct T_UINT32_READ *)(const void *)(add
 109:Drivers/CMSIS/Include/cmsis_gcc.h **** #endif
 110:Drivers/CMSIS/Include/cmsis_gcc.h **** #ifndef   __ALIGNED
 111:Drivers/CMSIS/Include/cmsis_gcc.h ****   #define __ALIGNED(x)                           __attribute__((aligned(x)))
 112:Drivers/CMSIS/Include/cmsis_gcc.h **** #endif
 113:Drivers/CMSIS/Include/cmsis_gcc.h **** #ifndef   __RESTRICT
 114:Drivers/CMSIS/Include/cmsis_gcc.h ****   #define __RESTRICT                             __restrict
 115:Drivers/CMSIS/Include/cmsis_gcc.h **** #endif
 116:Drivers/CMSIS/Include/cmsis_gcc.h **** 
 117:Drivers/CMSIS/Include/cmsis_gcc.h **** 
 118:Drivers/CMSIS/Include/cmsis_gcc.h **** /* ###########################  Core Function Access  ########################### */
 119:Drivers/CMSIS/Include/cmsis_gcc.h **** /** \ingroup  CMSIS_Core_FunctionInterface
 120:Drivers/CMSIS/Include/cmsis_gcc.h ****     \defgroup CMSIS_Core_RegAccFunctions CMSIS Core Register Access Functions
 121:Drivers/CMSIS/Include/cmsis_gcc.h ****   @{
 122:Drivers/CMSIS/Include/cmsis_gcc.h ****  */
 123:Drivers/CMSIS/Include/cmsis_gcc.h **** 
 124:Drivers/CMSIS/Include/cmsis_gcc.h **** /**
 125:Drivers/CMSIS/Include/cmsis_gcc.h ****   \brief   Enable IRQ Interrupts
 126:Drivers/CMSIS/Include/cmsis_gcc.h ****   \details Enables IRQ interrupts by clearing the I-bit in the CPSR.
 127:Drivers/CMSIS/Include/cmsis_gcc.h ****            Can only be executed in Privileged modes.
 128:Drivers/CMSIS/Include/cmsis_gcc.h ****  */
 129:Drivers/CMSIS/Include/cmsis_gcc.h **** __STATIC_FORCEINLINE void __enable_irq(void)
 130:Drivers/CMSIS/Include/cmsis_gcc.h **** {
 131:Drivers/CMSIS/Include/cmsis_gcc.h ****   __ASM volatile ("cpsie i" : : : "memory");
 132:Drivers/CMSIS/Include/cmsis_gcc.h **** }
 133:Drivers/CMSIS/Include/cmsis_gcc.h **** 
 134:Drivers/CMSIS/Include/cmsis_gcc.h **** 
 135:Drivers/CMSIS/Include/cmsis_gcc.h **** /**
 136:Drivers/CMSIS/Include/cmsis_gcc.h ****   \brief   Disable IRQ Interrupts
 137:Drivers/CMSIS/Include/cmsis_gcc.h ****   \details Disables IRQ interrupts by setting the I-bit in the CPSR.
 138:Drivers/CMSIS/Include/cmsis_gcc.h ****            Can only be executed in Privileged modes.
 139:Drivers/CMSIS/Include/cmsis_gcc.h ****  */
 140:Drivers/CMSIS/Include/cmsis_gcc.h **** __STATIC_FORCEINLINE void __disable_irq(void)
 141:Drivers/CMSIS/Include/cmsis_gcc.h **** {
 142:Drivers/CMSIS/Include/cmsis_gcc.h ****   __ASM volatile ("cpsid i" : : : "memory");
 143:Drivers/CMSIS/Include/cmsis_gcc.h **** }
 144:Drivers/CMSIS/Include/cmsis_gcc.h **** 
 145:Drivers/CMSIS/Include/cmsis_gcc.h **** 
 146:Drivers/CMSIS/Include/cmsis_gcc.h **** /**
 147:Drivers/CMSIS/Include/cmsis_gcc.h ****   \brief   Get Control Register
 148:Drivers/CMSIS/Include/cmsis_gcc.h ****   \details Returns the content of the Control Register.
 149:Drivers/CMSIS/Include/cmsis_gcc.h ****   \return               Control Register value
 150:Drivers/CMSIS/Include/cmsis_gcc.h ****  */
ARM GAS  C:\Users\24705\AppData\Local\Temp\ccBRba3t.s 			page 19


 151:Drivers/CMSIS/Include/cmsis_gcc.h **** __STATIC_FORCEINLINE uint32_t __get_CONTROL(void)
 152:Drivers/CMSIS/Include/cmsis_gcc.h **** {
 153:Drivers/CMSIS/Include/cmsis_gcc.h ****   uint32_t result;
 154:Drivers/CMSIS/Include/cmsis_gcc.h **** 
 155:Drivers/CMSIS/Include/cmsis_gcc.h ****   __ASM volatile ("MRS %0, control" : "=r" (result) );
 156:Drivers/CMSIS/Include/cmsis_gcc.h ****   return(result);
 157:Drivers/CMSIS/Include/cmsis_gcc.h **** }
 158:Drivers/CMSIS/Include/cmsis_gcc.h **** 
 159:Drivers/CMSIS/Include/cmsis_gcc.h **** 
 160:Drivers/CMSIS/Include/cmsis_gcc.h **** #if (defined (__ARM_FEATURE_CMSE ) && (__ARM_FEATURE_CMSE == 3))
 161:Drivers/CMSIS/Include/cmsis_gcc.h **** /**
 162:Drivers/CMSIS/Include/cmsis_gcc.h ****   \brief   Get Control Register (non-secure)
 163:Drivers/CMSIS/Include/cmsis_gcc.h ****   \details Returns the content of the non-secure Control Register when in secure mode.
 164:Drivers/CMSIS/Include/cmsis_gcc.h ****   \return               non-secure Control Register value
 165:Drivers/CMSIS/Include/cmsis_gcc.h ****  */
 166:Drivers/CMSIS/Include/cmsis_gcc.h **** __STATIC_FORCEINLINE uint32_t __TZ_get_CONTROL_NS(void)
 167:Drivers/CMSIS/Include/cmsis_gcc.h **** {
 168:Drivers/CMSIS/Include/cmsis_gcc.h ****   uint32_t result;
 169:Drivers/CMSIS/Include/cmsis_gcc.h **** 
 170:Drivers/CMSIS/Include/cmsis_gcc.h ****   __ASM volatile ("MRS %0, control_ns" : "=r" (result) );
 171:Drivers/CMSIS/Include/cmsis_gcc.h ****   return(result);
 172:Drivers/CMSIS/Include/cmsis_gcc.h **** }
 173:Drivers/CMSIS/Include/cmsis_gcc.h **** #endif
 174:Drivers/CMSIS/Include/cmsis_gcc.h **** 
 175:Drivers/CMSIS/Include/cmsis_gcc.h **** 
 176:Drivers/CMSIS/Include/cmsis_gcc.h **** /**
 177:Drivers/CMSIS/Include/cmsis_gcc.h ****   \brief   Set Control Register
 178:Drivers/CMSIS/Include/cmsis_gcc.h ****   \details Writes the given value to the Control Register.
 179:Drivers/CMSIS/Include/cmsis_gcc.h ****   \param [in]    control  Control Register value to set
 180:Drivers/CMSIS/Include/cmsis_gcc.h ****  */
 181:Drivers/CMSIS/Include/cmsis_gcc.h **** __STATIC_FORCEINLINE void __set_CONTROL(uint32_t control)
 182:Drivers/CMSIS/Include/cmsis_gcc.h **** {
 183:Drivers/CMSIS/Include/cmsis_gcc.h ****   __ASM volatile ("MSR control, %0" : : "r" (control) : "memory");
 184:Drivers/CMSIS/Include/cmsis_gcc.h **** }
 185:Drivers/CMSIS/Include/cmsis_gcc.h **** 
 186:Drivers/CMSIS/Include/cmsis_gcc.h **** 
 187:Drivers/CMSIS/Include/cmsis_gcc.h **** #if (defined (__ARM_FEATURE_CMSE ) && (__ARM_FEATURE_CMSE == 3))
 188:Drivers/CMSIS/Include/cmsis_gcc.h **** /**
 189:Drivers/CMSIS/Include/cmsis_gcc.h ****   \brief   Set Control Register (non-secure)
 190:Drivers/CMSIS/Include/cmsis_gcc.h ****   \details Writes the given value to the non-secure Control Register when in secure state.
 191:Drivers/CMSIS/Include/cmsis_gcc.h ****   \param [in]    control  Control Register value to set
 192:Drivers/CMSIS/Include/cmsis_gcc.h ****  */
 193:Drivers/CMSIS/Include/cmsis_gcc.h **** __STATIC_FORCEINLINE void __TZ_set_CONTROL_NS(uint32_t control)
 194:Drivers/CMSIS/Include/cmsis_gcc.h **** {
 195:Drivers/CMSIS/Include/cmsis_gcc.h ****   __ASM volatile ("MSR control_ns, %0" : : "r" (control) : "memory");
 196:Drivers/CMSIS/Include/cmsis_gcc.h **** }
 197:Drivers/CMSIS/Include/cmsis_gcc.h **** #endif
 198:Drivers/CMSIS/Include/cmsis_gcc.h **** 
 199:Drivers/CMSIS/Include/cmsis_gcc.h **** 
 200:Drivers/CMSIS/Include/cmsis_gcc.h **** /**
 201:Drivers/CMSIS/Include/cmsis_gcc.h ****   \brief   Get IPSR Register
 202:Drivers/CMSIS/Include/cmsis_gcc.h ****   \details Returns the content of the IPSR Register.
 203:Drivers/CMSIS/Include/cmsis_gcc.h ****   \return               IPSR Register value
 204:Drivers/CMSIS/Include/cmsis_gcc.h ****  */
 205:Drivers/CMSIS/Include/cmsis_gcc.h **** __STATIC_FORCEINLINE uint32_t __get_IPSR(void)
 206:Drivers/CMSIS/Include/cmsis_gcc.h **** {
 207:Drivers/CMSIS/Include/cmsis_gcc.h ****   uint32_t result;
ARM GAS  C:\Users\24705\AppData\Local\Temp\ccBRba3t.s 			page 20


 208:Drivers/CMSIS/Include/cmsis_gcc.h **** 
 209:Drivers/CMSIS/Include/cmsis_gcc.h ****   __ASM volatile ("MRS %0, ipsr" : "=r" (result) );
 210:Drivers/CMSIS/Include/cmsis_gcc.h ****   return(result);
 211:Drivers/CMSIS/Include/cmsis_gcc.h **** }
 212:Drivers/CMSIS/Include/cmsis_gcc.h **** 
 213:Drivers/CMSIS/Include/cmsis_gcc.h **** 
 214:Drivers/CMSIS/Include/cmsis_gcc.h **** /**
 215:Drivers/CMSIS/Include/cmsis_gcc.h ****   \brief   Get APSR Register
 216:Drivers/CMSIS/Include/cmsis_gcc.h ****   \details Returns the content of the APSR Register.
 217:Drivers/CMSIS/Include/cmsis_gcc.h ****   \return               APSR Register value
 218:Drivers/CMSIS/Include/cmsis_gcc.h ****  */
 219:Drivers/CMSIS/Include/cmsis_gcc.h **** __STATIC_FORCEINLINE uint32_t __get_APSR(void)
 220:Drivers/CMSIS/Include/cmsis_gcc.h **** {
 221:Drivers/CMSIS/Include/cmsis_gcc.h ****   uint32_t result;
 222:Drivers/CMSIS/Include/cmsis_gcc.h **** 
 223:Drivers/CMSIS/Include/cmsis_gcc.h ****   __ASM volatile ("MRS %0, apsr" : "=r" (result) );
 224:Drivers/CMSIS/Include/cmsis_gcc.h ****   return(result);
 225:Drivers/CMSIS/Include/cmsis_gcc.h **** }
 226:Drivers/CMSIS/Include/cmsis_gcc.h **** 
 227:Drivers/CMSIS/Include/cmsis_gcc.h **** 
 228:Drivers/CMSIS/Include/cmsis_gcc.h **** /**
 229:Drivers/CMSIS/Include/cmsis_gcc.h ****   \brief   Get xPSR Register
 230:Drivers/CMSIS/Include/cmsis_gcc.h ****   \details Returns the content of the xPSR Register.
 231:Drivers/CMSIS/Include/cmsis_gcc.h ****   \return               xPSR Register value
 232:Drivers/CMSIS/Include/cmsis_gcc.h ****  */
 233:Drivers/CMSIS/Include/cmsis_gcc.h **** __STATIC_FORCEINLINE uint32_t __get_xPSR(void)
 234:Drivers/CMSIS/Include/cmsis_gcc.h **** {
 235:Drivers/CMSIS/Include/cmsis_gcc.h ****   uint32_t result;
 236:Drivers/CMSIS/Include/cmsis_gcc.h **** 
 237:Drivers/CMSIS/Include/cmsis_gcc.h ****   __ASM volatile ("MRS %0, xpsr" : "=r" (result) );
 238:Drivers/CMSIS/Include/cmsis_gcc.h ****   return(result);
 239:Drivers/CMSIS/Include/cmsis_gcc.h **** }
 240:Drivers/CMSIS/Include/cmsis_gcc.h **** 
 241:Drivers/CMSIS/Include/cmsis_gcc.h **** 
 242:Drivers/CMSIS/Include/cmsis_gcc.h **** /**
 243:Drivers/CMSIS/Include/cmsis_gcc.h ****   \brief   Get Process Stack Pointer
 244:Drivers/CMSIS/Include/cmsis_gcc.h ****   \details Returns the current value of the Process Stack Pointer (PSP).
 245:Drivers/CMSIS/Include/cmsis_gcc.h ****   \return               PSP Register value
 246:Drivers/CMSIS/Include/cmsis_gcc.h ****  */
 247:Drivers/CMSIS/Include/cmsis_gcc.h **** __STATIC_FORCEINLINE uint32_t __get_PSP(void)
 248:Drivers/CMSIS/Include/cmsis_gcc.h **** {
 249:Drivers/CMSIS/Include/cmsis_gcc.h ****   uint32_t result;
 250:Drivers/CMSIS/Include/cmsis_gcc.h **** 
 251:Drivers/CMSIS/Include/cmsis_gcc.h ****   __ASM volatile ("MRS %0, psp"  : "=r" (result) );
 252:Drivers/CMSIS/Include/cmsis_gcc.h ****   return(result);
 253:Drivers/CMSIS/Include/cmsis_gcc.h **** }
 254:Drivers/CMSIS/Include/cmsis_gcc.h **** 
 255:Drivers/CMSIS/Include/cmsis_gcc.h **** 
 256:Drivers/CMSIS/Include/cmsis_gcc.h **** #if (defined (__ARM_FEATURE_CMSE ) && (__ARM_FEATURE_CMSE == 3))
 257:Drivers/CMSIS/Include/cmsis_gcc.h **** /**
 258:Drivers/CMSIS/Include/cmsis_gcc.h ****   \brief   Get Process Stack Pointer (non-secure)
 259:Drivers/CMSIS/Include/cmsis_gcc.h ****   \details Returns the current value of the non-secure Process Stack Pointer (PSP) when in secure s
 260:Drivers/CMSIS/Include/cmsis_gcc.h ****   \return               PSP Register value
 261:Drivers/CMSIS/Include/cmsis_gcc.h ****  */
 262:Drivers/CMSIS/Include/cmsis_gcc.h **** __STATIC_FORCEINLINE uint32_t __TZ_get_PSP_NS(void)
 263:Drivers/CMSIS/Include/cmsis_gcc.h **** {
 264:Drivers/CMSIS/Include/cmsis_gcc.h ****   uint32_t result;
ARM GAS  C:\Users\24705\AppData\Local\Temp\ccBRba3t.s 			page 21


 265:Drivers/CMSIS/Include/cmsis_gcc.h **** 
 266:Drivers/CMSIS/Include/cmsis_gcc.h ****   __ASM volatile ("MRS %0, psp_ns"  : "=r" (result) );
 267:Drivers/CMSIS/Include/cmsis_gcc.h ****   return(result);
 268:Drivers/CMSIS/Include/cmsis_gcc.h **** }
 269:Drivers/CMSIS/Include/cmsis_gcc.h **** #endif
 270:Drivers/CMSIS/Include/cmsis_gcc.h **** 
 271:Drivers/CMSIS/Include/cmsis_gcc.h **** 
 272:Drivers/CMSIS/Include/cmsis_gcc.h **** /**
 273:Drivers/CMSIS/Include/cmsis_gcc.h ****   \brief   Set Process Stack Pointer
 274:Drivers/CMSIS/Include/cmsis_gcc.h ****   \details Assigns the given value to the Process Stack Pointer (PSP).
 275:Drivers/CMSIS/Include/cmsis_gcc.h ****   \param [in]    topOfProcStack  Process Stack Pointer value to set
 276:Drivers/CMSIS/Include/cmsis_gcc.h ****  */
 277:Drivers/CMSIS/Include/cmsis_gcc.h **** __STATIC_FORCEINLINE void __set_PSP(uint32_t topOfProcStack)
 278:Drivers/CMSIS/Include/cmsis_gcc.h **** {
 279:Drivers/CMSIS/Include/cmsis_gcc.h ****   __ASM volatile ("MSR psp, %0" : : "r" (topOfProcStack) : );
 280:Drivers/CMSIS/Include/cmsis_gcc.h **** }
 281:Drivers/CMSIS/Include/cmsis_gcc.h **** 
 282:Drivers/CMSIS/Include/cmsis_gcc.h **** 
 283:Drivers/CMSIS/Include/cmsis_gcc.h **** #if (defined (__ARM_FEATURE_CMSE ) && (__ARM_FEATURE_CMSE == 3))
 284:Drivers/CMSIS/Include/cmsis_gcc.h **** /**
 285:Drivers/CMSIS/Include/cmsis_gcc.h ****   \brief   Set Process Stack Pointer (non-secure)
 286:Drivers/CMSIS/Include/cmsis_gcc.h ****   \details Assigns the given value to the non-secure Process Stack Pointer (PSP) when in secure sta
 287:Drivers/CMSIS/Include/cmsis_gcc.h ****   \param [in]    topOfProcStack  Process Stack Pointer value to set
 288:Drivers/CMSIS/Include/cmsis_gcc.h ****  */
 289:Drivers/CMSIS/Include/cmsis_gcc.h **** __STATIC_FORCEINLINE void __TZ_set_PSP_NS(uint32_t topOfProcStack)
 290:Drivers/CMSIS/Include/cmsis_gcc.h **** {
 291:Drivers/CMSIS/Include/cmsis_gcc.h ****   __ASM volatile ("MSR psp_ns, %0" : : "r" (topOfProcStack) : );
 292:Drivers/CMSIS/Include/cmsis_gcc.h **** }
 293:Drivers/CMSIS/Include/cmsis_gcc.h **** #endif
 294:Drivers/CMSIS/Include/cmsis_gcc.h **** 
 295:Drivers/CMSIS/Include/cmsis_gcc.h **** 
 296:Drivers/CMSIS/Include/cmsis_gcc.h **** /**
 297:Drivers/CMSIS/Include/cmsis_gcc.h ****   \brief   Get Main Stack Pointer
 298:Drivers/CMSIS/Include/cmsis_gcc.h ****   \details Returns the current value of the Main Stack Pointer (MSP).
 299:Drivers/CMSIS/Include/cmsis_gcc.h ****   \return               MSP Register value
 300:Drivers/CMSIS/Include/cmsis_gcc.h ****  */
 301:Drivers/CMSIS/Include/cmsis_gcc.h **** __STATIC_FORCEINLINE uint32_t __get_MSP(void)
 302:Drivers/CMSIS/Include/cmsis_gcc.h **** {
 303:Drivers/CMSIS/Include/cmsis_gcc.h ****   uint32_t result;
 304:Drivers/CMSIS/Include/cmsis_gcc.h **** 
 305:Drivers/CMSIS/Include/cmsis_gcc.h ****   __ASM volatile ("MRS %0, msp" : "=r" (result) );
 306:Drivers/CMSIS/Include/cmsis_gcc.h ****   return(result);
 307:Drivers/CMSIS/Include/cmsis_gcc.h **** }
 308:Drivers/CMSIS/Include/cmsis_gcc.h **** 
 309:Drivers/CMSIS/Include/cmsis_gcc.h **** 
 310:Drivers/CMSIS/Include/cmsis_gcc.h **** #if (defined (__ARM_FEATURE_CMSE ) && (__ARM_FEATURE_CMSE == 3))
 311:Drivers/CMSIS/Include/cmsis_gcc.h **** /**
 312:Drivers/CMSIS/Include/cmsis_gcc.h ****   \brief   Get Main Stack Pointer (non-secure)
 313:Drivers/CMSIS/Include/cmsis_gcc.h ****   \details Returns the current value of the non-secure Main Stack Pointer (MSP) when in secure stat
 314:Drivers/CMSIS/Include/cmsis_gcc.h ****   \return               MSP Register value
 315:Drivers/CMSIS/Include/cmsis_gcc.h ****  */
 316:Drivers/CMSIS/Include/cmsis_gcc.h **** __STATIC_FORCEINLINE uint32_t __TZ_get_MSP_NS(void)
 317:Drivers/CMSIS/Include/cmsis_gcc.h **** {
 318:Drivers/CMSIS/Include/cmsis_gcc.h ****   uint32_t result;
 319:Drivers/CMSIS/Include/cmsis_gcc.h **** 
 320:Drivers/CMSIS/Include/cmsis_gcc.h ****   __ASM volatile ("MRS %0, msp_ns" : "=r" (result) );
 321:Drivers/CMSIS/Include/cmsis_gcc.h ****   return(result);
ARM GAS  C:\Users\24705\AppData\Local\Temp\ccBRba3t.s 			page 22


 322:Drivers/CMSIS/Include/cmsis_gcc.h **** }
 323:Drivers/CMSIS/Include/cmsis_gcc.h **** #endif
 324:Drivers/CMSIS/Include/cmsis_gcc.h **** 
 325:Drivers/CMSIS/Include/cmsis_gcc.h **** 
 326:Drivers/CMSIS/Include/cmsis_gcc.h **** /**
 327:Drivers/CMSIS/Include/cmsis_gcc.h ****   \brief   Set Main Stack Pointer
 328:Drivers/CMSIS/Include/cmsis_gcc.h ****   \details Assigns the given value to the Main Stack Pointer (MSP).
 329:Drivers/CMSIS/Include/cmsis_gcc.h ****   \param [in]    topOfMainStack  Main Stack Pointer value to set
 330:Drivers/CMSIS/Include/cmsis_gcc.h ****  */
 331:Drivers/CMSIS/Include/cmsis_gcc.h **** __STATIC_FORCEINLINE void __set_MSP(uint32_t topOfMainStack)
 332:Drivers/CMSIS/Include/cmsis_gcc.h **** {
 333:Drivers/CMSIS/Include/cmsis_gcc.h ****   __ASM volatile ("MSR msp, %0" : : "r" (topOfMainStack) : );
 334:Drivers/CMSIS/Include/cmsis_gcc.h **** }
 335:Drivers/CMSIS/Include/cmsis_gcc.h **** 
 336:Drivers/CMSIS/Include/cmsis_gcc.h **** 
 337:Drivers/CMSIS/Include/cmsis_gcc.h **** #if (defined (__ARM_FEATURE_CMSE ) && (__ARM_FEATURE_CMSE == 3))
 338:Drivers/CMSIS/Include/cmsis_gcc.h **** /**
 339:Drivers/CMSIS/Include/cmsis_gcc.h ****   \brief   Set Main Stack Pointer (non-secure)
 340:Drivers/CMSIS/Include/cmsis_gcc.h ****   \details Assigns the given value to the non-secure Main Stack Pointer (MSP) when in secure state.
 341:Drivers/CMSIS/Include/cmsis_gcc.h ****   \param [in]    topOfMainStack  Main Stack Pointer value to set
 342:Drivers/CMSIS/Include/cmsis_gcc.h ****  */
 343:Drivers/CMSIS/Include/cmsis_gcc.h **** __STATIC_FORCEINLINE void __TZ_set_MSP_NS(uint32_t topOfMainStack)
 344:Drivers/CMSIS/Include/cmsis_gcc.h **** {
 345:Drivers/CMSIS/Include/cmsis_gcc.h ****   __ASM volatile ("MSR msp_ns, %0" : : "r" (topOfMainStack) : );
 346:Drivers/CMSIS/Include/cmsis_gcc.h **** }
 347:Drivers/CMSIS/Include/cmsis_gcc.h **** #endif
 348:Drivers/CMSIS/Include/cmsis_gcc.h **** 
 349:Drivers/CMSIS/Include/cmsis_gcc.h **** 
 350:Drivers/CMSIS/Include/cmsis_gcc.h **** #if (defined (__ARM_FEATURE_CMSE ) && (__ARM_FEATURE_CMSE == 3))
 351:Drivers/CMSIS/Include/cmsis_gcc.h **** /**
 352:Drivers/CMSIS/Include/cmsis_gcc.h ****   \brief   Get Stack Pointer (non-secure)
 353:Drivers/CMSIS/Include/cmsis_gcc.h ****   \details Returns the current value of the non-secure Stack Pointer (SP) when in secure state.
 354:Drivers/CMSIS/Include/cmsis_gcc.h ****   \return               SP Register value
 355:Drivers/CMSIS/Include/cmsis_gcc.h ****  */
 356:Drivers/CMSIS/Include/cmsis_gcc.h **** __STATIC_FORCEINLINE uint32_t __TZ_get_SP_NS(void)
 357:Drivers/CMSIS/Include/cmsis_gcc.h **** {
 358:Drivers/CMSIS/Include/cmsis_gcc.h ****   uint32_t result;
 359:Drivers/CMSIS/Include/cmsis_gcc.h **** 
 360:Drivers/CMSIS/Include/cmsis_gcc.h ****   __ASM volatile ("MRS %0, sp_ns" : "=r" (result) );
 361:Drivers/CMSIS/Include/cmsis_gcc.h ****   return(result);
 362:Drivers/CMSIS/Include/cmsis_gcc.h **** }
 363:Drivers/CMSIS/Include/cmsis_gcc.h **** 
 364:Drivers/CMSIS/Include/cmsis_gcc.h **** 
 365:Drivers/CMSIS/Include/cmsis_gcc.h **** /**
 366:Drivers/CMSIS/Include/cmsis_gcc.h ****   \brief   Set Stack Pointer (non-secure)
 367:Drivers/CMSIS/Include/cmsis_gcc.h ****   \details Assigns the given value to the non-secure Stack Pointer (SP) when in secure state.
 368:Drivers/CMSIS/Include/cmsis_gcc.h ****   \param [in]    topOfStack  Stack Pointer value to set
 369:Drivers/CMSIS/Include/cmsis_gcc.h ****  */
 370:Drivers/CMSIS/Include/cmsis_gcc.h **** __STATIC_FORCEINLINE void __TZ_set_SP_NS(uint32_t topOfStack)
 371:Drivers/CMSIS/Include/cmsis_gcc.h **** {
 372:Drivers/CMSIS/Include/cmsis_gcc.h ****   __ASM volatile ("MSR sp_ns, %0" : : "r" (topOfStack) : );
 373:Drivers/CMSIS/Include/cmsis_gcc.h **** }
 374:Drivers/CMSIS/Include/cmsis_gcc.h **** #endif
 375:Drivers/CMSIS/Include/cmsis_gcc.h **** 
 376:Drivers/CMSIS/Include/cmsis_gcc.h **** 
 377:Drivers/CMSIS/Include/cmsis_gcc.h **** /**
 378:Drivers/CMSIS/Include/cmsis_gcc.h ****   \brief   Get Priority Mask
ARM GAS  C:\Users\24705\AppData\Local\Temp\ccBRba3t.s 			page 23


 379:Drivers/CMSIS/Include/cmsis_gcc.h ****   \details Returns the current state of the priority mask bit from the Priority Mask Register.
 380:Drivers/CMSIS/Include/cmsis_gcc.h ****   \return               Priority Mask value
 381:Drivers/CMSIS/Include/cmsis_gcc.h ****  */
 382:Drivers/CMSIS/Include/cmsis_gcc.h **** __STATIC_FORCEINLINE uint32_t __get_PRIMASK(void)
 440              		.loc 2 382 31 view .LVU117
 441              	.LBB34:
 383:Drivers/CMSIS/Include/cmsis_gcc.h **** {
 384:Drivers/CMSIS/Include/cmsis_gcc.h ****   uint32_t result;
 442              		.loc 2 384 3 view .LVU118
 385:Drivers/CMSIS/Include/cmsis_gcc.h **** 
 386:Drivers/CMSIS/Include/cmsis_gcc.h ****   __ASM volatile ("MRS %0, primask" : "=r" (result) :: "memory");
 443              		.loc 2 386 3 view .LVU119
 444              		.syntax divided
 445              	@ 386 "Drivers/CMSIS/Include/cmsis_gcc.h" 1
 446 0004 EFF31086 		MRS r6, primask
 447              	@ 0 "" 2
 448              	.LVL32:
 387:Drivers/CMSIS/Include/cmsis_gcc.h ****   return(result);
 449              		.loc 2 387 3 view .LVU120
 450              		.loc 2 387 3 is_stmt 0 view .LVU121
 451              		.thumb
 452              		.syntax unified
 453              	.LBE34:
 454              	.LBE33:
 263:Core/Src/can_protocol.c ****     payload.shot_count      = shoot_data.shot_count;
 455              		.loc 1 263 5 is_stmt 1 view .LVU122
 456              	.LBB35:
 457              	.LBI35:
 140:Drivers/CMSIS/Include/cmsis_gcc.h **** {
 458              		.loc 2 140 27 view .LVU123
 459              	.LBB36:
 142:Drivers/CMSIS/Include/cmsis_gcc.h **** }
 460              		.loc 2 142 3 view .LVU124
 461              		.syntax divided
 462              	@ 142 "Drivers/CMSIS/Include/cmsis_gcc.h" 1
 463 0008 72B6     		cpsid i
 464              	@ 0 "" 2
 465              		.thumb
 466              		.syntax unified
 467              	.LBE36:
 468              	.LBE35:
 264:Core/Src/can_protocol.c ****     payload.last_speed_cmps = (uint16_t)(shoot_data.last_speed_mps * 100.0f
 469              		.loc 1 264 5 view .LVU125
 264:Core/Src/can_protocol.c ****     payload.last_speed_cmps = (uint16_t)(shoot_data.last_speed_mps * 100.0f
 470              		.loc 1 264 41 is_stmt 0 view .LVU126
 471 000a 174D     		ldr	r5, .L33
 472 000c 2B68     		ldr	r3, [r5]
 264:Core/Src/can_protocol.c ****     payload.last_speed_cmps = (uint16_t)(shoot_data.last_speed_mps * 100.0f
 473              		.loc 1 264 29 view .LVU127
 474 000e 6C46     		mov	r4, sp
 475 0010 0093     		str	r3, [sp]
 265:Core/Src/can_protocol.c ****                                          + 0.5f);
 476              		.loc 1 265 5 is_stmt 1 view .LVU128
 265:Core/Src/can_protocol.c ****                                          + 0.5f);
 477              		.loc 1 265 52 is_stmt 0 view .LVU129
 478 0012 E868     		ldr	r0, [r5, #12]
 265:Core/Src/can_protocol.c ****                                          + 0.5f);
ARM GAS  C:\Users\24705\AppData\Local\Temp\ccBRba3t.s 			page 24


 479              		.loc 1 265 68 view .LVU130
 480 0014 1549     		ldr	r1, .L33+4
 481 0016 FFF7FEFF 		bl	__aeabi_fmul
 482              	.LVL33:
 266:Core/Src/can_protocol.c ****     payload.barrel_mask     = shoot_data.barrel_mask;
 483              		.loc 1 266 42 view .LVU131
 484 001a FC21     		movs	r1, #252
 485 001c 8905     		lsls	r1, r1, #22
 486 001e FFF7FEFF 		bl	__aeabi_fadd
 487              	.LVL34:
 265:Core/Src/can_protocol.c ****                                          + 0.5f);
 488              		.loc 1 265 31 view .LVU132
 489 0022 FFF7FEFF 		bl	__aeabi_f2uiz
 490              	.LVL35:
 265:Core/Src/can_protocol.c ****                                          + 0.5f);
 491              		.loc 1 265 29 view .LVU133
 492 0026 A080     		strh	r0, [r4, #4]
 267:Core/Src/can_protocol.c ****     payload.heat_level      = shoot_data.heat_level;
 493              		.loc 1 267 5 is_stmt 1 view .LVU134
 267:Core/Src/can_protocol.c ****     payload.heat_level      = shoot_data.heat_level;
 494              		.loc 1 267 41 is_stmt 0 view .LVU135
 495 0028 2B7C     		ldrb	r3, [r5, #16]
 267:Core/Src/can_protocol.c ****     payload.heat_level      = shoot_data.heat_level;
 496              		.loc 1 267 29 view .LVU136
 497 002a A371     		strb	r3, [r4, #6]
 268:Core/Src/can_protocol.c ****     __set_PRIMASK(primask);
 498              		.loc 1 268 5 is_stmt 1 view .LVU137
 268:Core/Src/can_protocol.c ****     __set_PRIMASK(primask);
 499              		.loc 1 268 41 is_stmt 0 view .LVU138
 500 002c 6B7C     		ldrb	r3, [r5, #17]
 268:Core/Src/can_protocol.c ****     __set_PRIMASK(primask);
 501              		.loc 1 268 29 view .LVU139
 502 002e E371     		strb	r3, [r4, #7]
 269:Core/Src/can_protocol.c **** 
 503              		.loc 1 269 5 is_stmt 1 view .LVU140
 504              	.LVL36:
 505              	.LBB37:
 506              	.LBI37:
 388:Drivers/CMSIS/Include/cmsis_gcc.h **** }
 389:Drivers/CMSIS/Include/cmsis_gcc.h **** 
 390:Drivers/CMSIS/Include/cmsis_gcc.h **** 
 391:Drivers/CMSIS/Include/cmsis_gcc.h **** #if (defined (__ARM_FEATURE_CMSE ) && (__ARM_FEATURE_CMSE == 3))
 392:Drivers/CMSIS/Include/cmsis_gcc.h **** /**
 393:Drivers/CMSIS/Include/cmsis_gcc.h ****   \brief   Get Priority Mask (non-secure)
 394:Drivers/CMSIS/Include/cmsis_gcc.h ****   \details Returns the current state of the non-secure priority mask bit from the Priority Mask Reg
 395:Drivers/CMSIS/Include/cmsis_gcc.h ****   \return               Priority Mask value
 396:Drivers/CMSIS/Include/cmsis_gcc.h ****  */
 397:Drivers/CMSIS/Include/cmsis_gcc.h **** __STATIC_FORCEINLINE uint32_t __TZ_get_PRIMASK_NS(void)
 398:Drivers/CMSIS/Include/cmsis_gcc.h **** {
 399:Drivers/CMSIS/Include/cmsis_gcc.h ****   uint32_t result;
 400:Drivers/CMSIS/Include/cmsis_gcc.h **** 
 401:Drivers/CMSIS/Include/cmsis_gcc.h ****   __ASM volatile ("MRS %0, primask_ns" : "=r" (result) :: "memory");
 402:Drivers/CMSIS/Include/cmsis_gcc.h ****   return(result);
 403:Drivers/CMSIS/Include/cmsis_gcc.h **** }
 404:Drivers/CMSIS/Include/cmsis_gcc.h **** #endif
 405:Drivers/CMSIS/Include/cmsis_gcc.h **** 
 406:Drivers/CMSIS/Include/cmsis_gcc.h **** 
ARM GAS  C:\Users\24705\AppData\Local\Temp\ccBRba3t.s 			page 25


 407:Drivers/CMSIS/Include/cmsis_gcc.h **** /**
 408:Drivers/CMSIS/Include/cmsis_gcc.h ****   \brief   Set Priority Mask
 409:Drivers/CMSIS/Include/cmsis_gcc.h ****   \details Assigns the given value to the Priority Mask Register.
 410:Drivers/CMSIS/Include/cmsis_gcc.h ****   \param [in]    priMask  Priority Mask
 411:Drivers/CMSIS/Include/cmsis_gcc.h ****  */
 412:Drivers/CMSIS/Include/cmsis_gcc.h **** __STATIC_FORCEINLINE void __set_PRIMASK(uint32_t priMask)
 507              		.loc 2 412 27 view .LVU141
 508              	.LBB38:
 413:Drivers/CMSIS/Include/cmsis_gcc.h **** {
 414:Drivers/CMSIS/Include/cmsis_gcc.h ****   __ASM volatile ("MSR primask, %0" : : "r" (priMask) : "memory");
 509              		.loc 2 414 3 view .LVU142
 510              		.syntax divided
 511              	@ 414 "Drivers/CMSIS/Include/cmsis_gcc.h" 1
 512 0030 86F31088 		MSR primask, r6
 513              	@ 0 "" 2
 514              	.LVL37:
 515              		.loc 2 414 3 is_stmt 0 view .LVU143
 516              		.thumb
 517              		.syntax unified
 518              	.LBE38:
 519              	.LBE37:
 271:Core/Src/can_protocol.c ****     tx_header.ExtId              = 0;
 520              		.loc 1 271 5 is_stmt 1 view .LVU144
 271:Core/Src/can_protocol.c ****     tx_header.ExtId              = 0;
 521              		.loc 1 271 34 is_stmt 0 view .LVU145
 522 0034 02A8     		add	r0, sp, #8
 523 0036 0E4B     		ldr	r3, .L33+8
 524 0038 0293     		str	r3, [sp, #8]
 272:Core/Src/can_protocol.c ****     tx_header.IDE                = CAN_ID_STD;
 525              		.loc 1 272 5 is_stmt 1 view .LVU146
 272:Core/Src/can_protocol.c ****     tx_header.IDE                = CAN_ID_STD;
 526              		.loc 1 272 34 is_stmt 0 view .LVU147
 527 003a 0023     		movs	r3, #0
 528 003c 4360     		str	r3, [r0, #4]
 273:Core/Src/can_protocol.c ****     tx_header.RTR                = CAN_RTR_DATA;
 529              		.loc 1 273 5 is_stmt 1 view .LVU148
 273:Core/Src/can_protocol.c ****     tx_header.RTR                = CAN_RTR_DATA;
 530              		.loc 1 273 34 is_stmt 0 view .LVU149
 531 003e 8360     		str	r3, [r0, #8]
 274:Core/Src/can_protocol.c ****     tx_header.DLC                = sizeof(CAN_ShootReport_t);
 532              		.loc 1 274 5 is_stmt 1 view .LVU150
 274:Core/Src/can_protocol.c ****     tx_header.DLC                = sizeof(CAN_ShootReport_t);
 533              		.loc 1 274 34 is_stmt 0 view .LVU151
 534 0040 C360     		str	r3, [r0, #12]
 275:Core/Src/can_protocol.c ****     tx_header.TransmitGlobalTime = DISABLE;
 535              		.loc 1 275 5 is_stmt 1 view .LVU152
 275:Core/Src/can_protocol.c ****     tx_header.TransmitGlobalTime = DISABLE;
 536              		.loc 1 275 34 is_stmt 0 view .LVU153
 537 0042 0822     		movs	r2, #8
 538 0044 0261     		str	r2, [r0, #16]
 276:Core/Src/can_protocol.c **** 
 539              		.loc 1 276 5 is_stmt 1 view .LVU154
 276:Core/Src/can_protocol.c **** 
 540              		.loc 1 276 34 is_stmt 0 view .LVU155
 541 0046 0375     		strb	r3, [r0, #20]
 278:Core/Src/can_protocol.c ****     if (status == HAL_OK) {
 542              		.loc 1 278 5 is_stmt 1 view .LVU156
ARM GAS  C:\Users\24705\AppData\Local\Temp\ccBRba3t.s 			page 26


 278:Core/Src/can_protocol.c ****     if (status == HAL_OK) {
 543              		.loc 1 278 32 is_stmt 0 view .LVU157
 544 0048 6946     		mov	r1, sp
 545 004a FFF7FEFF 		bl	send_frame_confirmed
 546              	.LVL38:
 279:Core/Src/can_protocol.c ****         g_can_stats.tx_status_ok++;
 547              		.loc 1 279 5 is_stmt 1 view .LVU158
 279:Core/Src/can_protocol.c ****         g_can_stats.tx_status_ok++;
 548              		.loc 1 279 8 is_stmt 0 view .LVU159
 549 004e 0028     		cmp	r0, #0
 550 0050 05D1     		bne	.L31
 280:Core/Src/can_protocol.c ****     } else {
 551              		.loc 1 280 9 is_stmt 1 view .LVU160
 280:Core/Src/can_protocol.c ****     } else {
 552              		.loc 1 280 20 is_stmt 0 view .LVU161
 553 0052 084A     		ldr	r2, .L33+12
 554 0054 D369     		ldr	r3, [r2, #28]
 280:Core/Src/can_protocol.c ****     } else {
 555              		.loc 1 280 33 view .LVU162
 556 0056 0133     		adds	r3, r3, #1
 557 0058 D361     		str	r3, [r2, #28]
 558              	.L32:
 284:Core/Src/can_protocol.c **** }
 559              		.loc 1 284 5 is_stmt 1 view .LVU163
 285:Core/Src/can_protocol.c **** 
 560              		.loc 1 285 1 is_stmt 0 view .LVU164
 561 005a 08B0     		add	sp, sp, #32
 562              		@ sp needed
 563              	.LVL39:
 285:Core/Src/can_protocol.c **** 
 564              		.loc 1 285 1 view .LVU165
 565 005c 70BD     		pop	{r4, r5, r6, pc}
 566              	.LVL40:
 567              	.L31:
 282:Core/Src/can_protocol.c ****     }
 568              		.loc 1 282 9 is_stmt 1 view .LVU166
 282:Core/Src/can_protocol.c ****     }
 569              		.loc 1 282 20 is_stmt 0 view .LVU167
 570 005e 054A     		ldr	r2, .L33+12
 571 0060 136A     		ldr	r3, [r2, #32]
 282:Core/Src/can_protocol.c ****     }
 572              		.loc 1 282 35 view .LVU168
 573 0062 0133     		adds	r3, r3, #1
 574 0064 1362     		str	r3, [r2, #32]
 575 0066 F8E7     		b	.L32
 576              	.L34:
 577              		.align	2
 578              	.L33:
 579 0068 00000000 		.word	shoot_data
 580 006c 0000C842 		.word	1120403456
 581 0070 32020000 		.word	562
 582 0074 00000000 		.word	g_can_stats
 583              		.cfi_endproc
 584              	.LFE52:
 586              		.section	.text.handle_led_cmd,"ax",%progbits
 587              		.align	1
 588              		.syntax unified
ARM GAS  C:\Users\24705\AppData\Local\Temp\ccBRba3t.s 			page 27


 589              		.code	16
 590              		.thumb_func
 592              	handle_led_cmd:
 593              	.LVL41:
 594              	.LFB54:
 310:Core/Src/can_protocol.c ****     switch (rx->cmd) {
 595              		.loc 1 310 1 is_stmt 1 view -0
 596              		.cfi_startproc
 597              		@ args = 0, pretend = 0, frame = 0
 598              		@ frame_needed = 0, uses_anonymous_args = 0
 310:Core/Src/can_protocol.c ****     switch (rx->cmd) {
 599              		.loc 1 310 1 is_stmt 0 view .LVU170
 600 0000 70B5     		push	{r4, r5, r6, lr}
 601              	.LCFI8:
 602              		.cfi_def_cfa_offset 16
 603              		.cfi_offset 4, -16
 604              		.cfi_offset 5, -12
 605              		.cfi_offset 6, -8
 606              		.cfi_offset 14, -4
 607 0002 0400     		movs	r4, r0
 311:Core/Src/can_protocol.c ****     case CAN_LED_TEAM_RED:
 608              		.loc 1 311 5 is_stmt 1 view .LVU171
 311:Core/Src/can_protocol.c ****     case CAN_LED_TEAM_RED:
 609              		.loc 1 311 15 is_stmt 0 view .LVU172
 610 0004 0378     		ldrb	r3, [r0]
 311:Core/Src/can_protocol.c ****     case CAN_LED_TEAM_RED:
 611              		.loc 1 311 5 view .LVU173
 612 0006 1F2B     		cmp	r3, #31
 613 0008 30D8     		bhi	.L43
 614 000a 9B00     		lsls	r3, r3, #2
 615 000c 184A     		ldr	r2, .L44
 616 000e D358     		ldr	r3, [r2, r3]
 617 0010 9F46     		mov	pc, r3
 618              		.section	.rodata.handle_led_cmd,"a",%progbits
 619              		.align	2
 620              	.L38:
 621 0000 60000000 		.word	.L42
 622 0004 12000000 		.word	.L41
 623 0008 22000000 		.word	.L40
 624 000c 32000000 		.word	.L39
 625 0010 6C000000 		.word	.L43
 626 0014 6C000000 		.word	.L43
 627 0018 6C000000 		.word	.L43
 628 001c 6C000000 		.word	.L43
 629 0020 6C000000 		.word	.L43
 630 0024 6C000000 		.word	.L43
 631 0028 6C000000 		.word	.L43
 632 002c 6C000000 		.word	.L43
 633 0030 6C000000 		.word	.L43
 634 0034 6C000000 		.word	.L43
 635 0038 6C000000 		.word	.L43
 636 003c 6C000000 		.word	.L43
 637 0040 52000000 		.word	.L37
 638 0044 52000000 		.word	.L37
 639 0048 52000000 		.word	.L37
 640 004c 6C000000 		.word	.L43
 641 0050 6C000000 		.word	.L43
ARM GAS  C:\Users\24705\AppData\Local\Temp\ccBRba3t.s 			page 28


 642 0054 6C000000 		.word	.L43
 643 0058 6C000000 		.word	.L43
 644 005c 6C000000 		.word	.L43
 645 0060 6C000000 		.word	.L43
 646 0064 6C000000 		.word	.L43
 647 0068 6C000000 		.word	.L43
 648 006c 6C000000 		.word	.L43
 649 0070 6C000000 		.word	.L43
 650 0074 6C000000 		.word	.L43
 651 0078 6C000000 		.word	.L43
 652 007c 52000000 		.word	.L37
 653              		.section	.text.handle_led_cmd
 654              	.L41:
 313:Core/Src/can_protocol.c ****         led_cmd.cmd    = CAN_LED_TEAM_RED;
 655              		.loc 1 313 9 is_stmt 1 view .LVU174
 313:Core/Src/can_protocol.c ****         led_cmd.cmd    = CAN_LED_TEAM_RED;
 656              		.loc 1 313 24 is_stmt 0 view .LVU175
 657 0012 184B     		ldr	r3, .L44+4
 658 0014 0122     		movs	r2, #1
 659 0016 1A70     		strb	r2, [r3]
 314:Core/Src/can_protocol.c ****         led_cmd.team   = 0;
 660              		.loc 1 314 9 is_stmt 1 view .LVU176
 314:Core/Src/can_protocol.c ****         led_cmd.team   = 0;
 661              		.loc 1 314 24 is_stmt 0 view .LVU177
 662 0018 5A70     		strb	r2, [r3, #1]
 315:Core/Src/can_protocol.c ****         break;
 663              		.loc 1 315 9 is_stmt 1 view .LVU178
 315:Core/Src/can_protocol.c ****         break;
 664              		.loc 1 315 24 is_stmt 0 view .LVU179
 665 001a 0022     		movs	r2, #0
 666 001c DA70     		strb	r2, [r3, #3]
 316:Core/Src/can_protocol.c ****     case CAN_LED_TEAM_BLUE:
 667              		.loc 1 316 9 is_stmt 1 view .LVU180
 346:Core/Src/can_protocol.c **** }
 668              		.loc 1 346 12 is_stmt 0 view .LVU181
 669 001e 0120     		movs	r0, #1
 670              	.LVL42:
 316:Core/Src/can_protocol.c ****     case CAN_LED_TEAM_BLUE:
 671              		.loc 1 316 9 view .LVU182
 672 0020 25E0     		b	.L36
 673              	.LVL43:
 674              	.L40:
 318:Core/Src/can_protocol.c ****         led_cmd.cmd    = CAN_LED_TEAM_BLUE;
 675              		.loc 1 318 9 is_stmt 1 view .LVU183
 318:Core/Src/can_protocol.c ****         led_cmd.cmd    = CAN_LED_TEAM_BLUE;
 676              		.loc 1 318 24 is_stmt 0 view .LVU184
 677 0022 144B     		ldr	r3, .L44+4
 678 0024 0122     		movs	r2, #1
 679 0026 1A70     		strb	r2, [r3]
 319:Core/Src/can_protocol.c ****         led_cmd.team   = 1;
 680              		.loc 1 319 9 is_stmt 1 view .LVU185
 319:Core/Src/can_protocol.c ****         led_cmd.team   = 1;
 681              		.loc 1 319 24 is_stmt 0 view .LVU186
 682 0028 0221     		movs	r1, #2
 683 002a 5970     		strb	r1, [r3, #1]
 320:Core/Src/can_protocol.c ****         break;
 684              		.loc 1 320 9 is_stmt 1 view .LVU187
ARM GAS  C:\Users\24705\AppData\Local\Temp\ccBRba3t.s 			page 29


 320:Core/Src/can_protocol.c ****         break;
 685              		.loc 1 320 24 is_stmt 0 view .LVU188
 686 002c DA70     		strb	r2, [r3, #3]
 321:Core/Src/can_protocol.c ****     case CAN_LED_HEAT_DATA:
 687              		.loc 1 321 9 is_stmt 1 view .LVU189
 346:Core/Src/can_protocol.c **** }
 688              		.loc 1 346 12 is_stmt 0 view .LVU190
 689 002e 0120     		movs	r0, #1
 690              	.LVL44:
 321:Core/Src/can_protocol.c ****     case CAN_LED_HEAT_DATA:
 691              		.loc 1 321 9 view .LVU191
 692 0030 1DE0     		b	.L36
 693              	.LVL45:
 694              	.L39:
 323:Core/Src/can_protocol.c ****             return false;
 695              		.loc 1 323 9 is_stmt 1 view .LVU192
 323:Core/Src/can_protocol.c ****             return false;
 696              		.loc 1 323 32 is_stmt 0 view .LVU193
 697 0032 4578     		ldrb	r5, [r0, #1]
 323:Core/Src/can_protocol.c ****             return false;
 698              		.loc 1 323 14 view .LVU194
 699 0034 FFF7FEFF 		bl	HAL_GetTick
 700              	.LVL46:
 323:Core/Src/can_protocol.c ****             return false;
 701              		.loc 1 323 14 view .LVU195
 702 0038 0100     		movs	r1, r0
 323:Core/Src/can_protocol.c ****             return false;
 703              		.loc 1 323 14 discriminator 1 view .LVU196
 704 003a 2800     		movs	r0, r5
 705 003c FFF7FEFF 		bl	Thermal_SetHeat
 706              	.LVL47:
 323:Core/Src/can_protocol.c ****             return false;
 707              		.loc 1 323 12 discriminator 2 view .LVU197
 708 0040 0028     		cmp	r0, #0
 709 0042 14D0     		beq	.L36
 328:Core/Src/can_protocol.c ****         led_cmd.cmd = CAN_LED_NORMAL;
 710              		.loc 1 328 9 is_stmt 1 view .LVU198
 328:Core/Src/can_protocol.c ****         led_cmd.cmd = CAN_LED_NORMAL;
 711              		.loc 1 328 24 is_stmt 0 view .LVU199
 712 0044 0B4B     		ldr	r3, .L44+4
 713 0046 0022     		movs	r2, #0
 714 0048 1A70     		strb	r2, [r3]
 329:Core/Src/can_protocol.c ****         led_cmd.heat_data = rx->heat_data;
 715              		.loc 1 329 9 is_stmt 1 view .LVU200
 329:Core/Src/can_protocol.c ****         led_cmd.heat_data = rx->heat_data;
 716              		.loc 1 329 21 is_stmt 0 view .LVU201
 717 004a 5A70     		strb	r2, [r3, #1]
 330:Core/Src/can_protocol.c ****         break;
 718              		.loc 1 330 9 is_stmt 1 view .LVU202
 330:Core/Src/can_protocol.c ****         break;
 719              		.loc 1 330 31 is_stmt 0 view .LVU203
 720 004c 6278     		ldrb	r2, [r4, #1]
 330:Core/Src/can_protocol.c ****         break;
 721              		.loc 1 330 27 view .LVU204
 722 004e 9A70     		strb	r2, [r3, #2]
 331:Core/Src/can_protocol.c ****     case CAN_LED_TEST_GREEN:
 723              		.loc 1 331 9 is_stmt 1 view .LVU205
ARM GAS  C:\Users\24705\AppData\Local\Temp\ccBRba3t.s 			page 30


 724 0050 0DE0     		b	.L36
 725              	.LVL48:
 726              	.L37:
 336:Core/Src/can_protocol.c ****         led_cmd.cmd    = rx->cmd;
 727              		.loc 1 336 9 view .LVU206
 336:Core/Src/can_protocol.c ****         led_cmd.cmd    = rx->cmd;
 728              		.loc 1 336 24 is_stmt 0 view .LVU207
 729 0052 084B     		ldr	r3, .L44+4
 730 0054 0122     		movs	r2, #1
 731 0056 1A70     		strb	r2, [r3]
 337:Core/Src/can_protocol.c ****         break;
 732              		.loc 1 337 9 is_stmt 1 view .LVU208
 337:Core/Src/can_protocol.c ****         break;
 733              		.loc 1 337 28 is_stmt 0 view .LVU209
 734 0058 0278     		ldrb	r2, [r0]
 337:Core/Src/can_protocol.c ****         break;
 735              		.loc 1 337 24 view .LVU210
 736 005a 5A70     		strb	r2, [r3, #1]
 338:Core/Src/can_protocol.c ****     case CAN_LED_NORMAL:
 737              		.loc 1 338 9 is_stmt 1 view .LVU211
 346:Core/Src/can_protocol.c **** }
 738              		.loc 1 346 12 is_stmt 0 view .LVU212
 739 005c 0120     		movs	r0, #1
 740              	.LVL49:
 338:Core/Src/can_protocol.c ****     case CAN_LED_NORMAL:
 741              		.loc 1 338 9 view .LVU213
 742 005e 06E0     		b	.L36
 743              	.LVL50:
 744              	.L42:
 340:Core/Src/can_protocol.c ****         led_cmd.cmd    = 0;
 745              		.loc 1 340 9 is_stmt 1 view .LVU214
 340:Core/Src/can_protocol.c ****         led_cmd.cmd    = 0;
 746              		.loc 1 340 24 is_stmt 0 view .LVU215
 747 0060 044B     		ldr	r3, .L44+4
 748 0062 0022     		movs	r2, #0
 749 0064 1A70     		strb	r2, [r3]
 341:Core/Src/can_protocol.c ****         break;
 750              		.loc 1 341 9 is_stmt 1 view .LVU216
 341:Core/Src/can_protocol.c ****         break;
 751              		.loc 1 341 24 is_stmt 0 view .LVU217
 752 0066 5A70     		strb	r2, [r3, #1]
 342:Core/Src/can_protocol.c ****     default:
 753              		.loc 1 342 9 is_stmt 1 view .LVU218
 346:Core/Src/can_protocol.c **** }
 754              		.loc 1 346 12 is_stmt 0 view .LVU219
 755 0068 0120     		movs	r0, #1
 756              	.LVL51:
 342:Core/Src/can_protocol.c ****     default:
 757              		.loc 1 342 9 view .LVU220
 758 006a 00E0     		b	.L36
 759              	.LVL52:
 760              	.L43:
 311:Core/Src/can_protocol.c ****     case CAN_LED_TEAM_RED:
 761              		.loc 1 311 5 view .LVU221
 762 006c 0020     		movs	r0, #0
 763              	.LVL53:
 764              	.L36:
ARM GAS  C:\Users\24705\AppData\Local\Temp\ccBRba3t.s 			page 31


 347:Core/Src/can_protocol.c **** 
 765              		.loc 1 347 1 view .LVU222
 766              		@ sp needed
 767              	.LVL54:
 347:Core/Src/can_protocol.c **** 
 768              		.loc 1 347 1 view .LVU223
 769 006e 70BD     		pop	{r4, r5, r6, pc}
 770              	.L45:
 771              		.align	2
 772              	.L44:
 773 0070 00000000 		.word	.L38
 774 0074 00000000 		.word	led_cmd
 775              		.cfi_endproc
 776              	.LFE54:
 778              		.section	.text.CANProtocol_GetLedCommand,"ax",%progbits
 779              		.align	1
 780              		.global	CANProtocol_GetLedCommand
 781              		.syntax unified
 782              		.code	16
 783              		.thumb_func
 785              	CANProtocol_GetLedCommand:
 786              	.LFB40:
  24:Core/Src/can_protocol.c ****     return &led_cmd;
 787              		.loc 1 24 1 is_stmt 1 view -0
 788              		.cfi_startproc
 789              		@ args = 0, pretend = 0, frame = 0
 790              		@ frame_needed = 0, uses_anonymous_args = 0
 791              		@ link register save eliminated.
  25:Core/Src/can_protocol.c **** }
 792              		.loc 1 25 5 view .LVU225
  25:Core/Src/can_protocol.c **** }
 793              		.loc 1 25 12 is_stmt 0 discriminator 1 view .LVU226
 794 0000 0048     		ldr	r0, .L47
  26:Core/Src/can_protocol.c **** 
 795              		.loc 1 26 1 view .LVU227
 796              		@ sp needed
 797 0002 7047     		bx	lr
 798              	.L48:
 799              		.align	2
 800              	.L47:
 801 0004 00000000 		.word	led_cmd
 802              		.cfi_endproc
 803              	.LFE40:
 805              		.section	.text.CANProtocol_Init,"ax",%progbits
 806              		.align	1
 807              		.global	CANProtocol_Init
 808              		.syntax unified
 809              		.code	16
 810              		.thumb_func
 812              	CANProtocol_Init:
 813              	.LVL55:
 814              	.LFB41:
  30:Core/Src/can_protocol.c ****     can_handle = hcan;
 815              		.loc 1 30 1 is_stmt 1 view -0
 816              		.cfi_startproc
 817              		@ args = 0, pretend = 0, frame = 0
 818              		@ frame_needed = 0, uses_anonymous_args = 0
ARM GAS  C:\Users\24705\AppData\Local\Temp\ccBRba3t.s 			page 32


 819              		@ link register save eliminated.
  31:Core/Src/can_protocol.c ****     shoot_report_request_count = 0U;
 820              		.loc 1 31 5 view .LVU229
  31:Core/Src/can_protocol.c ****     shoot_report_request_count = 0U;
 821              		.loc 1 31 16 is_stmt 0 view .LVU230
 822 0000 024B     		ldr	r3, .L50
 823 0002 1860     		str	r0, [r3]
  32:Core/Src/can_protocol.c **** }
 824              		.loc 1 32 5 is_stmt 1 view .LVU231
  32:Core/Src/can_protocol.c **** }
 825              		.loc 1 32 32 is_stmt 0 view .LVU232
 826 0004 024B     		ldr	r3, .L50+4
 827 0006 0022     		movs	r2, #0
 828 0008 1A70     		strb	r2, [r3]
  33:Core/Src/can_protocol.c **** 
 829              		.loc 1 33 1 view .LVU233
 830              		@ sp needed
 831 000a 7047     		bx	lr
 832              	.L51:
 833              		.align	2
 834              	.L50:
 835 000c 00000000 		.word	can_handle
 836 0010 00000000 		.word	shoot_report_request_count
 837              		.cfi_endproc
 838              	.LFE41:
 840              		.section	.text.CANProtocol_UpdateData,"ax",%progbits
 841              		.align	1
 842              		.global	CANProtocol_UpdateData
 843              		.syntax unified
 844              		.code	16
 845              		.thumb_func
 847              	CANProtocol_UpdateData:
 848              	.LVL56:
 849              	.LFB42:
  37:Core/Src/can_protocol.c ****     if (data != NULL) {
 850              		.loc 1 37 1 is_stmt 1 view -0
 851              		.cfi_startproc
 852              		@ args = 0, pretend = 0, frame = 0
 853              		@ frame_needed = 0, uses_anonymous_args = 0
  37:Core/Src/can_protocol.c ****     if (data != NULL) {
 854              		.loc 1 37 1 is_stmt 0 view .LVU235
 855 0000 70B5     		push	{r4, r5, r6, lr}
 856              	.LCFI9:
 857              		.cfi_def_cfa_offset 16
 858              		.cfi_offset 4, -16
 859              		.cfi_offset 5, -12
 860              		.cfi_offset 6, -8
 861              		.cfi_offset 14, -4
  38:Core/Src/can_protocol.c ****         uint32_t primask = __get_PRIMASK();
 862              		.loc 1 38 5 is_stmt 1 view .LVU236
  38:Core/Src/can_protocol.c ****         uint32_t primask = __get_PRIMASK();
 863              		.loc 1 38 8 is_stmt 0 view .LVU237
 864 0002 0028     		cmp	r0, #0
 865 0004 0AD0     		beq	.L52
 866              	.LBB39:
  39:Core/Src/can_protocol.c ****         __disable_irq();
 867              		.loc 1 39 9 is_stmt 1 view .LVU238
ARM GAS  C:\Users\24705\AppData\Local\Temp\ccBRba3t.s 			page 33


 868              	.LBB40:
 869              	.LBI40:
 382:Drivers/CMSIS/Include/cmsis_gcc.h **** {
 870              		.loc 2 382 31 view .LVU239
 871              	.LBB41:
 384:Drivers/CMSIS/Include/cmsis_gcc.h **** 
 872              		.loc 2 384 3 view .LVU240
 386:Drivers/CMSIS/Include/cmsis_gcc.h ****   return(result);
 873              		.loc 2 386 3 view .LVU241
 874              		.syntax divided
 875              	@ 386 "Drivers/CMSIS/Include/cmsis_gcc.h" 1
 876 0006 EFF31081 		MRS r1, primask
 877              	@ 0 "" 2
 878              	.LVL57:
 387:Drivers/CMSIS/Include/cmsis_gcc.h **** }
 879              		.loc 2 387 3 view .LVU242
 387:Drivers/CMSIS/Include/cmsis_gcc.h **** }
 880              		.loc 2 387 3 is_stmt 0 view .LVU243
 881              		.thumb
 882              		.syntax unified
 883              	.LBE41:
 884              	.LBE40:
  40:Core/Src/can_protocol.c ****         shoot_data = *data;
 885              		.loc 1 40 9 is_stmt 1 view .LVU244
 886              	.LBB42:
 887              	.LBI42:
 140:Drivers/CMSIS/Include/cmsis_gcc.h **** {
 888              		.loc 2 140 27 view .LVU245
 889              	.LBB43:
 142:Drivers/CMSIS/Include/cmsis_gcc.h **** }
 890              		.loc 2 142 3 view .LVU246
 891              		.syntax divided
 892              	@ 142 "Drivers/CMSIS/Include/cmsis_gcc.h" 1
 893 000a 72B6     		cpsid i
 894              	@ 0 "" 2
 895              		.thumb
 896              		.syntax unified
 897              	.LBE43:
 898              	.LBE42:
  41:Core/Src/can_protocol.c ****         __set_PRIMASK(primask);
 899              		.loc 1 41 9 view .LVU247
  41:Core/Src/can_protocol.c ****         __set_PRIMASK(primask);
 900              		.loc 1 41 20 is_stmt 0 view .LVU248
 901 000c 044A     		ldr	r2, .L54
 902 000e 1300     		movs	r3, r2
 903 0010 70C8     		ldmia	r0!, {r4, r5, r6}
 904 0012 70C3     		stmia	r3!, {r4, r5, r6}
 905              	.LVL58:
  41:Core/Src/can_protocol.c ****         __set_PRIMASK(primask);
 906              		.loc 1 41 20 view .LVU249
 907 0014 34C8     		ldmia	r0!, {r2, r4, r5}
 908 0016 34C3     		stmia	r3!, {r2, r4, r5}
 909              	.LVL59:
  42:Core/Src/can_protocol.c ****     }
 910              		.loc 1 42 9 is_stmt 1 view .LVU250
 911              	.LBB44:
 912              	.LBI44:
ARM GAS  C:\Users\24705\AppData\Local\Temp\ccBRba3t.s 			page 34


 412:Drivers/CMSIS/Include/cmsis_gcc.h **** {
 913              		.loc 2 412 27 view .LVU251
 914              	.LBB45:
 915              		.loc 2 414 3 view .LVU252
 916              		.syntax divided
 917              	@ 414 "Drivers/CMSIS/Include/cmsis_gcc.h" 1
 918 0018 81F31088 		MSR primask, r1
 919              	@ 0 "" 2
 920              	.LVL60:
 921              		.thumb
 922              		.syntax unified
 923              	.L52:
 924              		.loc 2 414 3 is_stmt 0 view .LVU253
 925              	.LBE45:
 926              	.LBE44:
 927              	.LBE39:
  44:Core/Src/can_protocol.c **** 
 928              		.loc 1 44 1 view .LVU254
 929              		@ sp needed
 930 001c 70BD     		pop	{r4, r5, r6, pc}
 931              	.L55:
 932 001e C046     		.align	2
 933              	.L54:
 934 0020 00000000 		.word	shoot_data
 935              		.cfi_endproc
 936              	.LFE42:
 938              		.section	.text.CANProtocol_SendWeakFault,"ax",%progbits
 939              		.align	1
 940              		.global	CANProtocol_SendWeakFault
 941              		.syntax unified
 942              		.code	16
 943              		.thumb_func
 945              	CANProtocol_SendWeakFault:
 946              	.LVL61:
 947              	.LFB44:
  64:Core/Src/can_protocol.c ****     return send_single_byte(CAN_WEAK_FAULT_ID, weak_mask);
 948              		.loc 1 64 1 is_stmt 1 view -0
 949              		.cfi_startproc
 950              		@ args = 0, pretend = 0, frame = 0
 951              		@ frame_needed = 0, uses_anonymous_args = 0
  64:Core/Src/can_protocol.c ****     return send_single_byte(CAN_WEAK_FAULT_ID, weak_mask);
 952              		.loc 1 64 1 is_stmt 0 view .LVU256
 953 0000 10B5     		push	{r4, lr}
 954              	.LCFI10:
 955              		.cfi_def_cfa_offset 8
 956              		.cfi_offset 4, -8
 957              		.cfi_offset 14, -4
 958 0002 0100     		movs	r1, r0
  65:Core/Src/can_protocol.c **** }
 959              		.loc 1 65 5 is_stmt 1 view .LVU257
  65:Core/Src/can_protocol.c **** }
 960              		.loc 1 65 12 is_stmt 0 view .LVU258
 961 0004 0148     		ldr	r0, .L57
 962              	.LVL62:
  65:Core/Src/can_protocol.c **** }
 963              		.loc 1 65 12 view .LVU259
 964 0006 FFF7FEFF 		bl	send_single_byte
ARM GAS  C:\Users\24705\AppData\Local\Temp\ccBRba3t.s 			page 35


 965              	.LVL63:
  66:Core/Src/can_protocol.c **** 
 966              		.loc 1 66 1 view .LVU260
 967              		@ sp needed
 968 000a 10BD     		pop	{r4, pc}
 969              	.L58:
 970              		.align	2
 971              	.L57:
 972 000c 11020000 		.word	529
 973              		.cfi_endproc
 974              	.LFE44:
 976              		.section	.text.CANProtocol_SendStrongFault,"ax",%progbits
 977              		.align	1
 978              		.global	CANProtocol_SendStrongFault
 979              		.syntax unified
 980              		.code	16
 981              		.thumb_func
 983              	CANProtocol_SendStrongFault:
 984              	.LVL64:
 985              	.LFB45:
  69:Core/Src/can_protocol.c ****     return send_single_byte(CAN_STRONG_FAULT_ID, strong_mask);
 986              		.loc 1 69 1 is_stmt 1 view -0
 987              		.cfi_startproc
 988              		@ args = 0, pretend = 0, frame = 0
 989              		@ frame_needed = 0, uses_anonymous_args = 0
  69:Core/Src/can_protocol.c ****     return send_single_byte(CAN_STRONG_FAULT_ID, strong_mask);
 990              		.loc 1 69 1 is_stmt 0 view .LVU262
 991 0000 10B5     		push	{r4, lr}
 992              	.LCFI11:
 993              		.cfi_def_cfa_offset 8
 994              		.cfi_offset 4, -8
 995              		.cfi_offset 14, -4
 996 0002 0100     		movs	r1, r0
  70:Core/Src/can_protocol.c **** }
 997              		.loc 1 70 5 is_stmt 1 view .LVU263
  70:Core/Src/can_protocol.c **** }
 998              		.loc 1 70 12 is_stmt 0 view .LVU264
 999 0004 8420     		movs	r0, #132
 1000              	.LVL65:
  70:Core/Src/can_protocol.c **** }
 1001              		.loc 1 70 12 view .LVU265
 1002 0006 8000     		lsls	r0, r0, #2
 1003 0008 FFF7FEFF 		bl	send_single_byte
 1004              	.LVL66:
  71:Core/Src/can_protocol.c **** 
 1005              		.loc 1 71 1 view .LVU266
 1006              		@ sp needed
 1007 000c 10BD     		pop	{r4, pc}
 1008              		.cfi_endproc
 1009              	.LFE45:
 1011              		.section	.text.CANProtocol_SendBoot,"ax",%progbits
 1012              		.align	1
 1013              		.global	CANProtocol_SendBoot
 1014              		.syntax unified
 1015              		.code	16
 1016              		.thumb_func
 1018              	CANProtocol_SendBoot:
ARM GAS  C:\Users\24705\AppData\Local\Temp\ccBRba3t.s 			page 36


 1019              	.LFB46:
  74:Core/Src/can_protocol.c ****     CAN_TxHeaderTypeDef tx_header = {0};
 1020              		.loc 1 74 1 is_stmt 1 view -0
 1021              		.cfi_startproc
 1022              		@ args = 0, pretend = 0, frame = 32
 1023              		@ frame_needed = 0, uses_anonymous_args = 0
 1024 0000 00B5     		push	{lr}
 1025              	.LCFI12:
 1026              		.cfi_def_cfa_offset 4
 1027              		.cfi_offset 14, -4
 1028 0002 89B0     		sub	sp, sp, #36
 1029              	.LCFI13:
 1030              		.cfi_def_cfa_offset 40
  75:Core/Src/can_protocol.c ****     uint8_t unused = 0U;
 1031              		.loc 1 75 5 view .LVU268
  75:Core/Src/can_protocol.c ****     uint8_t unused = 0U;
 1032              		.loc 1 75 25 is_stmt 0 view .LVU269
 1033 0004 1822     		movs	r2, #24
 1034 0006 0021     		movs	r1, #0
 1035 0008 02A8     		add	r0, sp, #8
 1036 000a FFF7FEFF 		bl	memset
 1037              	.LVL67:
  76:Core/Src/can_protocol.c ****     uint32_t tx_mailbox = 0;
 1038              		.loc 1 76 5 is_stmt 1 view .LVU270
  76:Core/Src/can_protocol.c ****     uint32_t tx_mailbox = 0;
 1039              		.loc 1 76 13 is_stmt 0 view .LVU271
 1040 000e 0023     		movs	r3, #0
 1041 0010 6A46     		mov	r2, sp
 1042 0012 D371     		strb	r3, [r2, #7]
  77:Core/Src/can_protocol.c **** 
 1043              		.loc 1 77 5 is_stmt 1 view .LVU272
  77:Core/Src/can_protocol.c **** 
 1044              		.loc 1 77 14 is_stmt 0 view .LVU273
 1045 0014 0093     		str	r3, [sp]
  79:Core/Src/can_protocol.c ****         HAL_CAN_GetState(can_handle) != HAL_CAN_STATE_LISTENING) {
 1046              		.loc 1 79 5 is_stmt 1 view .LVU274
  79:Core/Src/can_protocol.c ****         HAL_CAN_GetState(can_handle) != HAL_CAN_STATE_LISTENING) {
 1047              		.loc 1 79 20 is_stmt 0 view .LVU275
 1048 0016 0D4B     		ldr	r3, .L64
 1049 0018 1868     		ldr	r0, [r3]
  79:Core/Src/can_protocol.c ****         HAL_CAN_GetState(can_handle) != HAL_CAN_STATE_LISTENING) {
 1050              		.loc 1 79 8 view .LVU276
 1051 001a 0028     		cmp	r0, #0
 1052 001c 03D0     		beq	.L61
  80:Core/Src/can_protocol.c ****         return HAL_ERROR;
 1053              		.loc 1 80 9 view .LVU277
 1054 001e FFF7FEFF 		bl	HAL_CAN_GetState
 1055              	.LVL68:
  79:Core/Src/can_protocol.c ****         HAL_CAN_GetState(can_handle) != HAL_CAN_STATE_LISTENING) {
 1056              		.loc 1 79 28 discriminator 1 view .LVU278
 1057 0022 0228     		cmp	r0, #2
 1058 0024 02D0     		beq	.L62
 1059              	.L61:
  81:Core/Src/can_protocol.c ****     }
 1060              		.loc 1 81 9 is_stmt 1 view .LVU279
  81:Core/Src/can_protocol.c ****     }
 1061              		.loc 1 81 16 is_stmt 0 view .LVU280
ARM GAS  C:\Users\24705\AppData\Local\Temp\ccBRba3t.s 			page 37


 1062 0026 0120     		movs	r0, #1
 1063              	.L63:
  89:Core/Src/can_protocol.c **** 
 1064              		.loc 1 89 1 view .LVU281
 1065 0028 09B0     		add	sp, sp, #36
 1066              		@ sp needed
 1067 002a 00BD     		pop	{pc}
 1068              	.L62:
  83:Core/Src/can_protocol.c ****     tx_header.IDE = CAN_ID_STD;
 1069              		.loc 1 83 5 is_stmt 1 view .LVU282
  83:Core/Src/can_protocol.c ****     tx_header.IDE = CAN_ID_STD;
 1070              		.loc 1 83 21 is_stmt 0 view .LVU283
 1071 002c 02A9     		add	r1, sp, #8
 1072 002e 084B     		ldr	r3, .L64+4
 1073 0030 0293     		str	r3, [sp, #8]
  84:Core/Src/can_protocol.c ****     tx_header.RTR = CAN_RTR_DATA;
 1074              		.loc 1 84 5 is_stmt 1 view .LVU284
  84:Core/Src/can_protocol.c ****     tx_header.RTR = CAN_RTR_DATA;
 1075              		.loc 1 84 19 is_stmt 0 view .LVU285
 1076 0032 0023     		movs	r3, #0
 1077 0034 8B60     		str	r3, [r1, #8]
  85:Core/Src/can_protocol.c ****     tx_header.DLC = 0;
 1078              		.loc 1 85 5 is_stmt 1 view .LVU286
  85:Core/Src/can_protocol.c ****     tx_header.DLC = 0;
 1079              		.loc 1 85 19 is_stmt 0 view .LVU287
 1080 0036 CB60     		str	r3, [r1, #12]
  86:Core/Src/can_protocol.c ****     tx_header.TransmitGlobalTime = DISABLE;
 1081              		.loc 1 86 5 is_stmt 1 view .LVU288
  86:Core/Src/can_protocol.c ****     tx_header.TransmitGlobalTime = DISABLE;
 1082              		.loc 1 86 19 is_stmt 0 view .LVU289
 1083 0038 0B61     		str	r3, [r1, #16]
  87:Core/Src/can_protocol.c ****     return HAL_CAN_AddTxMessage(can_handle, &tx_header, &unused, &tx_mailbox);
 1084              		.loc 1 87 5 is_stmt 1 view .LVU290
  87:Core/Src/can_protocol.c ****     return HAL_CAN_AddTxMessage(can_handle, &tx_header, &unused, &tx_mailbox);
 1085              		.loc 1 87 34 is_stmt 0 view .LVU291
 1086 003a 0B75     		strb	r3, [r1, #20]
  88:Core/Src/can_protocol.c **** }
 1087              		.loc 1 88 5 is_stmt 1 view .LVU292
  88:Core/Src/can_protocol.c **** }
 1088              		.loc 1 88 12 is_stmt 0 view .LVU293
 1089 003c 034B     		ldr	r3, .L64
 1090 003e 1868     		ldr	r0, [r3]
 1091 0040 6B46     		mov	r3, sp
 1092 0042 6A46     		mov	r2, sp
 1093 0044 0732     		adds	r2, r2, #7
 1094 0046 FFF7FEFF 		bl	HAL_CAN_AddTxMessage
 1095              	.LVL69:
 1096 004a EDE7     		b	.L63
 1097              	.L65:
 1098              		.align	2
 1099              	.L64:
 1100 004c 00000000 		.word	can_handle
 1101 0050 12020000 		.word	530
 1102              		.cfi_endproc
 1103              	.LFE46:
 1105              		.section	.text.CANProtocol_SendCalibrationAck,"ax",%progbits
 1106              		.align	1
ARM GAS  C:\Users\24705\AppData\Local\Temp\ccBRba3t.s 			page 38


 1107              		.global	CANProtocol_SendCalibrationAck
 1108              		.syntax unified
 1109              		.code	16
 1110              		.thumb_func
 1112              	CANProtocol_SendCalibrationAck:
 1113              	.LVL70:
 1114              	.LFB47:
  95:Core/Src/can_protocol.c ****     CAN_TxHeaderTypeDef tx_header = {0};
 1115              		.loc 1 95 1 is_stmt 1 view -0
 1116              		.cfi_startproc
 1117              		@ args = 0, pretend = 0, frame = 40
 1118              		@ frame_needed = 0, uses_anonymous_args = 0
  95:Core/Src/can_protocol.c ****     CAN_TxHeaderTypeDef tx_header = {0};
 1119              		.loc 1 95 1 is_stmt 0 view .LVU295
 1120 0000 F0B5     		push	{r4, r5, r6, r7, lr}
 1121              	.LCFI14:
 1122              		.cfi_def_cfa_offset 20
 1123              		.cfi_offset 4, -20
 1124              		.cfi_offset 5, -16
 1125              		.cfi_offset 6, -12
 1126              		.cfi_offset 7, -8
 1127              		.cfi_offset 14, -4
 1128 0002 8BB0     		sub	sp, sp, #44
 1129              	.LCFI15:
 1130              		.cfi_def_cfa_offset 64
 1131 0004 0700     		movs	r7, r0
 1132 0006 0E00     		movs	r6, r1
 1133 0008 1500     		movs	r5, r2
 1134 000a 1C00     		movs	r4, r3
  96:Core/Src/can_protocol.c ****     uint8_t payload[8];
 1135              		.loc 1 96 5 is_stmt 1 view .LVU296
  96:Core/Src/can_protocol.c ****     uint8_t payload[8];
 1136              		.loc 1 96 25 is_stmt 0 view .LVU297
 1137 000c 1822     		movs	r2, #24
 1138              	.LVL71:
  96:Core/Src/can_protocol.c ****     uint8_t payload[8];
 1139              		.loc 1 96 25 view .LVU298
 1140 000e 0021     		movs	r1, #0
 1141              	.LVL72:
  96:Core/Src/can_protocol.c ****     uint8_t payload[8];
 1142              		.loc 1 96 25 view .LVU299
 1143 0010 04A8     		add	r0, sp, #16
 1144              	.LVL73:
  96:Core/Src/can_protocol.c ****     uint8_t payload[8];
 1145              		.loc 1 96 25 view .LVU300
 1146 0012 FFF7FEFF 		bl	memset
 1147              	.LVL74:
  97:Core/Src/can_protocol.c ****     uint32_t tx_mailbox = 0;
 1148              		.loc 1 97 5 is_stmt 1 view .LVU301
  98:Core/Src/can_protocol.c **** 
 1149              		.loc 1 98 5 view .LVU302
  98:Core/Src/can_protocol.c **** 
 1150              		.loc 1 98 14 is_stmt 0 view .LVU303
 1151 0016 0023     		movs	r3, #0
 1152 0018 0193     		str	r3, [sp, #4]
 100:Core/Src/can_protocol.c ****         HAL_CAN_GetState(can_handle) != HAL_CAN_STATE_LISTENING) {
 1153              		.loc 1 100 5 is_stmt 1 view .LVU304
ARM GAS  C:\Users\24705\AppData\Local\Temp\ccBRba3t.s 			page 39


 100:Core/Src/can_protocol.c ****         HAL_CAN_GetState(can_handle) != HAL_CAN_STATE_LISTENING) {
 1154              		.loc 1 100 20 is_stmt 0 view .LVU305
 1155 001a 134B     		ldr	r3, .L70
 1156 001c 1868     		ldr	r0, [r3]
 100:Core/Src/can_protocol.c ****         HAL_CAN_GetState(can_handle) != HAL_CAN_STATE_LISTENING) {
 1157              		.loc 1 100 8 view .LVU306
 1158 001e 0028     		cmp	r0, #0
 1159 0020 03D0     		beq	.L67
 101:Core/Src/can_protocol.c ****         return HAL_ERROR;
 1160              		.loc 1 101 9 view .LVU307
 1161 0022 FFF7FEFF 		bl	HAL_CAN_GetState
 1162              	.LVL75:
 100:Core/Src/can_protocol.c ****         HAL_CAN_GetState(can_handle) != HAL_CAN_STATE_LISTENING) {
 1163              		.loc 1 100 28 discriminator 1 view .LVU308
 1164 0026 0228     		cmp	r0, #2
 1165 0028 02D0     		beq	.L68
 1166              	.L67:
 102:Core/Src/can_protocol.c ****     }
 1167              		.loc 1 102 9 is_stmt 1 view .LVU309
 102:Core/Src/can_protocol.c ****     }
 1168              		.loc 1 102 16 is_stmt 0 view .LVU310
 1169 002a 0120     		movs	r0, #1
 1170              	.LVL76:
 1171              	.L69:
 119:Core/Src/can_protocol.c **** 
 1172              		.loc 1 119 1 view .LVU311
 1173 002c 0BB0     		add	sp, sp, #44
 1174              		@ sp needed
 1175 002e F0BD     		pop	{r4, r5, r6, r7, pc}
 1176              	.L68:
 105:Core/Src/can_protocol.c ****     payload[1] = (uint8_t)(old_front >> 8);
 1177              		.loc 1 105 5 is_stmt 1 view .LVU312
 105:Core/Src/can_protocol.c ****     payload[1] = (uint8_t)(old_front >> 8);
 1178              		.loc 1 105 16 is_stmt 0 view .LVU313
 1179 0030 02AA     		add	r2, sp, #8
 1180 0032 1770     		strb	r7, [r2]
 106:Core/Src/can_protocol.c ****     payload[2] = (uint8_t)(new_front >> 0);
 1181              		.loc 1 106 5 is_stmt 1 view .LVU314
 106:Core/Src/can_protocol.c ****     payload[2] = (uint8_t)(new_front >> 0);
 1182              		.loc 1 106 18 is_stmt 0 view .LVU315
 1183 0034 3F0A     		lsrs	r7, r7, #8
 106:Core/Src/can_protocol.c ****     payload[2] = (uint8_t)(new_front >> 0);
 1184              		.loc 1 106 16 view .LVU316
 1185 0036 5770     		strb	r7, [r2, #1]
 107:Core/Src/can_protocol.c ****     payload[3] = (uint8_t)(new_front >> 8);
 1186              		.loc 1 107 5 is_stmt 1 view .LVU317
 107:Core/Src/can_protocol.c ****     payload[3] = (uint8_t)(new_front >> 8);
 1187              		.loc 1 107 16 is_stmt 0 view .LVU318
 1188 0038 9670     		strb	r6, [r2, #2]
 108:Core/Src/can_protocol.c ****     payload[4] = (uint8_t)(old_rear >> 0);
 1189              		.loc 1 108 5 is_stmt 1 view .LVU319
 108:Core/Src/can_protocol.c ****     payload[4] = (uint8_t)(old_rear >> 0);
 1190              		.loc 1 108 18 is_stmt 0 view .LVU320
 1191 003a 360A     		lsrs	r6, r6, #8
 108:Core/Src/can_protocol.c ****     payload[4] = (uint8_t)(old_rear >> 0);
 1192              		.loc 1 108 16 view .LVU321
 1193 003c D670     		strb	r6, [r2, #3]
ARM GAS  C:\Users\24705\AppData\Local\Temp\ccBRba3t.s 			page 40


 109:Core/Src/can_protocol.c ****     payload[5] = (uint8_t)(old_rear >> 8);
 1194              		.loc 1 109 5 is_stmt 1 view .LVU322
 109:Core/Src/can_protocol.c ****     payload[5] = (uint8_t)(old_rear >> 8);
 1195              		.loc 1 109 16 is_stmt 0 view .LVU323
 1196 003e 1571     		strb	r5, [r2, #4]
 110:Core/Src/can_protocol.c ****     payload[6] = (uint8_t)(new_rear >> 0);
 1197              		.loc 1 110 5 is_stmt 1 view .LVU324
 110:Core/Src/can_protocol.c ****     payload[6] = (uint8_t)(new_rear >> 0);
 1198              		.loc 1 110 18 is_stmt 0 view .LVU325
 1199 0040 2D0A     		lsrs	r5, r5, #8
 110:Core/Src/can_protocol.c ****     payload[6] = (uint8_t)(new_rear >> 0);
 1200              		.loc 1 110 16 view .LVU326
 1201 0042 5571     		strb	r5, [r2, #5]
 111:Core/Src/can_protocol.c ****     payload[7] = (uint8_t)(new_rear >> 8);
 1202              		.loc 1 111 5 is_stmt 1 view .LVU327
 111:Core/Src/can_protocol.c ****     payload[7] = (uint8_t)(new_rear >> 8);
 1203              		.loc 1 111 16 is_stmt 0 view .LVU328
 1204 0044 9471     		strb	r4, [r2, #6]
 112:Core/Src/can_protocol.c ****     tx_header.StdId = CAN_CALIBRATE_ACK_ID;
 1205              		.loc 1 112 5 is_stmt 1 view .LVU329
 112:Core/Src/can_protocol.c ****     tx_header.StdId = CAN_CALIBRATE_ACK_ID;
 1206              		.loc 1 112 18 is_stmt 0 view .LVU330
 1207 0046 240A     		lsrs	r4, r4, #8
 112:Core/Src/can_protocol.c ****     tx_header.StdId = CAN_CALIBRATE_ACK_ID;
 1208              		.loc 1 112 16 view .LVU331
 1209 0048 D471     		strb	r4, [r2, #7]
 113:Core/Src/can_protocol.c ****     tx_header.IDE = CAN_ID_STD;
 1210              		.loc 1 113 5 is_stmt 1 view .LVU332
 113:Core/Src/can_protocol.c ****     tx_header.IDE = CAN_ID_STD;
 1211              		.loc 1 113 21 is_stmt 0 view .LVU333
 1212 004a 04A9     		add	r1, sp, #16
 1213 004c 074B     		ldr	r3, .L70+4
 1214 004e 0493     		str	r3, [sp, #16]
 114:Core/Src/can_protocol.c ****     tx_header.RTR = CAN_RTR_DATA;
 1215              		.loc 1 114 5 is_stmt 1 view .LVU334
 114:Core/Src/can_protocol.c ****     tx_header.RTR = CAN_RTR_DATA;
 1216              		.loc 1 114 19 is_stmt 0 view .LVU335
 1217 0050 0023     		movs	r3, #0
 1218 0052 8B60     		str	r3, [r1, #8]
 115:Core/Src/can_protocol.c ****     tx_header.DLC = 8;
 1219              		.loc 1 115 5 is_stmt 1 view .LVU336
 115:Core/Src/can_protocol.c ****     tx_header.DLC = 8;
 1220              		.loc 1 115 19 is_stmt 0 view .LVU337
 1221 0054 CB60     		str	r3, [r1, #12]
 116:Core/Src/can_protocol.c ****     tx_header.TransmitGlobalTime = DISABLE;
 1222              		.loc 1 116 5 is_stmt 1 view .LVU338
 116:Core/Src/can_protocol.c ****     tx_header.TransmitGlobalTime = DISABLE;
 1223              		.loc 1 116 19 is_stmt 0 view .LVU339
 1224 0056 0820     		movs	r0, #8
 1225 0058 0861     		str	r0, [r1, #16]
 117:Core/Src/can_protocol.c ****     return HAL_CAN_AddTxMessage(can_handle, &tx_header, payload, &tx_mailbox);
 1226              		.loc 1 117 5 is_stmt 1 view .LVU340
 117:Core/Src/can_protocol.c ****     return HAL_CAN_AddTxMessage(can_handle, &tx_header, payload, &tx_mailbox);
 1227              		.loc 1 117 34 is_stmt 0 view .LVU341
 1228 005a 0B75     		strb	r3, [r1, #20]
 118:Core/Src/can_protocol.c **** }
 1229              		.loc 1 118 5 is_stmt 1 view .LVU342
ARM GAS  C:\Users\24705\AppData\Local\Temp\ccBRba3t.s 			page 41


 118:Core/Src/can_protocol.c **** }
 1230              		.loc 1 118 12 is_stmt 0 view .LVU343
 1231 005c 024B     		ldr	r3, .L70
 1232 005e 1868     		ldr	r0, [r3]
 1233 0060 01AB     		add	r3, sp, #4
 1234 0062 FFF7FEFF 		bl	HAL_CAN_AddTxMessage
 1235              	.LVL77:
 1236 0066 E1E7     		b	.L69
 1237              	.L71:
 1238              		.align	2
 1239              	.L70:
 1240 0068 00000000 		.word	can_handle
 1241 006c 21020000 		.word	545
 1242              		.cfi_endproc
 1243              	.LFE47:
 1245              		.section	.text.CANProtocol_TakeCalibrationRequest,"ax",%progbits
 1246              		.align	1
 1247              		.global	CANProtocol_TakeCalibrationRequest
 1248              		.syntax unified
 1249              		.code	16
 1250              		.thumb_func
 1252              	CANProtocol_TakeCalibrationRequest:
 1253              	.LFB48:
 122:Core/Src/can_protocol.c ****     uint32_t primask = __get_PRIMASK();
 1254              		.loc 1 122 1 is_stmt 1 view -0
 1255              		.cfi_startproc
 1256              		@ args = 0, pretend = 0, frame = 0
 1257              		@ frame_needed = 0, uses_anonymous_args = 0
 1258              		@ link register save eliminated.
 123:Core/Src/can_protocol.c ****     __disable_irq();
 1259              		.loc 1 123 5 view .LVU345
 1260              	.LBB46:
 1261              	.LBI46:
 382:Drivers/CMSIS/Include/cmsis_gcc.h **** {
 1262              		.loc 2 382 31 view .LVU346
 1263              	.LBB47:
 384:Drivers/CMSIS/Include/cmsis_gcc.h **** 
 1264              		.loc 2 384 3 view .LVU347
 386:Drivers/CMSIS/Include/cmsis_gcc.h ****   return(result);
 1265              		.loc 2 386 3 view .LVU348
 1266              		.syntax divided
 1267              	@ 386 "Drivers/CMSIS/Include/cmsis_gcc.h" 1
 1268 0000 EFF31082 		MRS r2, primask
 1269              	@ 0 "" 2
 1270              	.LVL78:
 387:Drivers/CMSIS/Include/cmsis_gcc.h **** }
 1271              		.loc 2 387 3 view .LVU349
 387:Drivers/CMSIS/Include/cmsis_gcc.h **** }
 1272              		.loc 2 387 3 is_stmt 0 view .LVU350
 1273              		.thumb
 1274              		.syntax unified
 1275              	.LBE47:
 1276              	.LBE46:
 124:Core/Src/can_protocol.c ****     bool requested = calibration_requested;
 1277              		.loc 1 124 5 is_stmt 1 view .LVU351
 1278              	.LBB48:
 1279              	.LBI48:
ARM GAS  C:\Users\24705\AppData\Local\Temp\ccBRba3t.s 			page 42


 140:Drivers/CMSIS/Include/cmsis_gcc.h **** {
 1280              		.loc 2 140 27 view .LVU352
 1281              	.LBB49:
 142:Drivers/CMSIS/Include/cmsis_gcc.h **** }
 1282              		.loc 2 142 3 view .LVU353
 1283              		.syntax divided
 1284              	@ 142 "Drivers/CMSIS/Include/cmsis_gcc.h" 1
 1285 0004 72B6     		cpsid i
 1286              	@ 0 "" 2
 1287              		.thumb
 1288              		.syntax unified
 1289              	.LBE49:
 1290              	.LBE48:
 125:Core/Src/can_protocol.c ****     calibration_requested = false;
 1291              		.loc 1 125 5 view .LVU354
 125:Core/Src/can_protocol.c ****     calibration_requested = false;
 1292              		.loc 1 125 10 is_stmt 0 view .LVU355
 1293 0006 044B     		ldr	r3, .L73
 1294 0008 1878     		ldrb	r0, [r3]
 1295 000a C0B2     		uxtb	r0, r0
 1296              	.LVL79:
 126:Core/Src/can_protocol.c ****     __set_PRIMASK(primask);
 1297              		.loc 1 126 5 is_stmt 1 view .LVU356
 126:Core/Src/can_protocol.c ****     __set_PRIMASK(primask);
 1298              		.loc 1 126 27 is_stmt 0 view .LVU357
 1299 000c 0021     		movs	r1, #0
 1300 000e 1970     		strb	r1, [r3]
 127:Core/Src/can_protocol.c ****     return requested;
 1301              		.loc 1 127 5 is_stmt 1 view .LVU358
 1302              	.LVL80:
 1303              	.LBB50:
 1304              	.LBI50:
 412:Drivers/CMSIS/Include/cmsis_gcc.h **** {
 1305              		.loc 2 412 27 view .LVU359
 1306              	.LBB51:
 1307              		.loc 2 414 3 view .LVU360
 1308              		.syntax divided
 1309              	@ 414 "Drivers/CMSIS/Include/cmsis_gcc.h" 1
 1310 0010 82F31088 		MSR primask, r2
 1311              	@ 0 "" 2
 1312              	.LVL81:
 1313              		.loc 2 414 3 is_stmt 0 view .LVU361
 1314              		.thumb
 1315              		.syntax unified
 1316              	.LBE51:
 1317              	.LBE50:
 128:Core/Src/can_protocol.c **** }
 1318              		.loc 1 128 5 is_stmt 1 view .LVU362
 129:Core/Src/can_protocol.c **** 
 1319              		.loc 1 129 1 is_stmt 0 view .LVU363
 1320              		@ sp needed
 1321 0014 7047     		bx	lr
 1322              	.L74:
 1323 0016 C046     		.align	2
 1324              	.L73:
 1325 0018 00000000 		.word	calibration_requested
 1326              		.cfi_endproc
ARM GAS  C:\Users\24705\AppData\Local\Temp\ccBRba3t.s 			page 43


 1327              	.LFE48:
 1329              		.section	.text.CANProtocol_SendHeartbeat,"ax",%progbits
 1330              		.align	1
 1331              		.global	CANProtocol_SendHeartbeat
 1332              		.syntax unified
 1333              		.code	16
 1334              		.thumb_func
 1336              	CANProtocol_SendHeartbeat:
 1337              	.LFB49:
 133:Core/Src/can_protocol.c ****     CAN_TxHeaderTypeDef tx_header = {0};
 1338              		.loc 1 133 1 is_stmt 1 view -0
 1339              		.cfi_startproc
 1340              		@ args = 0, pretend = 0, frame = 40
 1341              		@ frame_needed = 0, uses_anonymous_args = 0
 1342 0000 10B5     		push	{r4, lr}
 1343              	.LCFI16:
 1344              		.cfi_def_cfa_offset 8
 1345              		.cfi_offset 4, -8
 1346              		.cfi_offset 14, -4
 1347 0002 8AB0     		sub	sp, sp, #40
 1348              	.LCFI17:
 1349              		.cfi_def_cfa_offset 48
 134:Core/Src/can_protocol.c ****     uint8_t payload[8] = {0};
 1350              		.loc 1 134 5 view .LVU365
 134:Core/Src/can_protocol.c ****     uint8_t payload[8] = {0};
 1351              		.loc 1 134 25 is_stmt 0 view .LVU366
 1352 0004 1822     		movs	r2, #24
 1353 0006 0021     		movs	r1, #0
 1354 0008 04A8     		add	r0, sp, #16
 1355 000a FFF7FEFF 		bl	memset
 1356              	.LVL82:
 135:Core/Src/can_protocol.c ****     uint32_t tx_mailbox = 0;
 1357              		.loc 1 135 5 is_stmt 1 view .LVU367
 135:Core/Src/can_protocol.c ****     uint32_t tx_mailbox = 0;
 1358              		.loc 1 135 13 is_stmt 0 view .LVU368
 1359 000e 0822     		movs	r2, #8
 1360 0010 0021     		movs	r1, #0
 1361 0012 02A8     		add	r0, sp, #8
 1362 0014 FFF7FEFF 		bl	memset
 1363              	.LVL83:
 136:Core/Src/can_protocol.c ****     uint32_t uptime_s = HAL_GetTick() / 1000U;
 1364              		.loc 1 136 5 is_stmt 1 view .LVU369
 136:Core/Src/can_protocol.c ****     uint32_t uptime_s = HAL_GetTick() / 1000U;
 1365              		.loc 1 136 14 is_stmt 0 view .LVU370
 1366 0018 0023     		movs	r3, #0
 1367 001a 0193     		str	r3, [sp, #4]
 137:Core/Src/can_protocol.c ****     HAL_StatusTypeDef status;
 1368              		.loc 1 137 5 is_stmt 1 view .LVU371
 137:Core/Src/can_protocol.c ****     HAL_StatusTypeDef status;
 1369              		.loc 1 137 25 is_stmt 0 view .LVU372
 1370 001c FFF7FEFF 		bl	HAL_GetTick
 1371              	.LVL84:
 137:Core/Src/can_protocol.c ****     HAL_StatusTypeDef status;
 1372              		.loc 1 137 14 discriminator 1 view .LVU373
 1373 0020 FA21     		movs	r1, #250
 1374 0022 8900     		lsls	r1, r1, #2
 1375 0024 FFF7FEFF 		bl	__aeabi_uidiv
ARM GAS  C:\Users\24705\AppData\Local\Temp\ccBRba3t.s 			page 44


 1376              	.LVL85:
 1377 0028 0400     		movs	r4, r0
 1378              	.LVL86:
 138:Core/Src/can_protocol.c **** 
 1379              		.loc 1 138 5 is_stmt 1 view .LVU374
 140:Core/Src/can_protocol.c ****         HAL_CAN_GetState(can_handle) != HAL_CAN_STATE_LISTENING) {
 1380              		.loc 1 140 5 view .LVU375
 140:Core/Src/can_protocol.c ****         HAL_CAN_GetState(can_handle) != HAL_CAN_STATE_LISTENING) {
 1381              		.loc 1 140 20 is_stmt 0 view .LVU376
 1382 002a 1E4B     		ldr	r3, .L80
 1383 002c 1868     		ldr	r0, [r3]
 1384              	.LVL87:
 140:Core/Src/can_protocol.c ****         HAL_CAN_GetState(can_handle) != HAL_CAN_STATE_LISTENING) {
 1385              		.loc 1 140 8 view .LVU377
 1386 002e 0028     		cmp	r0, #0
 1387 0030 03D0     		beq	.L76
 141:Core/Src/can_protocol.c ****         g_can_stats.tx_heartbeat_fail++;
 1388              		.loc 1 141 9 view .LVU378
 1389 0032 FFF7FEFF 		bl	HAL_CAN_GetState
 1390              	.LVL88:
 140:Core/Src/can_protocol.c ****         HAL_CAN_GetState(can_handle) != HAL_CAN_STATE_LISTENING) {
 1391              		.loc 1 140 28 discriminator 1 view .LVU379
 1392 0036 0228     		cmp	r0, #2
 1393 0038 06D0     		beq	.L77
 1394              	.L76:
 142:Core/Src/can_protocol.c ****         return HAL_ERROR;
 1395              		.loc 1 142 9 is_stmt 1 view .LVU380
 142:Core/Src/can_protocol.c ****         return HAL_ERROR;
 1396              		.loc 1 142 20 is_stmt 0 view .LVU381
 1397 003a 1B4A     		ldr	r2, .L80+4
 1398 003c 936A     		ldr	r3, [r2, #40]
 142:Core/Src/can_protocol.c ****         return HAL_ERROR;
 1399              		.loc 1 142 38 view .LVU382
 1400 003e 0133     		adds	r3, r3, #1
 1401 0040 9362     		str	r3, [r2, #40]
 143:Core/Src/can_protocol.c ****     }
 1402              		.loc 1 143 9 is_stmt 1 view .LVU383
 143:Core/Src/can_protocol.c ****     }
 1403              		.loc 1 143 16 is_stmt 0 view .LVU384
 1404 0042 0120     		movs	r0, #1
 1405              	.LVL89:
 1406              	.L78:
 168:Core/Src/can_protocol.c **** 
 1407              		.loc 1 168 1 view .LVU385
 1408 0044 0AB0     		add	sp, sp, #40
 1409              		@ sp needed
 1410 0046 10BD     		pop	{r4, pc}
 1411              	.LVL90:
 1412              	.L77:
 146:Core/Src/can_protocol.c ****     payload[1] = 0x01;
 1413              		.loc 1 146 5 is_stmt 1 view .LVU386
 146:Core/Src/can_protocol.c ****     payload[1] = 0x01;
 1414              		.loc 1 146 16 is_stmt 0 view .LVU387
 1415 0048 02AA     		add	r2, sp, #8
 1416 004a A523     		movs	r3, #165
 1417 004c 1370     		strb	r3, [r2]
 147:Core/Src/can_protocol.c ****     payload[2] = (uint8_t)(uptime_s >> 0);
ARM GAS  C:\Users\24705\AppData\Local\Temp\ccBRba3t.s 			page 45


 1418              		.loc 1 147 5 is_stmt 1 view .LVU388
 147:Core/Src/can_protocol.c ****     payload[2] = (uint8_t)(uptime_s >> 0);
 1419              		.loc 1 147 16 is_stmt 0 view .LVU389
 1420 004e A43B     		subs	r3, r3, #164
 1421 0050 5370     		strb	r3, [r2, #1]
 148:Core/Src/can_protocol.c ****     payload[3] = (uint8_t)(uptime_s >> 8);
 1422              		.loc 1 148 5 is_stmt 1 view .LVU390
 148:Core/Src/can_protocol.c ****     payload[3] = (uint8_t)(uptime_s >> 8);
 1423              		.loc 1 148 16 is_stmt 0 view .LVU391
 1424 0052 9470     		strb	r4, [r2, #2]
 149:Core/Src/can_protocol.c ****     payload[4] = (uint8_t)(uptime_s >> 16);
 1425              		.loc 1 149 5 is_stmt 1 view .LVU392
 149:Core/Src/can_protocol.c ****     payload[4] = (uint8_t)(uptime_s >> 16);
 1426              		.loc 1 149 37 is_stmt 0 view .LVU393
 1427 0054 230A     		lsrs	r3, r4, #8
 149:Core/Src/can_protocol.c ****     payload[4] = (uint8_t)(uptime_s >> 16);
 1428              		.loc 1 149 16 view .LVU394
 1429 0056 D370     		strb	r3, [r2, #3]
 150:Core/Src/can_protocol.c ****     payload[5] = (uint8_t)(uptime_s >> 24);
 1430              		.loc 1 150 5 is_stmt 1 view .LVU395
 150:Core/Src/can_protocol.c ****     payload[5] = (uint8_t)(uptime_s >> 24);
 1431              		.loc 1 150 37 is_stmt 0 view .LVU396
 1432 0058 230C     		lsrs	r3, r4, #16
 150:Core/Src/can_protocol.c ****     payload[5] = (uint8_t)(uptime_s >> 24);
 1433              		.loc 1 150 16 view .LVU397
 1434 005a 1371     		strb	r3, [r2, #4]
 151:Core/Src/can_protocol.c ****     payload[6] = shoot_data.heat_level;
 1435              		.loc 1 151 5 is_stmt 1 view .LVU398
 151:Core/Src/can_protocol.c ****     payload[6] = shoot_data.heat_level;
 1436              		.loc 1 151 18 is_stmt 0 view .LVU399
 1437 005c 240E     		lsrs	r4, r4, #24
 1438              	.LVL91:
 151:Core/Src/can_protocol.c ****     payload[6] = shoot_data.heat_level;
 1439              		.loc 1 151 16 view .LVU400
 1440 005e 5471     		strb	r4, [r2, #5]
 152:Core/Src/can_protocol.c ****     payload[7] = (uint8_t)(shoot_data.barrel_mask & 0x1FU);
 1441              		.loc 1 152 5 is_stmt 1 view .LVU401
 152:Core/Src/can_protocol.c ****     payload[7] = (uint8_t)(shoot_data.barrel_mask & 0x1FU);
 1442              		.loc 1 152 28 is_stmt 0 view .LVU402
 1443 0060 124B     		ldr	r3, .L80+8
 1444 0062 597C     		ldrb	r1, [r3, #17]
 152:Core/Src/can_protocol.c ****     payload[7] = (uint8_t)(shoot_data.barrel_mask & 0x1FU);
 1445              		.loc 1 152 16 view .LVU403
 1446 0064 9171     		strb	r1, [r2, #6]
 153:Core/Src/can_protocol.c **** 
 1447              		.loc 1 153 5 is_stmt 1 view .LVU404
 153:Core/Src/can_protocol.c **** 
 1448              		.loc 1 153 38 is_stmt 0 view .LVU405
 1449 0066 197C     		ldrb	r1, [r3, #16]
 153:Core/Src/can_protocol.c **** 
 1450              		.loc 1 153 18 view .LVU406
 1451 0068 1F23     		movs	r3, #31
 1452 006a 0B40     		ands	r3, r1
 153:Core/Src/can_protocol.c **** 
 1453              		.loc 1 153 16 view .LVU407
 1454 006c D371     		strb	r3, [r2, #7]
 155:Core/Src/can_protocol.c ****     tx_header.IDE = CAN_ID_STD;
ARM GAS  C:\Users\24705\AppData\Local\Temp\ccBRba3t.s 			page 46


 1455              		.loc 1 155 5 is_stmt 1 view .LVU408
 155:Core/Src/can_protocol.c ****     tx_header.IDE = CAN_ID_STD;
 1456              		.loc 1 155 21 is_stmt 0 view .LVU409
 1457 006e 04A9     		add	r1, sp, #16
 1458 0070 8023     		movs	r3, #128
 1459 0072 9B00     		lsls	r3, r3, #2
 1460 0074 0493     		str	r3, [sp, #16]
 156:Core/Src/can_protocol.c ****     tx_header.RTR = CAN_RTR_DATA;
 1461              		.loc 1 156 5 is_stmt 1 view .LVU410
 156:Core/Src/can_protocol.c ****     tx_header.RTR = CAN_RTR_DATA;
 1462              		.loc 1 156 19 is_stmt 0 view .LVU411
 1463 0076 0023     		movs	r3, #0
 1464 0078 8B60     		str	r3, [r1, #8]
 157:Core/Src/can_protocol.c ****     tx_header.DLC = 8;
 1465              		.loc 1 157 5 is_stmt 1 view .LVU412
 157:Core/Src/can_protocol.c ****     tx_header.DLC = 8;
 1466              		.loc 1 157 19 is_stmt 0 view .LVU413
 1467 007a CB60     		str	r3, [r1, #12]
 158:Core/Src/can_protocol.c ****     tx_header.TransmitGlobalTime = DISABLE;
 1468              		.loc 1 158 5 is_stmt 1 view .LVU414
 158:Core/Src/can_protocol.c ****     tx_header.TransmitGlobalTime = DISABLE;
 1469              		.loc 1 158 19 is_stmt 0 view .LVU415
 1470 007c 0820     		movs	r0, #8
 1471 007e 0861     		str	r0, [r1, #16]
 159:Core/Src/can_protocol.c **** 
 1472              		.loc 1 159 5 is_stmt 1 view .LVU416
 159:Core/Src/can_protocol.c **** 
 1473              		.loc 1 159 34 is_stmt 0 view .LVU417
 1474 0080 0B75     		strb	r3, [r1, #20]
 161:Core/Src/can_protocol.c ****     if (status == HAL_OK) {
 1475              		.loc 1 161 5 is_stmt 1 view .LVU418
 161:Core/Src/can_protocol.c ****     if (status == HAL_OK) {
 1476              		.loc 1 161 14 is_stmt 0 view .LVU419
 1477 0082 084B     		ldr	r3, .L80
 1478 0084 1868     		ldr	r0, [r3]
 1479 0086 01AB     		add	r3, sp, #4
 1480 0088 FFF7FEFF 		bl	HAL_CAN_AddTxMessage
 1481              	.LVL92:
 162:Core/Src/can_protocol.c ****         g_can_stats.tx_heartbeat_ok++;
 1482              		.loc 1 162 5 is_stmt 1 view .LVU420
 162:Core/Src/can_protocol.c ****         g_can_stats.tx_heartbeat_ok++;
 1483              		.loc 1 162 8 is_stmt 0 view .LVU421
 1484 008c 0028     		cmp	r0, #0
 1485 008e 04D1     		bne	.L79
 163:Core/Src/can_protocol.c ****     } else {
 1486              		.loc 1 163 9 is_stmt 1 view .LVU422
 163:Core/Src/can_protocol.c ****     } else {
 1487              		.loc 1 163 20 is_stmt 0 view .LVU423
 1488 0090 054A     		ldr	r2, .L80+4
 1489 0092 536A     		ldr	r3, [r2, #36]
 163:Core/Src/can_protocol.c ****     } else {
 1490              		.loc 1 163 36 view .LVU424
 1491 0094 0133     		adds	r3, r3, #1
 1492 0096 5362     		str	r3, [r2, #36]
 1493 0098 D4E7     		b	.L78
 1494              	.L79:
 165:Core/Src/can_protocol.c ****     }
ARM GAS  C:\Users\24705\AppData\Local\Temp\ccBRba3t.s 			page 47


 1495              		.loc 1 165 9 is_stmt 1 view .LVU425
 165:Core/Src/can_protocol.c ****     }
 1496              		.loc 1 165 20 is_stmt 0 view .LVU426
 1497 009a 034A     		ldr	r2, .L80+4
 1498 009c 936A     		ldr	r3, [r2, #40]
 165:Core/Src/can_protocol.c ****     }
 1499              		.loc 1 165 38 view .LVU427
 1500 009e 0133     		adds	r3, r3, #1
 1501 00a0 9362     		str	r3, [r2, #40]
 1502 00a2 CFE7     		b	.L78
 1503              	.L81:
 1504              		.align	2
 1505              	.L80:
 1506 00a4 00000000 		.word	can_handle
 1507 00a8 00000000 		.word	g_can_stats
 1508 00ac 00000000 		.word	shoot_data
 1509              		.cfi_endproc
 1510              	.LFE49:
 1512              		.section	.text.CANProtocol_SendShotEvent,"ax",%progbits
 1513              		.align	1
 1514              		.global	CANProtocol_SendShotEvent
 1515              		.syntax unified
 1516              		.code	16
 1517              		.thumb_func
 1519              	CANProtocol_SendShotEvent:
 1520              	.LVL93:
 1521              	.LFB51:
 217:Core/Src/can_protocol.c ****     CAN_TxHeaderTypeDef tx_header = {0};
 1522              		.loc 1 217 1 is_stmt 1 view -0
 1523              		.cfi_startproc
 1524              		@ args = 0, pretend = 0, frame = 32
 1525              		@ frame_needed = 0, uses_anonymous_args = 0
 217:Core/Src/can_protocol.c ****     CAN_TxHeaderTypeDef tx_header = {0};
 1526              		.loc 1 217 1 is_stmt 0 view .LVU429
 1527 0000 30B5     		push	{r4, r5, lr}
 1528              	.LCFI18:
 1529              		.cfi_def_cfa_offset 12
 1530              		.cfi_offset 4, -12
 1531              		.cfi_offset 5, -8
 1532              		.cfi_offset 14, -4
 1533 0002 89B0     		sub	sp, sp, #36
 1534              	.LCFI19:
 1535              		.cfi_def_cfa_offset 48
 1536 0004 0400     		movs	r4, r0
 218:Core/Src/can_protocol.c ****     uint8_t payload[8] = {0};
 1537              		.loc 1 218 5 is_stmt 1 view .LVU430
 218:Core/Src/can_protocol.c ****     uint8_t payload[8] = {0};
 1538              		.loc 1 218 25 is_stmt 0 view .LVU431
 1539 0006 1822     		movs	r2, #24
 1540 0008 0021     		movs	r1, #0
 1541 000a 02A8     		add	r0, sp, #8
 1542              	.LVL94:
 218:Core/Src/can_protocol.c ****     uint8_t payload[8] = {0};
 1543              		.loc 1 218 25 view .LVU432
 1544 000c FFF7FEFF 		bl	memset
 1545              	.LVL95:
 219:Core/Src/can_protocol.c ****     uint16_t speed_cmps;
ARM GAS  C:\Users\24705\AppData\Local\Temp\ccBRba3t.s 			page 48


 1546              		.loc 1 219 5 is_stmt 1 view .LVU433
 219:Core/Src/can_protocol.c ****     uint16_t speed_cmps;
 1547              		.loc 1 219 13 is_stmt 0 view .LVU434
 1548 0010 0822     		movs	r2, #8
 1549 0012 0021     		movs	r1, #0
 1550 0014 6846     		mov	r0, sp
 1551 0016 FFF7FEFF 		bl	memset
 1552              	.LVL96:
 220:Core/Src/can_protocol.c **** 
 1553              		.loc 1 220 5 is_stmt 1 view .LVU435
 222:Core/Src/can_protocol.c ****         HAL_CAN_GetState(can_handle) != HAL_CAN_STATE_LISTENING) {
 1554              		.loc 1 222 5 view .LVU436
 222:Core/Src/can_protocol.c ****         HAL_CAN_GetState(can_handle) != HAL_CAN_STATE_LISTENING) {
 1555              		.loc 1 222 8 is_stmt 0 view .LVU437
 1556 001a 002C     		cmp	r4, #0
 1557 001c 07D0     		beq	.L83
 222:Core/Src/can_protocol.c ****         HAL_CAN_GetState(can_handle) != HAL_CAN_STATE_LISTENING) {
 1558              		.loc 1 222 37 discriminator 1 view .LVU438
 1559 001e 224B     		ldr	r3, .L87
 1560 0020 1868     		ldr	r0, [r3]
 222:Core/Src/can_protocol.c ****         HAL_CAN_GetState(can_handle) != HAL_CAN_STATE_LISTENING) {
 1561              		.loc 1 222 23 discriminator 1 view .LVU439
 1562 0022 0028     		cmp	r0, #0
 1563 0024 03D0     		beq	.L83
 223:Core/Src/can_protocol.c ****         g_can_stats.tx_shot_event_fail++;
 1564              		.loc 1 223 9 view .LVU440
 1565 0026 FFF7FEFF 		bl	HAL_CAN_GetState
 1566              	.LVL97:
 222:Core/Src/can_protocol.c ****         HAL_CAN_GetState(can_handle) != HAL_CAN_STATE_LISTENING) {
 1567              		.loc 1 222 45 discriminator 2 view .LVU441
 1568 002a 0228     		cmp	r0, #2
 1569 002c 06D0     		beq	.L84
 1570              	.L83:
 224:Core/Src/can_protocol.c ****         return HAL_ERROR;
 1571              		.loc 1 224 9 is_stmt 1 view .LVU442
 224:Core/Src/can_protocol.c ****         return HAL_ERROR;
 1572              		.loc 1 224 20 is_stmt 0 view .LVU443
 1573 002e 1F4A     		ldr	r2, .L87+4
 1574 0030 136B     		ldr	r3, [r2, #48]
 224:Core/Src/can_protocol.c ****         return HAL_ERROR;
 1575              		.loc 1 224 39 view .LVU444
 1576 0032 0133     		adds	r3, r3, #1
 1577 0034 1363     		str	r3, [r2, #48]
 225:Core/Src/can_protocol.c ****     }
 1578              		.loc 1 225 9 is_stmt 1 view .LVU445
 225:Core/Src/can_protocol.c ****     }
 1579              		.loc 1 225 16 is_stmt 0 view .LVU446
 1580 0036 0120     		movs	r0, #1
 1581              	.L85:
 251:Core/Src/can_protocol.c **** 
 1582              		.loc 1 251 1 view .LVU447
 1583 0038 09B0     		add	sp, sp, #36
 1584              		@ sp needed
 1585              	.LVL98:
 251:Core/Src/can_protocol.c **** 
 1586              		.loc 1 251 1 view .LVU448
 1587 003a 30BD     		pop	{r4, r5, pc}
ARM GAS  C:\Users\24705\AppData\Local\Temp\ccBRba3t.s 			page 49


 1588              	.LVL99:
 1589              	.L84:
 228:Core/Src/can_protocol.c ****     payload[0] = (uint8_t)(event->shot_count >> 0);
 1590              		.loc 1 228 5 is_stmt 1 view .LVU449
 228:Core/Src/can_protocol.c ****     payload[0] = (uint8_t)(event->shot_count >> 0);
 1591              		.loc 1 228 34 is_stmt 0 view .LVU450
 1592 003c 6068     		ldr	r0, [r4, #4]
 228:Core/Src/can_protocol.c ****     payload[0] = (uint8_t)(event->shot_count >> 0);
 1593              		.loc 1 228 46 view .LVU451
 1594 003e 1C49     		ldr	r1, .L87+8
 1595 0040 FFF7FEFF 		bl	__aeabi_fmul
 1596              	.LVL100:
 228:Core/Src/can_protocol.c ****     payload[0] = (uint8_t)(event->shot_count >> 0);
 1597              		.loc 1 228 55 view .LVU452
 1598 0044 FC21     		movs	r1, #252
 1599 0046 8905     		lsls	r1, r1, #22
 1600 0048 FFF7FEFF 		bl	__aeabi_fadd
 1601              	.LVL101:
 228:Core/Src/can_protocol.c ****     payload[0] = (uint8_t)(event->shot_count >> 0);
 1602              		.loc 1 228 16 view .LVU453
 1603 004c FFF7FEFF 		bl	__aeabi_f2uiz
 1604              	.LVL102:
 1605 0050 82B2     		uxth	r2, r0
 1606              	.LVL103:
 229:Core/Src/can_protocol.c ****     payload[1] = (uint8_t)(event->shot_count >> 8);
 1607              		.loc 1 229 5 is_stmt 1 view .LVU454
 229:Core/Src/can_protocol.c ****     payload[1] = (uint8_t)(event->shot_count >> 8);
 1608              		.loc 1 229 33 is_stmt 0 view .LVU455
 1609 0052 2368     		ldr	r3, [r4]
 229:Core/Src/can_protocol.c ****     payload[1] = (uint8_t)(event->shot_count >> 8);
 1610              		.loc 1 229 16 view .LVU456
 1611 0054 6946     		mov	r1, sp
 1612 0056 0B70     		strb	r3, [r1]
 230:Core/Src/can_protocol.c ****     payload[2] = (uint8_t)(event->shot_count >> 16);
 1613              		.loc 1 230 5 is_stmt 1 view .LVU457
 230:Core/Src/can_protocol.c ****     payload[2] = (uint8_t)(event->shot_count >> 16);
 1614              		.loc 1 230 46 is_stmt 0 view .LVU458
 1615 0058 1D0A     		lsrs	r5, r3, #8
 230:Core/Src/can_protocol.c ****     payload[2] = (uint8_t)(event->shot_count >> 16);
 1616              		.loc 1 230 16 view .LVU459
 1617 005a 4D70     		strb	r5, [r1, #1]
 231:Core/Src/can_protocol.c ****     payload[3] = (uint8_t)(event->shot_count >> 24);
 1618              		.loc 1 231 5 is_stmt 1 view .LVU460
 231:Core/Src/can_protocol.c ****     payload[3] = (uint8_t)(event->shot_count >> 24);
 1619              		.loc 1 231 46 is_stmt 0 view .LVU461
 1620 005c 1D0C     		lsrs	r5, r3, #16
 231:Core/Src/can_protocol.c ****     payload[3] = (uint8_t)(event->shot_count >> 24);
 1621              		.loc 1 231 16 view .LVU462
 1622 005e 8D70     		strb	r5, [r1, #2]
 232:Core/Src/can_protocol.c ****     payload[4] = (uint8_t)(speed_cmps >> 0);
 1623              		.loc 1 232 5 is_stmt 1 view .LVU463
 232:Core/Src/can_protocol.c ****     payload[4] = (uint8_t)(speed_cmps >> 0);
 1624              		.loc 1 232 18 is_stmt 0 view .LVU464
 1625 0060 1B0E     		lsrs	r3, r3, #24
 232:Core/Src/can_protocol.c ****     payload[4] = (uint8_t)(speed_cmps >> 0);
 1626              		.loc 1 232 16 view .LVU465
 1627 0062 CB70     		strb	r3, [r1, #3]
ARM GAS  C:\Users\24705\AppData\Local\Temp\ccBRba3t.s 			page 50


 233:Core/Src/can_protocol.c ****     payload[5] = (uint8_t)(speed_cmps >> 8);
 1628              		.loc 1 233 5 is_stmt 1 view .LVU466
 233:Core/Src/can_protocol.c ****     payload[5] = (uint8_t)(speed_cmps >> 8);
 1629              		.loc 1 233 16 is_stmt 0 view .LVU467
 1630 0064 0871     		strb	r0, [r1, #4]
 234:Core/Src/can_protocol.c ****     payload[6] = (uint8_t)(event->barrel_mask & 0x1FU);
 1631              		.loc 1 234 5 is_stmt 1 view .LVU468
 234:Core/Src/can_protocol.c ****     payload[6] = (uint8_t)(event->barrel_mask & 0x1FU);
 1632              		.loc 1 234 18 is_stmt 0 view .LVU469
 1633 0066 120A     		lsrs	r2, r2, #8
 1634              	.LVL104:
 234:Core/Src/can_protocol.c ****     payload[6] = (uint8_t)(event->barrel_mask & 0x1FU);
 1635              		.loc 1 234 16 view .LVU470
 1636 0068 4A71     		strb	r2, [r1, #5]
 235:Core/Src/can_protocol.c ****     payload[7] = event->heat_level;
 1637              		.loc 1 235 5 is_stmt 1 view .LVU471
 235:Core/Src/can_protocol.c ****     payload[7] = event->heat_level;
 1638              		.loc 1 235 33 is_stmt 0 view .LVU472
 1639 006a 227A     		ldrb	r2, [r4, #8]
 235:Core/Src/can_protocol.c ****     payload[7] = event->heat_level;
 1640              		.loc 1 235 18 view .LVU473
 1641 006c 1F23     		movs	r3, #31
 1642 006e 1340     		ands	r3, r2
 235:Core/Src/can_protocol.c ****     payload[7] = event->heat_level;
 1643              		.loc 1 235 16 view .LVU474
 1644 0070 8B71     		strb	r3, [r1, #6]
 236:Core/Src/can_protocol.c **** 
 1645              		.loc 1 236 5 is_stmt 1 view .LVU475
 236:Core/Src/can_protocol.c **** 
 1646              		.loc 1 236 23 is_stmt 0 view .LVU476
 1647 0072 637A     		ldrb	r3, [r4, #9]
 236:Core/Src/can_protocol.c **** 
 1648              		.loc 1 236 16 view .LVU477
 1649 0074 CB71     		strb	r3, [r1, #7]
 238:Core/Src/can_protocol.c ****     tx_header.IDE = CAN_ID_STD;
 1650              		.loc 1 238 5 is_stmt 1 view .LVU478
 238:Core/Src/can_protocol.c ****     tx_header.IDE = CAN_ID_STD;
 1651              		.loc 1 238 21 is_stmt 0 view .LVU479
 1652 0076 02A8     		add	r0, sp, #8
 1653              	.LVL105:
 238:Core/Src/can_protocol.c ****     tx_header.IDE = CAN_ID_STD;
 1654              		.loc 1 238 21 view .LVU480
 1655 0078 8C23     		movs	r3, #140
 1656 007a 9B00     		lsls	r3, r3, #2
 1657 007c 0293     		str	r3, [sp, #8]
 239:Core/Src/can_protocol.c ****     tx_header.RTR = CAN_RTR_DATA;
 1658              		.loc 1 239 5 is_stmt 1 view .LVU481
 239:Core/Src/can_protocol.c ****     tx_header.RTR = CAN_RTR_DATA;
 1659              		.loc 1 239 19 is_stmt 0 view .LVU482
 1660 007e 0023     		movs	r3, #0
 1661 0080 8360     		str	r3, [r0, #8]
 240:Core/Src/can_protocol.c ****     tx_header.DLC = 8;
 1662              		.loc 1 240 5 is_stmt 1 view .LVU483
 240:Core/Src/can_protocol.c ****     tx_header.DLC = 8;
 1663              		.loc 1 240 19 is_stmt 0 view .LVU484
 1664 0082 C360     		str	r3, [r0, #12]
 241:Core/Src/can_protocol.c ****     tx_header.TransmitGlobalTime = DISABLE;
ARM GAS  C:\Users\24705\AppData\Local\Temp\ccBRba3t.s 			page 51


 1665              		.loc 1 241 5 is_stmt 1 view .LVU485
 241:Core/Src/can_protocol.c ****     tx_header.TransmitGlobalTime = DISABLE;
 1666              		.loc 1 241 19 is_stmt 0 view .LVU486
 1667 0084 0822     		movs	r2, #8
 1668 0086 0261     		str	r2, [r0, #16]
 242:Core/Src/can_protocol.c **** 
 1669              		.loc 1 242 5 is_stmt 1 view .LVU487
 242:Core/Src/can_protocol.c **** 
 1670              		.loc 1 242 34 is_stmt 0 view .LVU488
 1671 0088 0375     		strb	r3, [r0, #20]
 244:Core/Src/can_protocol.c ****     if (status == HAL_OK) {
 1672              		.loc 1 244 5 is_stmt 1 view .LVU489
 244:Core/Src/can_protocol.c ****     if (status == HAL_OK) {
 1673              		.loc 1 244 32 is_stmt 0 view .LVU490
 1674 008a FFF7FEFF 		bl	send_frame_confirmed
 1675              	.LVL106:
 245:Core/Src/can_protocol.c ****         g_can_stats.tx_shot_event_ok++;
 1676              		.loc 1 245 5 is_stmt 1 view .LVU491
 245:Core/Src/can_protocol.c ****         g_can_stats.tx_shot_event_ok++;
 1677              		.loc 1 245 8 is_stmt 0 view .LVU492
 1678 008e 0028     		cmp	r0, #0
 1679 0090 04D1     		bne	.L86
 246:Core/Src/can_protocol.c ****     } else {
 1680              		.loc 1 246 9 is_stmt 1 view .LVU493
 246:Core/Src/can_protocol.c ****     } else {
 1681              		.loc 1 246 20 is_stmt 0 view .LVU494
 1682 0092 064A     		ldr	r2, .L87+4
 1683 0094 D36A     		ldr	r3, [r2, #44]
 246:Core/Src/can_protocol.c ****     } else {
 1684              		.loc 1 246 37 view .LVU495
 1685 0096 0133     		adds	r3, r3, #1
 1686 0098 D362     		str	r3, [r2, #44]
 1687 009a CDE7     		b	.L85
 1688              	.L86:
 248:Core/Src/can_protocol.c ****     }
 1689              		.loc 1 248 9 is_stmt 1 view .LVU496
 248:Core/Src/can_protocol.c ****     }
 1690              		.loc 1 248 20 is_stmt 0 view .LVU497
 1691 009c 034A     		ldr	r2, .L87+4
 1692 009e 136B     		ldr	r3, [r2, #48]
 248:Core/Src/can_protocol.c ****     }
 1693              		.loc 1 248 39 view .LVU498
 1694 00a0 0133     		adds	r3, r3, #1
 1695 00a2 1363     		str	r3, [r2, #48]
 1696 00a4 C8E7     		b	.L85
 1697              	.L88:
 1698 00a6 C046     		.align	2
 1699              	.L87:
 1700 00a8 00000000 		.word	can_handle
 1701 00ac 00000000 		.word	g_can_stats
 1702 00b0 0000C842 		.word	1120403456
 1703              		.cfi_endproc
 1704              	.LFE51:
 1706              		.section	.text.CANProtocol_Task,"ax",%progbits
 1707              		.align	1
 1708              		.global	CANProtocol_Task
 1709              		.syntax unified
ARM GAS  C:\Users\24705\AppData\Local\Temp\ccBRba3t.s 			page 52


 1710              		.code	16
 1711              		.thumb_func
 1713              	CANProtocol_Task:
 1714              	.LFB53:
 288:Core/Src/can_protocol.c ****     uint32_t primask;
 1715              		.loc 1 288 1 is_stmt 1 view -0
 1716              		.cfi_startproc
 1717              		@ args = 0, pretend = 0, frame = 0
 1718              		@ frame_needed = 0, uses_anonymous_args = 0
 1719 0000 10B5     		push	{r4, lr}
 1720              	.LCFI20:
 1721              		.cfi_def_cfa_offset 8
 1722              		.cfi_offset 4, -8
 1723              		.cfi_offset 14, -4
 289:Core/Src/can_protocol.c ****     uint8_t have_request;
 1724              		.loc 1 289 5 view .LVU500
 290:Core/Src/can_protocol.c **** 
 1725              		.loc 1 290 5 view .LVU501
 292:Core/Src/can_protocol.c ****     __disable_irq();
 1726              		.loc 1 292 5 view .LVU502
 1727              	.LBB52:
 1728              	.LBI52:
 382:Drivers/CMSIS/Include/cmsis_gcc.h **** {
 1729              		.loc 2 382 31 view .LVU503
 1730              	.LBB53:
 384:Drivers/CMSIS/Include/cmsis_gcc.h **** 
 1731              		.loc 2 384 3 view .LVU504
 386:Drivers/CMSIS/Include/cmsis_gcc.h ****   return(result);
 1732              		.loc 2 386 3 view .LVU505
 1733              		.syntax divided
 1734              	@ 386 "Drivers/CMSIS/Include/cmsis_gcc.h" 1
 1735 0002 EFF31082 		MRS r2, primask
 1736              	@ 0 "" 2
 1737              	.LVL107:
 387:Drivers/CMSIS/Include/cmsis_gcc.h **** }
 1738              		.loc 2 387 3 view .LVU506
 387:Drivers/CMSIS/Include/cmsis_gcc.h **** }
 1739              		.loc 2 387 3 is_stmt 0 view .LVU507
 1740              		.thumb
 1741              		.syntax unified
 1742              	.LBE53:
 1743              	.LBE52:
 293:Core/Src/can_protocol.c ****     have_request = shoot_report_request_count;
 1744              		.loc 1 293 5 is_stmt 1 view .LVU508
 1745              	.LBB54:
 1746              	.LBI54:
 140:Drivers/CMSIS/Include/cmsis_gcc.h **** {
 1747              		.loc 2 140 27 view .LVU509
 1748              	.LBB55:
 142:Drivers/CMSIS/Include/cmsis_gcc.h **** }
 1749              		.loc 2 142 3 view .LVU510
 1750              		.syntax divided
 1751              	@ 142 "Drivers/CMSIS/Include/cmsis_gcc.h" 1
 1752 0006 72B6     		cpsid i
 1753              	@ 0 "" 2
 1754              		.thumb
 1755              		.syntax unified
ARM GAS  C:\Users\24705\AppData\Local\Temp\ccBRba3t.s 			page 53


 1756              	.LBE55:
 1757              	.LBE54:
 294:Core/Src/can_protocol.c ****     __set_PRIMASK(primask);
 1758              		.loc 1 294 5 view .LVU511
 294:Core/Src/can_protocol.c ****     __set_PRIMASK(primask);
 1759              		.loc 1 294 18 is_stmt 0 view .LVU512
 1760 0008 0D4B     		ldr	r3, .L95
 1761 000a 1B78     		ldrb	r3, [r3]
 1762 000c DBB2     		uxtb	r3, r3
 1763              	.LVL108:
 295:Core/Src/can_protocol.c ****     if (have_request == 0U || send_shoot_report() != HAL_OK) {
 1764              		.loc 1 295 5 is_stmt 1 view .LVU513
 1765              	.LBB56:
 1766              	.LBI56:
 412:Drivers/CMSIS/Include/cmsis_gcc.h **** {
 1767              		.loc 2 412 27 view .LVU514
 1768              	.LBB57:
 1769              		.loc 2 414 3 view .LVU515
 1770              		.syntax divided
 1771              	@ 414 "Drivers/CMSIS/Include/cmsis_gcc.h" 1
 1772 000e 82F31088 		MSR primask, r2
 1773              	@ 0 "" 2
 1774              	.LVL109:
 1775              		.loc 2 414 3 is_stmt 0 view .LVU516
 1776              		.thumb
 1777              		.syntax unified
 1778              	.LBE57:
 1779              	.LBE56:
 296:Core/Src/can_protocol.c ****         return;
 1780              		.loc 1 296 5 is_stmt 1 view .LVU517
 296:Core/Src/can_protocol.c ****         return;
 1781              		.loc 1 296 8 is_stmt 0 view .LVU518
 1782 0012 002B     		cmp	r3, #0
 1783 0014 00D1     		bne	.L94
 1784              	.LVL110:
 1785              	.L89:
 306:Core/Src/can_protocol.c **** 
 1786              		.loc 1 306 1 view .LVU519
 1787              		@ sp needed
 1788 0016 10BD     		pop	{r4, pc}
 1789              	.LVL111:
 1790              	.L94:
 296:Core/Src/can_protocol.c ****         return;
 1791              		.loc 1 296 31 discriminator 1 view .LVU520
 1792 0018 FFF7FEFF 		bl	send_shoot_report
 1793              	.LVL112:
 296:Core/Src/can_protocol.c ****         return;
 1794              		.loc 1 296 28 discriminator 1 view .LVU521
 1795 001c 0028     		cmp	r0, #0
 1796 001e FAD1     		bne	.L89
 300:Core/Src/can_protocol.c ****     __disable_irq();
 1797              		.loc 1 300 5 is_stmt 1 view .LVU522
 1798              	.LBB58:
 1799              	.LBI58:
 382:Drivers/CMSIS/Include/cmsis_gcc.h **** {
 1800              		.loc 2 382 31 view .LVU523
 1801              	.LBB59:
ARM GAS  C:\Users\24705\AppData\Local\Temp\ccBRba3t.s 			page 54


 384:Drivers/CMSIS/Include/cmsis_gcc.h **** 
 1802              		.loc 2 384 3 view .LVU524
 386:Drivers/CMSIS/Include/cmsis_gcc.h ****   return(result);
 1803              		.loc 2 386 3 view .LVU525
 1804              		.syntax divided
 1805              	@ 386 "Drivers/CMSIS/Include/cmsis_gcc.h" 1
 1806 0020 EFF31083 		MRS r3, primask
 1807              	@ 0 "" 2
 1808              	.LVL113:
 387:Drivers/CMSIS/Include/cmsis_gcc.h **** }
 1809              		.loc 2 387 3 view .LVU526
 387:Drivers/CMSIS/Include/cmsis_gcc.h **** }
 1810              		.loc 2 387 3 is_stmt 0 view .LVU527
 1811              		.thumb
 1812              		.syntax unified
 1813              	.LBE59:
 1814              	.LBE58:
 301:Core/Src/can_protocol.c ****     if (shoot_report_request_count != 0U) {
 1815              		.loc 1 301 5 is_stmt 1 view .LVU528
 1816              	.LBB60:
 1817              	.LBI60:
 140:Drivers/CMSIS/Include/cmsis_gcc.h **** {
 1818              		.loc 2 140 27 view .LVU529
 1819              	.LBB61:
 142:Drivers/CMSIS/Include/cmsis_gcc.h **** }
 1820              		.loc 2 142 3 view .LVU530
 1821              		.syntax divided
 1822              	@ 142 "Drivers/CMSIS/Include/cmsis_gcc.h" 1
 1823 0024 72B6     		cpsid i
 1824              	@ 0 "" 2
 1825              		.thumb
 1826              		.syntax unified
 1827              	.LBE61:
 1828              	.LBE60:
 302:Core/Src/can_protocol.c ****         shoot_report_request_count--;
 1829              		.loc 1 302 5 view .LVU531
 302:Core/Src/can_protocol.c ****         shoot_report_request_count--;
 1830              		.loc 1 302 36 is_stmt 0 view .LVU532
 1831 0026 064A     		ldr	r2, .L95
 1832 0028 1278     		ldrb	r2, [r2]
 302:Core/Src/can_protocol.c ****         shoot_report_request_count--;
 1833              		.loc 1 302 8 view .LVU533
 1834 002a 002A     		cmp	r2, #0
 1835 002c 04D0     		beq	.L93
 303:Core/Src/can_protocol.c ****     }
 1836              		.loc 1 303 9 is_stmt 1 view .LVU534
 303:Core/Src/can_protocol.c ****     }
 1837              		.loc 1 303 35 is_stmt 0 view .LVU535
 1838 002e 0449     		ldr	r1, .L95
 1839 0030 0A78     		ldrb	r2, [r1]
 1840 0032 013A     		subs	r2, r2, #1
 1841 0034 D2B2     		uxtb	r2, r2
 1842 0036 0A70     		strb	r2, [r1]
 1843              	.L93:
 305:Core/Src/can_protocol.c **** }
 1844              		.loc 1 305 5 is_stmt 1 view .LVU536
 1845              	.LBB62:
ARM GAS  C:\Users\24705\AppData\Local\Temp\ccBRba3t.s 			page 55


 1846              	.LBI62:
 412:Drivers/CMSIS/Include/cmsis_gcc.h **** {
 1847              		.loc 2 412 27 view .LVU537
 1848              	.LBB63:
 1849              		.loc 2 414 3 view .LVU538
 1850              		.syntax divided
 1851              	@ 414 "Drivers/CMSIS/Include/cmsis_gcc.h" 1
 1852 0038 83F31088 		MSR primask, r3
 1853              	@ 0 "" 2
 415:Drivers/CMSIS/Include/cmsis_gcc.h **** }
 1854              		.loc 2 415 1 is_stmt 0 view .LVU539
 1855              		.thumb
 1856              		.syntax unified
 1857 003c EBE7     		b	.L89
 1858              	.L96:
 1859 003e C046     		.align	2
 1860              	.L95:
 1861 0040 00000000 		.word	shoot_report_request_count
 1862              	.LBE63:
 1863              	.LBE62:
 1864              		.cfi_endproc
 1865              	.LFE53:
 1867              		.section	.text.CANProtocol_RxCallback,"ax",%progbits
 1868              		.align	1
 1869              		.global	CANProtocol_RxCallback
 1870              		.syntax unified
 1871              		.code	16
 1872              		.thumb_func
 1874              	CANProtocol_RxCallback:
 1875              	.LVL114:
 1876              	.LFB56:
 368:Core/Src/can_protocol.c **** 
 369:Core/Src/can_protocol.c **** /* ---- Rx callback -------------------------------------------------------- */
 370:Core/Src/can_protocol.c **** void CANProtocol_RxCallback(CAN_HandleTypeDef *hcan, uint32_t RxFifo)
 371:Core/Src/can_protocol.c **** {
 1877              		.loc 1 371 1 is_stmt 1 view -0
 1878              		.cfi_startproc
 1879              		@ args = 0, pretend = 0, frame = 40
 1880              		@ frame_needed = 0, uses_anonymous_args = 0
 1881              		.loc 1 371 1 is_stmt 0 view .LVU541
 1882 0000 10B5     		push	{r4, lr}
 1883              	.LCFI21:
 1884              		.cfi_def_cfa_offset 8
 1885              		.cfi_offset 4, -8
 1886              		.cfi_offset 14, -4
 1887 0002 8AB0     		sub	sp, sp, #40
 1888              	.LCFI22:
 1889              		.cfi_def_cfa_offset 48
 1890 0004 0400     		movs	r4, r0
 372:Core/Src/can_protocol.c ****     CAN_RxHeaderTypeDef rx_header;
 1891              		.loc 1 372 5 is_stmt 1 view .LVU542
 373:Core/Src/can_protocol.c ****     uint8_t             rx_data[8];
 1892              		.loc 1 373 5 view .LVU543
 374:Core/Src/can_protocol.c **** 
 375:Core/Src/can_protocol.c ****     if (HAL_CAN_GetRxMessage(hcan, RxFifo, &rx_header, rx_data) != HAL_OK)
 1893              		.loc 1 375 5 view .LVU544
 1894              		.loc 1 375 9 is_stmt 0 view .LVU545
ARM GAS  C:\Users\24705\AppData\Local\Temp\ccBRba3t.s 			page 56


 1895 0006 01AB     		add	r3, sp, #4
 1896 0008 03AA     		add	r2, sp, #12
 1897 000a FFF7FEFF 		bl	HAL_CAN_GetRxMessage
 1898              	.LVL115:
 1899              		.loc 1 375 8 discriminator 1 view .LVU546
 1900 000e 0028     		cmp	r0, #0
 1901 0010 12D1     		bne	.L97
 376:Core/Src/can_protocol.c ****         return;
 377:Core/Src/can_protocol.c **** 
 378:Core/Src/can_protocol.c ****     g_can_stats.rx_frames++;
 1902              		.loc 1 378 5 is_stmt 1 view .LVU547
 1903              		.loc 1 378 16 is_stmt 0 view .LVU548
 1904 0012 2E4A     		ldr	r2, .L109
 1905 0014 1368     		ldr	r3, [r2]
 1906              		.loc 1 378 26 view .LVU549
 1907 0016 0133     		adds	r3, r3, #1
 1908 0018 1360     		str	r3, [r2]
 379:Core/Src/can_protocol.c **** 
 380:Core/Src/can_protocol.c ****     /* Calibration takes roughly 200 ms of I2C reads and delays. This ISR only
 381:Core/Src/can_protocol.c ****        records the request; the main loop performs it and sends the ACK. */
 382:Core/Src/can_protocol.c ****     if (rx_header.StdId == CAN_CALIBRATE_REQUEST_ID &&
 1909              		.loc 1 382 5 is_stmt 1 view .LVU550
 1910              		.loc 1 382 18 is_stmt 0 view .LVU551
 1911 001a 039B     		ldr	r3, [sp, #12]
 1912              		.loc 1 382 8 view .LVU552
 1913 001c 8822     		movs	r2, #136
 1914 001e 9200     		lsls	r2, r2, #2
 1915 0020 9342     		cmp	r3, r2
 1916 0022 0BD0     		beq	.L106
 1917              	.L99:
 383:Core/Src/can_protocol.c ****         rx_header.IDE   == CAN_ID_STD &&
 384:Core/Src/can_protocol.c ****         rx_header.RTR   == CAN_RTR_DATA &&
 385:Core/Src/can_protocol.c ****         rx_header.DLC   == 0U) {
 386:Core/Src/can_protocol.c ****         calibration_requested = true;
 387:Core/Src/can_protocol.c ****         g_can_stats.rx_calibrate_request++;
 388:Core/Src/can_protocol.c ****         return;
 389:Core/Src/can_protocol.c ****     }
 390:Core/Src/can_protocol.c **** 
 391:Core/Src/can_protocol.c ****     /* Shoot data query → respond */
 392:Core/Src/can_protocol.c ****     if (rx_header.StdId == CAN_REFEREE_QUERY_ID &&
 1918              		.loc 1 392 5 is_stmt 1 view .LVU553
 1919              		.loc 1 392 8 is_stmt 0 view .LVU554
 1920 0024 2A4A     		ldr	r2, .L109+4
 1921 0026 9342     		cmp	r3, r2
 1922 0028 19D0     		beq	.L107
 1923              	.L100:
 393:Core/Src/can_protocol.c ****         rx_header.IDE   == CAN_ID_STD &&
 394:Core/Src/can_protocol.c ****         rx_header.RTR   == CAN_RTR_DATA &&
 395:Core/Src/can_protocol.c ****         (rx_header.DLC == 0U || rx_header.DLC == 8U)) {
 396:Core/Src/can_protocol.c ****         if (shoot_report_request_count != 0xFFU) {
 397:Core/Src/can_protocol.c ****             shoot_report_request_count++;
 398:Core/Src/can_protocol.c ****         }
 399:Core/Src/can_protocol.c ****         g_can_stats.rx_query_0x231++;
 400:Core/Src/can_protocol.c ****         return;
 401:Core/Src/can_protocol.c ****     }
 402:Core/Src/can_protocol.c **** 
 403:Core/Src/can_protocol.c ****     /* LED command */
ARM GAS  C:\Users\24705\AppData\Local\Temp\ccBRba3t.s 			page 57


 404:Core/Src/can_protocol.c ****     if (rx_header.StdId == CAN_LED_CMD_ID &&
 1924              		.loc 1 404 5 is_stmt 1 view .LVU555
 1925              		.loc 1 404 8 is_stmt 0 view .LVU556
 1926 002a 2A4A     		ldr	r2, .L109+8
 1927 002c 9342     		cmp	r3, r2
 1928 002e 30D0     		beq	.L108
 1929              	.L103:
 405:Core/Src/can_protocol.c ****         rx_header.IDE   == CAN_ID_STD &&
 406:Core/Src/can_protocol.c ****         rx_header.RTR   == CAN_RTR_DATA &&
 407:Core/Src/can_protocol.c ****         rx_header.DLC   == 8U) {
 408:Core/Src/can_protocol.c ****         if (!handle_led_cmd((const CAN_LedCmd_t *)rx_data)) {
 409:Core/Src/can_protocol.c ****             g_can_stats.rx_unknown++;
 410:Core/Src/can_protocol.c ****             return;
 411:Core/Src/can_protocol.c ****         }
 412:Core/Src/can_protocol.c ****         g_can_stats.rx_led_cmd++;
 413:Core/Src/can_protocol.c ****         send_led_ack(hcan, rx_data);
 414:Core/Src/can_protocol.c ****         return;
 415:Core/Src/can_protocol.c ****     }
 416:Core/Src/can_protocol.c **** 
 417:Core/Src/can_protocol.c ****     g_can_stats.rx_unknown++;
 1930              		.loc 1 417 5 is_stmt 1 view .LVU557
 1931              		.loc 1 417 16 is_stmt 0 view .LVU558
 1932 0030 264A     		ldr	r2, .L109
 1933 0032 9369     		ldr	r3, [r2, #24]
 1934              		.loc 1 417 27 view .LVU559
 1935 0034 0133     		adds	r3, r3, #1
 1936 0036 9361     		str	r3, [r2, #24]
 1937              	.L97:
 418:Core/Src/can_protocol.c **** }
 1938              		.loc 1 418 1 view .LVU560
 1939 0038 0AB0     		add	sp, sp, #40
 1940              		@ sp needed
 1941              	.LVL116:
 1942              		.loc 1 418 1 view .LVU561
 1943 003a 10BD     		pop	{r4, pc}
 1944              	.LVL117:
 1945              	.L106:
 383:Core/Src/can_protocol.c ****         rx_header.RTR   == CAN_RTR_DATA &&
 1946              		.loc 1 383 18 view .LVU562
 1947 003c 059A     		ldr	r2, [sp, #20]
 382:Core/Src/can_protocol.c ****         rx_header.IDE   == CAN_ID_STD &&
 1948              		.loc 1 382 53 discriminator 1 view .LVU563
 1949 003e 002A     		cmp	r2, #0
 1950 0040 F0D1     		bne	.L99
 384:Core/Src/can_protocol.c ****         rx_header.DLC   == 0U) {
 1951              		.loc 1 384 18 view .LVU564
 1952 0042 069A     		ldr	r2, [sp, #24]
 383:Core/Src/can_protocol.c ****         rx_header.RTR   == CAN_RTR_DATA &&
 1953              		.loc 1 383 39 view .LVU565
 1954 0044 002A     		cmp	r2, #0
 1955 0046 EDD1     		bne	.L99
 385:Core/Src/can_protocol.c ****         calibration_requested = true;
 1956              		.loc 1 385 18 view .LVU566
 1957 0048 079A     		ldr	r2, [sp, #28]
 384:Core/Src/can_protocol.c ****         rx_header.DLC   == 0U) {
 1958              		.loc 1 384 41 view .LVU567
 1959 004a 002A     		cmp	r2, #0
ARM GAS  C:\Users\24705\AppData\Local\Temp\ccBRba3t.s 			page 58


 1960 004c EAD1     		bne	.L99
 386:Core/Src/can_protocol.c ****         g_can_stats.rx_calibrate_request++;
 1961              		.loc 1 386 9 is_stmt 1 view .LVU568
 386:Core/Src/can_protocol.c ****         g_can_stats.rx_calibrate_request++;
 1962              		.loc 1 386 31 is_stmt 0 view .LVU569
 1963 004e 224B     		ldr	r3, .L109+12
 1964 0050 0132     		adds	r2, r2, #1
 1965 0052 1A70     		strb	r2, [r3]
 387:Core/Src/can_protocol.c ****         return;
 1966              		.loc 1 387 9 is_stmt 1 view .LVU570
 387:Core/Src/can_protocol.c ****         return;
 1967              		.loc 1 387 20 is_stmt 0 view .LVU571
 1968 0054 1D4A     		ldr	r2, .L109
 1969 0056 5368     		ldr	r3, [r2, #4]
 387:Core/Src/can_protocol.c ****         return;
 1970              		.loc 1 387 41 view .LVU572
 1971 0058 0133     		adds	r3, r3, #1
 1972 005a 5360     		str	r3, [r2, #4]
 388:Core/Src/can_protocol.c ****     }
 1973              		.loc 1 388 9 is_stmt 1 view .LVU573
 1974 005c ECE7     		b	.L97
 1975              	.L107:
 393:Core/Src/can_protocol.c ****         rx_header.RTR   == CAN_RTR_DATA &&
 1976              		.loc 1 393 18 is_stmt 0 view .LVU574
 1977 005e 059A     		ldr	r2, [sp, #20]
 392:Core/Src/can_protocol.c ****         rx_header.IDE   == CAN_ID_STD &&
 1978              		.loc 1 392 49 discriminator 1 view .LVU575
 1979 0060 002A     		cmp	r2, #0
 1980 0062 E2D1     		bne	.L100
 394:Core/Src/can_protocol.c ****         (rx_header.DLC == 0U || rx_header.DLC == 8U)) {
 1981              		.loc 1 394 18 view .LVU576
 1982 0064 069A     		ldr	r2, [sp, #24]
 393:Core/Src/can_protocol.c ****         rx_header.RTR   == CAN_RTR_DATA &&
 1983              		.loc 1 393 39 view .LVU577
 1984 0066 002A     		cmp	r2, #0
 1985 0068 DFD1     		bne	.L100
 395:Core/Src/can_protocol.c ****         if (shoot_report_request_count != 0xFFU) {
 1986              		.loc 1 395 19 view .LVU578
 1987 006a 079A     		ldr	r2, [sp, #28]
 394:Core/Src/can_protocol.c ****         (rx_header.DLC == 0U || rx_header.DLC == 8U)) {
 1988              		.loc 1 394 41 view .LVU579
 1989 006c 002A     		cmp	r2, #0
 1990 006e 01D0     		beq	.L101
 395:Core/Src/can_protocol.c ****         if (shoot_report_request_count != 0xFFU) {
 1991              		.loc 1 395 30 view .LVU580
 1992 0070 082A     		cmp	r2, #8
 1993 0072 DAD1     		bne	.L100
 1994              	.L101:
 396:Core/Src/can_protocol.c ****             shoot_report_request_count++;
 1995              		.loc 1 396 9 is_stmt 1 view .LVU581
 396:Core/Src/can_protocol.c ****             shoot_report_request_count++;
 1996              		.loc 1 396 40 is_stmt 0 view .LVU582
 1997 0074 194B     		ldr	r3, .L109+16
 1998 0076 1B78     		ldrb	r3, [r3]
 1999 0078 DBB2     		uxtb	r3, r3
 396:Core/Src/can_protocol.c ****             shoot_report_request_count++;
 2000              		.loc 1 396 12 view .LVU583
ARM GAS  C:\Users\24705\AppData\Local\Temp\ccBRba3t.s 			page 59


 2001 007a FF2B     		cmp	r3, #255
 2002 007c 04D0     		beq	.L102
 397:Core/Src/can_protocol.c ****         }
 2003              		.loc 1 397 13 is_stmt 1 view .LVU584
 397:Core/Src/can_protocol.c ****         }
 2004              		.loc 1 397 39 is_stmt 0 view .LVU585
 2005 007e 174A     		ldr	r2, .L109+16
 2006 0080 1378     		ldrb	r3, [r2]
 2007 0082 0133     		adds	r3, r3, #1
 2008 0084 DBB2     		uxtb	r3, r3
 2009 0086 1370     		strb	r3, [r2]
 2010              	.L102:
 399:Core/Src/can_protocol.c ****         return;
 2011              		.loc 1 399 9 is_stmt 1 view .LVU586
 399:Core/Src/can_protocol.c ****         return;
 2012              		.loc 1 399 20 is_stmt 0 view .LVU587
 2013 0088 104A     		ldr	r2, .L109
 2014 008a 9368     		ldr	r3, [r2, #8]
 399:Core/Src/can_protocol.c ****         return;
 2015              		.loc 1 399 35 view .LVU588
 2016 008c 0133     		adds	r3, r3, #1
 2017 008e 9360     		str	r3, [r2, #8]
 400:Core/Src/can_protocol.c ****     }
 2018              		.loc 1 400 9 is_stmt 1 view .LVU589
 2019 0090 D2E7     		b	.L97
 2020              	.L108:
 405:Core/Src/can_protocol.c ****         rx_header.RTR   == CAN_RTR_DATA &&
 2021              		.loc 1 405 18 is_stmt 0 view .LVU590
 2022 0092 059B     		ldr	r3, [sp, #20]
 404:Core/Src/can_protocol.c ****         rx_header.IDE   == CAN_ID_STD &&
 2023              		.loc 1 404 43 discriminator 1 view .LVU591
 2024 0094 002B     		cmp	r3, #0
 2025 0096 CBD1     		bne	.L103
 406:Core/Src/can_protocol.c ****         rx_header.DLC   == 8U) {
 2026              		.loc 1 406 18 view .LVU592
 2027 0098 069B     		ldr	r3, [sp, #24]
 405:Core/Src/can_protocol.c ****         rx_header.RTR   == CAN_RTR_DATA &&
 2028              		.loc 1 405 39 view .LVU593
 2029 009a 002B     		cmp	r3, #0
 2030 009c C8D1     		bne	.L103
 407:Core/Src/can_protocol.c ****         if (!handle_led_cmd((const CAN_LedCmd_t *)rx_data)) {
 2031              		.loc 1 407 18 view .LVU594
 2032 009e 079B     		ldr	r3, [sp, #28]
 406:Core/Src/can_protocol.c ****         rx_header.DLC   == 8U) {
 2033              		.loc 1 406 41 view .LVU595
 2034 00a0 082B     		cmp	r3, #8
 2035 00a2 C5D1     		bne	.L103
 408:Core/Src/can_protocol.c ****             g_can_stats.rx_unknown++;
 2036              		.loc 1 408 9 is_stmt 1 view .LVU596
 408:Core/Src/can_protocol.c ****             g_can_stats.rx_unknown++;
 2037              		.loc 1 408 14 is_stmt 0 view .LVU597
 2038 00a4 01A8     		add	r0, sp, #4
 2039 00a6 FFF7FEFF 		bl	handle_led_cmd
 2040              	.LVL118:
 408:Core/Src/can_protocol.c ****             g_can_stats.rx_unknown++;
 2041              		.loc 1 408 12 discriminator 1 view .LVU598
 2042 00aa 0028     		cmp	r0, #0
ARM GAS  C:\Users\24705\AppData\Local\Temp\ccBRba3t.s 			page 60


 2043 00ac 04D1     		bne	.L104
 409:Core/Src/can_protocol.c ****             return;
 2044              		.loc 1 409 13 is_stmt 1 view .LVU599
 409:Core/Src/can_protocol.c ****             return;
 2045              		.loc 1 409 24 is_stmt 0 view .LVU600
 2046 00ae 074A     		ldr	r2, .L109
 2047 00b0 9369     		ldr	r3, [r2, #24]
 409:Core/Src/can_protocol.c ****             return;
 2048              		.loc 1 409 35 view .LVU601
 2049 00b2 0133     		adds	r3, r3, #1
 2050 00b4 9361     		str	r3, [r2, #24]
 410:Core/Src/can_protocol.c ****         }
 2051              		.loc 1 410 13 is_stmt 1 view .LVU602
 2052 00b6 BFE7     		b	.L97
 2053              	.L104:
 412:Core/Src/can_protocol.c ****         send_led_ack(hcan, rx_data);
 2054              		.loc 1 412 9 view .LVU603
 412:Core/Src/can_protocol.c ****         send_led_ack(hcan, rx_data);
 2055              		.loc 1 412 20 is_stmt 0 view .LVU604
 2056 00b8 044A     		ldr	r2, .L109
 2057 00ba D368     		ldr	r3, [r2, #12]
 412:Core/Src/can_protocol.c ****         send_led_ack(hcan, rx_data);
 2058              		.loc 1 412 31 view .LVU605
 2059 00bc 0133     		adds	r3, r3, #1
 2060 00be D360     		str	r3, [r2, #12]
 413:Core/Src/can_protocol.c ****         return;
 2061              		.loc 1 413 9 is_stmt 1 view .LVU606
 2062 00c0 01A9     		add	r1, sp, #4
 2063 00c2 2000     		movs	r0, r4
 2064 00c4 FFF7FEFF 		bl	send_led_ack
 2065              	.LVL119:
 414:Core/Src/can_protocol.c ****     }
 2066              		.loc 1 414 9 view .LVU607
 2067 00c8 B6E7     		b	.L97
 2068              	.L110:
 2069 00ca C046     		.align	2
 2070              	.L109:
 2071 00cc 00000000 		.word	g_can_stats
 2072 00d0 31020000 		.word	561
 2073 00d4 33020000 		.word	563
 2074 00d8 00000000 		.word	calibration_requested
 2075 00dc 00000000 		.word	shoot_report_request_count
 2076              		.cfi_endproc
 2077              	.LFE56:
 2079              		.section	.bss.shoot_report_request_count,"aw",%nobits
 2082              	shoot_report_request_count:
 2083 0000 00       		.space	1
 2084              		.section	.bss.calibration_requested,"aw",%nobits
 2087              	calibration_requested:
 2088 0000 00       		.space	1
 2089              		.section	.data.led_cmd,"aw"
 2090              		.align	2
 2093              	led_cmd:
 2094 0000 00       		.byte	0
 2095 0001 00       		.byte	0
 2096 0002 00       		.byte	0
 2097 0003 01       		.byte	1
ARM GAS  C:\Users\24705\AppData\Local\Temp\ccBRba3t.s 			page 61


 2098              		.section	.bss.shoot_data,"aw",%nobits
 2099              		.align	2
 2102              	shoot_data:
 2103 0000 00000000 		.space	24
 2103      00000000 
 2103      00000000 
 2103      00000000 
 2103      00000000 
 2104              		.section	.bss.can_handle,"aw",%nobits
 2105              		.align	2
 2108              	can_handle:
 2109 0000 00000000 		.space	4
 2110              		.text
 2111              	.Letext0:
 2112              		.file 3 "E:\\STM32CubeCLT_1.21.0\\GNU-tools-for-STM32\\bin/../lib/gcc/arm-none-eabi/14.3.1/../../.
 2113              		.file 4 "E:\\STM32CubeCLT_1.21.0\\GNU-tools-for-STM32\\bin/../lib/gcc/arm-none-eabi/14.3.1/../../.
 2114              		.file 5 "Drivers/CMSIS/Device/ST/STM32F0xx/Include/stm32f072xb.h"
 2115              		.file 6 "Drivers/CMSIS/Device/ST/STM32F0xx/Include/stm32f0xx.h"
 2116              		.file 7 "Drivers/STM32F0xx_HAL_Driver/Inc/stm32f0xx_hal_def.h"
 2117              		.file 8 "Drivers/STM32F0xx_HAL_Driver/Inc/stm32f0xx_hal_can.h"
 2118              		.file 9 "Core/Inc/shoot_detect.h"
 2119              		.file 10 "Core/Inc/can_protocol.h"
 2120              		.file 11 "Core/Inc/thermal.h"
 2121              		.file 12 "Drivers/STM32F0xx_HAL_Driver/Inc/stm32f0xx_hal.h"
 2122              		.file 13 "<built-in>"
ARM GAS  C:\Users\24705\AppData\Local\Temp\ccBRba3t.s 			page 62


DEFINED SYMBOLS
                            *ABS*:00000000 can_protocol.c
C:\Users\24705\AppData\Local\Temp\ccBRba3t.s:19     .text.send_single_byte:00000000 $t
C:\Users\24705\AppData\Local\Temp\ccBRba3t.s:24     .text.send_single_byte:00000000 send_single_byte
C:\Users\24705\AppData\Local\Temp\ccBRba3t.s:114    .text.send_single_byte:00000050 $d
C:\Users\24705\AppData\Local\Temp\ccBRba3t.s:2108   .bss.can_handle:00000000 can_handle
C:\Users\24705\AppData\Local\Temp\ccBRba3t.s:119    .text.send_led_ack:00000000 $t
C:\Users\24705\AppData\Local\Temp\ccBRba3t.s:124    .text.send_led_ack:00000000 send_led_ack
C:\Users\24705\AppData\Local\Temp\ccBRba3t.s:212    .text.send_led_ack:00000048 $d
C:\Users\24705\AppData\Local\Temp\ccBRba3t.s:217    .text.send_frame_confirmed:00000000 $t
C:\Users\24705\AppData\Local\Temp\ccBRba3t.s:222    .text.send_frame_confirmed:00000000 send_frame_confirmed
C:\Users\24705\AppData\Local\Temp\ccBRba3t.s:407    .text.send_frame_confirmed:000000b0 $d
C:\Users\24705\AppData\Local\Temp\ccBRba3t.s:412    .text.send_shoot_report:00000000 $t
C:\Users\24705\AppData\Local\Temp\ccBRba3t.s:417    .text.send_shoot_report:00000000 send_shoot_report
C:\Users\24705\AppData\Local\Temp\ccBRba3t.s:579    .text.send_shoot_report:00000068 $d
C:\Users\24705\AppData\Local\Temp\ccBRba3t.s:2102   .bss.shoot_data:00000000 shoot_data
C:\Users\24705\AppData\Local\Temp\ccBRba3t.s:587    .text.handle_led_cmd:00000000 $t
C:\Users\24705\AppData\Local\Temp\ccBRba3t.s:592    .text.handle_led_cmd:00000000 handle_led_cmd
C:\Users\24705\AppData\Local\Temp\ccBRba3t.s:619    .rodata.handle_led_cmd:00000000 $d
C:\Users\24705\AppData\Local\Temp\ccBRba3t.s:773    .text.handle_led_cmd:00000070 $d
C:\Users\24705\AppData\Local\Temp\ccBRba3t.s:2093   .data.led_cmd:00000000 led_cmd
C:\Users\24705\AppData\Local\Temp\ccBRba3t.s:779    .text.CANProtocol_GetLedCommand:00000000 $t
C:\Users\24705\AppData\Local\Temp\ccBRba3t.s:785    .text.CANProtocol_GetLedCommand:00000000 CANProtocol_GetLedCommand
C:\Users\24705\AppData\Local\Temp\ccBRba3t.s:801    .text.CANProtocol_GetLedCommand:00000004 $d
C:\Users\24705\AppData\Local\Temp\ccBRba3t.s:806    .text.CANProtocol_Init:00000000 $t
C:\Users\24705\AppData\Local\Temp\ccBRba3t.s:812    .text.CANProtocol_Init:00000000 CANProtocol_Init
C:\Users\24705\AppData\Local\Temp\ccBRba3t.s:835    .text.CANProtocol_Init:0000000c $d
C:\Users\24705\AppData\Local\Temp\ccBRba3t.s:2082   .bss.shoot_report_request_count:00000000 shoot_report_request_count
C:\Users\24705\AppData\Local\Temp\ccBRba3t.s:841    .text.CANProtocol_UpdateData:00000000 $t
C:\Users\24705\AppData\Local\Temp\ccBRba3t.s:847    .text.CANProtocol_UpdateData:00000000 CANProtocol_UpdateData
C:\Users\24705\AppData\Local\Temp\ccBRba3t.s:934    .text.CANProtocol_UpdateData:00000020 $d
C:\Users\24705\AppData\Local\Temp\ccBRba3t.s:939    .text.CANProtocol_SendWeakFault:00000000 $t
C:\Users\24705\AppData\Local\Temp\ccBRba3t.s:945    .text.CANProtocol_SendWeakFault:00000000 CANProtocol_SendWeakFault
C:\Users\24705\AppData\Local\Temp\ccBRba3t.s:972    .text.CANProtocol_SendWeakFault:0000000c $d
C:\Users\24705\AppData\Local\Temp\ccBRba3t.s:977    .text.CANProtocol_SendStrongFault:00000000 $t
C:\Users\24705\AppData\Local\Temp\ccBRba3t.s:983    .text.CANProtocol_SendStrongFault:00000000 CANProtocol_SendStrongFault
C:\Users\24705\AppData\Local\Temp\ccBRba3t.s:1012   .text.CANProtocol_SendBoot:00000000 $t
C:\Users\24705\AppData\Local\Temp\ccBRba3t.s:1018   .text.CANProtocol_SendBoot:00000000 CANProtocol_SendBoot
C:\Users\24705\AppData\Local\Temp\ccBRba3t.s:1100   .text.CANProtocol_SendBoot:0000004c $d
C:\Users\24705\AppData\Local\Temp\ccBRba3t.s:1106   .text.CANProtocol_SendCalibrationAck:00000000 $t
C:\Users\24705\AppData\Local\Temp\ccBRba3t.s:1112   .text.CANProtocol_SendCalibrationAck:00000000 CANProtocol_SendCalibrationAck
C:\Users\24705\AppData\Local\Temp\ccBRba3t.s:1240   .text.CANProtocol_SendCalibrationAck:00000068 $d
C:\Users\24705\AppData\Local\Temp\ccBRba3t.s:1246   .text.CANProtocol_TakeCalibrationRequest:00000000 $t
C:\Users\24705\AppData\Local\Temp\ccBRba3t.s:1252   .text.CANProtocol_TakeCalibrationRequest:00000000 CANProtocol_TakeCalibrationRequest
C:\Users\24705\AppData\Local\Temp\ccBRba3t.s:1325   .text.CANProtocol_TakeCalibrationRequest:00000018 $d
C:\Users\24705\AppData\Local\Temp\ccBRba3t.s:2087   .bss.calibration_requested:00000000 calibration_requested
C:\Users\24705\AppData\Local\Temp\ccBRba3t.s:1330   .text.CANProtocol_SendHeartbeat:00000000 $t
C:\Users\24705\AppData\Local\Temp\ccBRba3t.s:1336   .text.CANProtocol_SendHeartbeat:00000000 CANProtocol_SendHeartbeat
C:\Users\24705\AppData\Local\Temp\ccBRba3t.s:1506   .text.CANProtocol_SendHeartbeat:000000a4 $d
C:\Users\24705\AppData\Local\Temp\ccBRba3t.s:1513   .text.CANProtocol_SendShotEvent:00000000 $t
C:\Users\24705\AppData\Local\Temp\ccBRba3t.s:1519   .text.CANProtocol_SendShotEvent:00000000 CANProtocol_SendShotEvent
C:\Users\24705\AppData\Local\Temp\ccBRba3t.s:1700   .text.CANProtocol_SendShotEvent:000000a8 $d
C:\Users\24705\AppData\Local\Temp\ccBRba3t.s:1707   .text.CANProtocol_Task:00000000 $t
C:\Users\24705\AppData\Local\Temp\ccBRba3t.s:1713   .text.CANProtocol_Task:00000000 CANProtocol_Task
C:\Users\24705\AppData\Local\Temp\ccBRba3t.s:1861   .text.CANProtocol_Task:00000040 $d
C:\Users\24705\AppData\Local\Temp\ccBRba3t.s:1868   .text.CANProtocol_RxCallback:00000000 $t
C:\Users\24705\AppData\Local\Temp\ccBRba3t.s:1874   .text.CANProtocol_RxCallback:00000000 CANProtocol_RxCallback
ARM GAS  C:\Users\24705\AppData\Local\Temp\ccBRba3t.s 			page 63


C:\Users\24705\AppData\Local\Temp\ccBRba3t.s:2071   .text.CANProtocol_RxCallback:000000cc $d
C:\Users\24705\AppData\Local\Temp\ccBRba3t.s:2083   .bss.shoot_report_request_count:00000000 $d
C:\Users\24705\AppData\Local\Temp\ccBRba3t.s:2088   .bss.calibration_requested:00000000 $d
C:\Users\24705\AppData\Local\Temp\ccBRba3t.s:2090   .data.led_cmd:00000000 $d
C:\Users\24705\AppData\Local\Temp\ccBRba3t.s:2099   .bss.shoot_data:00000000 $d
C:\Users\24705\AppData\Local\Temp\ccBRba3t.s:2105   .bss.can_handle:00000000 $d

UNDEFINED SYMBOLS
memset
HAL_CAN_GetState
HAL_CAN_AddTxMessage
g_can_stats
HAL_GetTick
HAL_CAN_AbortTxRequest
__aeabi_fmul
__aeabi_fadd
__aeabi_f2uiz
Thermal_SetHeat
__aeabi_uidiv
HAL_CAN_GetRxMessage
