ARM GAS  C:\Users\24705\AppData\Local\Temp\ccUe9770.s 			page 1


   1              		.cpu cortex-m0
   2              		.arch armv6s-m
   3              		.fpu softvfp
   4              		.eabi_attribute 20, 1
   5              		.eabi_attribute 21, 1
   6              		.eabi_attribute 23, 3
   7              		.eabi_attribute 24, 1
   8              		.eabi_attribute 25, 1
   9              		.eabi_attribute 26, 1
  10              		.eabi_attribute 30, 1
  11              		.eabi_attribute 34, 0
  12              		.eabi_attribute 18, 4
  13              		.file	"ir_acquisition.c"
  14              		.text
  15              	.Ltext0:
  16              		.cfi_sections	.debug_frame
  17              		.file 1 "Core/Src/ir_acquisition.c"
  18              		.section	.text.IR_PairEvent,"ax",%progbits
  19              		.align	1
  20              		.syntax unified
  21              		.code	16
  22              		.thumb_func
  24              	IR_PairEvent:
  25              	.LVL0:
  26              	.LFB40:
   1:Core/Src/ir_acquisition.c **** #include "ir_acquisition.h"
   2:Core/Src/ir_acquisition.c **** 
   3:Core/Src/ir_acquisition.c **** extern DAC_HandleTypeDef hdac;
   4:Core/Src/ir_acquisition.c **** volatile uint16_t adc_dma_buf[IR_ADC_DMA_LENGTH] __attribute__((aligned(4)));
   5:Core/Src/ir_acquisition.c **** volatile uint16_t et1_raw;
   6:Core/Src/ir_acquisition.c **** volatile uint16_t et2_raw;
   7:Core/Src/ir_acquisition.c **** volatile uint32_t adc_half_count;
   8:Core/Src/ir_acquisition.c **** volatile uint32_t adc_full_count;
   9:Core/Src/ir_acquisition.c **** volatile uint32_t adc_error_count;
  10:Core/Src/ir_acquisition.c **** volatile uint16_t ir_dac1_code = IR_DAC1_DEFAULT_CODE;
  11:Core/Src/ir_acquisition.c **** volatile uint16_t ir_dac2_code = IR_DAC2_DEFAULT_CODE;
  12:Core/Src/ir_acquisition.c **** volatile bool ir_acquisition_ready;
  13:Core/Src/ir_acquisition.c **** volatile bool g_sensor_detection_ready;
  14:Core/Src/ir_acquisition.c **** volatile uint32_t ir_rear_event_count;
  15:Core/Src/ir_acquisition.c **** volatile uint32_t ir_front_event_count;
  16:Core/Src/ir_acquisition.c **** volatile uint32_t ir_rear_event_sample;
  17:Core/Src/ir_acquisition.c **** volatile uint32_t ir_front_event_sample;
  18:Core/Src/ir_acquisition.c **** volatile bool ir_rear_event_pending;
  19:Core/Src/ir_acquisition.c **** volatile bool ir_front_event_pending;
  20:Core/Src/ir_acquisition.c **** /* Physical names: front=ET1/PA1, rear=ET2/PA3. Updated from every DMA
  21:Core/Src/ir_acquisition.c ****    sample, independently of detection thresholds and main-loop publishing. */
  22:Core/Src/ir_acquisition.c **** volatile uint16_t ir_front_raw_min = 4095U;
  23:Core/Src/ir_acquisition.c **** volatile uint16_t ir_front_raw_max;
  24:Core/Src/ir_acquisition.c **** volatile uint16_t ir_rear_raw_min = 4095U;
  25:Core/Src/ir_acquisition.c **** volatile uint16_t ir_rear_raw_max;
  26:Core/Src/ir_acquisition.c **** volatile uint16_t ir_front_raw_reference;
  27:Core/Src/ir_acquisition.c **** volatile uint16_t ir_rear_raw_reference;
  28:Core/Src/ir_acquisition.c **** volatile uint32_t ir_extrema_sample_count;
  29:Core/Src/ir_acquisition.c **** volatile uint32_t ir_extrema_reset_count;
  30:Core/Src/ir_acquisition.c **** volatile bool ir_extrema_reset_request = true;
  31:Core/Src/ir_acquisition.c **** volatile bool ir_extrema_hold;
  32:Core/Src/ir_acquisition.c **** /* Running maxima in automatically restarting 5 s windows. */
ARM GAS  C:\Users\24705\AppData\Local\Temp\ccUe9770.s 			page 2


  33:Core/Src/ir_acquisition.c **** volatile uint16_t ir_front_adc_max_5s;
  34:Core/Src/ir_acquisition.c **** volatile uint16_t ir_rear_adc_max_5s;
  35:Core/Src/ir_acquisition.c **** static uint32_t adc_max_window_tick;
  36:Core/Src/ir_acquisition.c **** /* All times below use the 20 kHz per-channel ADC frame clock. */
  37:Core/Src/ir_acquisition.c **** volatile uint16_t ir_window_samples = 8U;
  38:Core/Src/ir_acquisition.c **** volatile uint16_t ir_front_pp_threshold = 30U, ir_rear_pp_threshold = 30U;
  39:Core/Src/ir_acquisition.c **** volatile uint16_t ir_front_level_threshold = 30U, ir_rear_level_threshold = 30U;
  40:Core/Src/ir_acquisition.c **** volatile uint16_t ir_confirm_samples = 2U, ir_release_percent = 60U;
  41:Core/Src/ir_acquisition.c **** volatile uint32_t ir_quiet_ms = 80U, ir_pair_timeout_ms = 2000U;
  42:Core/Src/ir_acquisition.c **** volatile uint32_t ir_pair_min_us = 500U;
  43:Core/Src/ir_acquisition.c **** volatile uint32_t ir_rebase_after_ms = 1000U;
  44:Core/Src/ir_acquisition.c **** volatile uint16_t ir_distance_mm = 50U;
  45:Core/Src/ir_acquisition.c **** volatile uint16_t ir_front_pp, ir_rear_pp;
  46:Core/Src/ir_acquisition.c **** volatile uint16_t ir_front_pp_max_5s, ir_rear_pp_max_5s;
  47:Core/Src/ir_acquisition.c **** volatile bool ir_front_active, ir_rear_active;
  48:Core/Src/ir_acquisition.c **** volatile uint32_t ir_shot_count, ir_pair_timeout_count, ir_pair_dropped_count;
  49:Core/Src/ir_acquisition.c **** volatile uint32_t ir_unpaired_front_count, ir_last_pair_us, ir_last_speed_mm_s;
  50:Core/Src/ir_acquisition.c **** static uint32_t sample_tick;
  51:Core/Src/ir_acquisition.c **** static uint32_t pair_ticks[8];
  52:Core/Src/ir_acquisition.c **** static uint8_t pair_head, pair_tail;
  53:Core/Src/ir_acquisition.c **** typedef struct {
  54:Core/Src/ir_acquisition.c ****     uint16_t history[16];
  55:Core/Src/ir_acquisition.c ****     uint8_t position, filled;
  56:Core/Src/ir_acquisition.c ****     uint16_t confirm;
  57:Core/Src/ir_acquisition.c ****     uint32_t quiet;
  58:Core/Src/ir_acquisition.c ****     uint32_t age;
  59:Core/Src/ir_acquisition.c ****     bool active;
  60:Core/Src/ir_acquisition.c **** } IR_Detector;
  61:Core/Src/ir_acquisition.c **** static IR_Detector front_detector, rear_detector;
  62:Core/Src/ir_acquisition.c **** 
  63:Core/Src/ir_acquisition.c **** static void IR_PairEvent(bool front)
  64:Core/Src/ir_acquisition.c **** {
  27              		.loc 1 64 1 view -0
  28              		.cfi_startproc
  29              		@ args = 0, pretend = 0, frame = 0
  30              		@ frame_needed = 0, uses_anonymous_args = 0
  31              		.loc 1 64 1 is_stmt 0 view .LVU1
  32 0000 70B5     		push	{r4, r5, r6, lr}
  33              	.LCFI0:
  34              		.cfi_def_cfa_offset 16
  35              		.cfi_offset 4, -16
  36              		.cfi_offset 5, -12
  37              		.cfi_offset 6, -8
  38              		.cfi_offset 14, -4
  65:Core/Src/ir_acquisition.c ****     if (!front) {
  39              		.loc 1 65 5 is_stmt 1 view .LVU2
  40              		.loc 1 65 8 is_stmt 0 view .LVU3
  41 0002 0028     		cmp	r0, #0
  42 0004 15D1     		bne	.L2
  43              	.LBB2:
  66:Core/Src/ir_acquisition.c ****         uint8_t next = (uint8_t)((pair_head + 1U) % 8U);
  44              		.loc 1 66 9 is_stmt 1 view .LVU4
  45              		.loc 1 66 24 is_stmt 0 view .LVU5
  46 0006 2A4B     		ldr	r3, .L11
  47 0008 1A78     		ldrb	r2, [r3]
  48 000a 531C     		adds	r3, r2, #1
  49              		.loc 1 66 17 view .LVU6
ARM GAS  C:\Users\24705\AppData\Local\Temp\ccUe9770.s 			page 3


  50 000c 0721     		movs	r1, #7
  51 000e 0B40     		ands	r3, r1
  52              	.LVL1:
  67:Core/Src/ir_acquisition.c ****         if (next == pair_tail) { ir_pair_dropped_count++; return; }
  53              		.loc 1 67 9 is_stmt 1 view .LVU7
  54              		.loc 1 67 18 is_stmt 0 view .LVU8
  55 0010 2849     		ldr	r1, .L11+4
  56 0012 0978     		ldrb	r1, [r1]
  57              		.loc 1 67 12 view .LVU9
  58 0014 9942     		cmp	r1, r3
  59 0016 07D0     		beq	.L10
  68:Core/Src/ir_acquisition.c ****         pair_ticks[pair_head] = sample_tick;
  60              		.loc 1 68 9 is_stmt 1 view .LVU10
  61              		.loc 1 68 31 is_stmt 0 view .LVU11
  62 0018 2749     		ldr	r1, .L11+8
  63 001a 9200     		lsls	r2, r2, #2
  64 001c 2748     		ldr	r0, .L11+12
  65              	.LVL2:
  66              		.loc 1 68 31 view .LVU12
  67 001e 0068     		ldr	r0, [r0]
  68 0020 5050     		str	r0, [r2, r1]
  69:Core/Src/ir_acquisition.c ****         pair_head = next;
  69              		.loc 1 69 9 is_stmt 1 view .LVU13
  70              		.loc 1 69 19 is_stmt 0 view .LVU14
  71 0022 234A     		ldr	r2, .L11
  72 0024 1370     		strb	r3, [r2]
  73              	.LVL3:
  74              	.L1:
  75              		.loc 1 69 19 view .LVU15
  76              	.LBE2:
  70:Core/Src/ir_acquisition.c ****     } else if (pair_head != pair_tail) {
  71:Core/Src/ir_acquisition.c ****         uint32_t delta = sample_tick - pair_ticks[pair_tail];
  72:Core/Src/ir_acquisition.c ****         uint32_t minimum = ir_pair_min_us > 1000000U ? 1000000U : ir_pair_min_us;
  73:Core/Src/ir_acquisition.c ****         if (delta == 0U || delta < (minimum + 49U) / 50U) {
  74:Core/Src/ir_acquisition.c ****             ir_unpaired_front_count++;
  75:Core/Src/ir_acquisition.c ****             return;
  76:Core/Src/ir_acquisition.c ****         }
  77:Core/Src/ir_acquisition.c ****         pair_tail = (uint8_t)((pair_tail + 1U) % 8U);
  78:Core/Src/ir_acquisition.c ****         ir_last_pair_us = delta * 50U;
  79:Core/Src/ir_acquisition.c ****         ir_last_speed_mm_s = (uint32_t)ir_distance_mm * 20000U / delta;
  80:Core/Src/ir_acquisition.c ****         ir_shot_count++;
  81:Core/Src/ir_acquisition.c ****     } else { ir_unpaired_front_count++; }
  82:Core/Src/ir_acquisition.c **** }
  77              		.loc 1 82 1 view .LVU16
  78              		@ sp needed
  79 0026 70BD     		pop	{r4, r5, r6, pc}
  80              	.LVL4:
  81              	.L10:
  82              	.LBB3:
  67:Core/Src/ir_acquisition.c ****         pair_ticks[pair_head] = sample_tick;
  83              		.loc 1 67 34 is_stmt 1 discriminator 1 view .LVU17
  67:Core/Src/ir_acquisition.c ****         pair_ticks[pair_head] = sample_tick;
  84              		.loc 1 67 55 is_stmt 0 discriminator 1 view .LVU18
  85 0028 254A     		ldr	r2, .L11+16
  86 002a 1368     		ldr	r3, [r2]
  87              	.LVL5:
  67:Core/Src/ir_acquisition.c ****         pair_ticks[pair_head] = sample_tick;
ARM GAS  C:\Users\24705\AppData\Local\Temp\ccUe9770.s 			page 4


  88              		.loc 1 67 55 discriminator 1 view .LVU19
  89 002c 0133     		adds	r3, r3, #1
  90 002e 1360     		str	r3, [r2]
  67:Core/Src/ir_acquisition.c ****         pair_ticks[pair_head] = sample_tick;
  91              		.loc 1 67 59 is_stmt 1 view .LVU20
  92 0030 F9E7     		b	.L1
  93              	.LVL6:
  94              	.L2:
  67:Core/Src/ir_acquisition.c ****         pair_ticks[pair_head] = sample_tick;
  95              		.loc 1 67 59 is_stmt 0 view .LVU21
  96              	.LBE3:
  70:Core/Src/ir_acquisition.c ****     } else if (pair_head != pair_tail) {
  97              		.loc 1 70 12 is_stmt 1 view .LVU22
  70:Core/Src/ir_acquisition.c ****     } else if (pair_head != pair_tail) {
  98              		.loc 1 70 26 is_stmt 0 view .LVU23
  99 0032 1F4B     		ldr	r3, .L11
 100 0034 1B78     		ldrb	r3, [r3]
 101 0036 1F4A     		ldr	r2, .L11+4
 102 0038 1578     		ldrb	r5, [r2]
  70:Core/Src/ir_acquisition.c ****     } else if (pair_head != pair_tail) {
 103              		.loc 1 70 15 view .LVU24
 104 003a AB42     		cmp	r3, r5
 105 003c 32D0     		beq	.L5
 106              	.LBB4:
  71:Core/Src/ir_acquisition.c ****         uint32_t minimum = ir_pair_min_us > 1000000U ? 1000000U : ir_pair_min_us;
 107              		.loc 1 71 9 is_stmt 1 view .LVU25
  71:Core/Src/ir_acquisition.c ****         uint32_t minimum = ir_pair_min_us > 1000000U ? 1000000U : ir_pair_min_us;
 108              		.loc 1 71 38 is_stmt 0 view .LVU26
 109 003e 1F4B     		ldr	r3, .L11+12
 110 0040 1C68     		ldr	r4, [r3]
  71:Core/Src/ir_acquisition.c ****         uint32_t minimum = ir_pair_min_us > 1000000U ? 1000000U : ir_pair_min_us;
 111              		.loc 1 71 50 view .LVU27
 112 0042 1D4B     		ldr	r3, .L11+8
 113 0044 AA00     		lsls	r2, r5, #2
 114 0046 D358     		ldr	r3, [r2, r3]
  71:Core/Src/ir_acquisition.c ****         uint32_t minimum = ir_pair_min_us > 1000000U ? 1000000U : ir_pair_min_us;
 115              		.loc 1 71 18 view .LVU28
 116 0048 E41A     		subs	r4, r4, r3
 117              	.LVL7:
  72:Core/Src/ir_acquisition.c ****         if (delta == 0U || delta < (minimum + 49U) / 50U) {
 118              		.loc 1 72 9 is_stmt 1 view .LVU29
  72:Core/Src/ir_acquisition.c ****         if (delta == 0U || delta < (minimum + 49U) / 50U) {
 119              		.loc 1 72 43 is_stmt 0 view .LVU30
 120 004a 1E4B     		ldr	r3, .L11+20
 121 004c 1A68     		ldr	r2, [r3]
  72:Core/Src/ir_acquisition.c ****         if (delta == 0U || delta < (minimum + 49U) / 50U) {
 122              		.loc 1 72 65 view .LVU31
 123 004e 1E4B     		ldr	r3, .L11+24
 124 0050 9A42     		cmp	r2, r3
 125 0052 20D8     		bhi	.L9
  72:Core/Src/ir_acquisition.c ****         if (delta == 0U || delta < (minimum + 49U) / 50U) {
 126              		.loc 1 72 65 discriminator 1 view .LVU32
 127 0054 1B4B     		ldr	r3, .L11+20
 128 0056 1868     		ldr	r0, [r3]
 129              	.LVL8:
 130              	.L6:
  73:Core/Src/ir_acquisition.c ****             ir_unpaired_front_count++;
ARM GAS  C:\Users\24705\AppData\Local\Temp\ccUe9770.s 			page 5


 131              		.loc 1 73 9 is_stmt 1 view .LVU33
  73:Core/Src/ir_acquisition.c ****             ir_unpaired_front_count++;
 132              		.loc 1 73 12 is_stmt 0 view .LVU34
 133 0058 002C     		cmp	r4, #0
 134 005a 1ED0     		beq	.L7
  73:Core/Src/ir_acquisition.c ****             ir_unpaired_front_count++;
 135              		.loc 1 73 45 discriminator 1 view .LVU35
 136 005c 3130     		adds	r0, r0, #49
 137              	.LVL9:
  73:Core/Src/ir_acquisition.c ****             ir_unpaired_front_count++;
 138              		.loc 1 73 52 discriminator 1 view .LVU36
 139 005e 3221     		movs	r1, #50
 140 0060 FFF7FEFF 		bl	__aeabi_uidiv
 141              	.LVL10:
  73:Core/Src/ir_acquisition.c ****             ir_unpaired_front_count++;
 142              		.loc 1 73 25 discriminator 1 view .LVU37
 143 0064 A042     		cmp	r0, r4
 144 0066 18D8     		bhi	.L7
  77:Core/Src/ir_acquisition.c ****         ir_last_pair_us = delta * 50U;
 145              		.loc 1 77 9 is_stmt 1 view .LVU38
  77:Core/Src/ir_acquisition.c ****         ir_last_pair_us = delta * 50U;
 146              		.loc 1 77 21 is_stmt 0 view .LVU39
 147 0068 0135     		adds	r5, r5, #1
 148 006a 0723     		movs	r3, #7
 149 006c 2B40     		ands	r3, r5
  77:Core/Src/ir_acquisition.c ****         ir_last_pair_us = delta * 50U;
 150              		.loc 1 77 19 view .LVU40
 151 006e 114A     		ldr	r2, .L11+4
 152 0070 1370     		strb	r3, [r2]
  78:Core/Src/ir_acquisition.c ****         ir_last_speed_mm_s = (uint32_t)ir_distance_mm * 20000U / delta;
 153              		.loc 1 78 9 is_stmt 1 view .LVU41
  78:Core/Src/ir_acquisition.c ****         ir_last_speed_mm_s = (uint32_t)ir_distance_mm * 20000U / delta;
 154              		.loc 1 78 33 is_stmt 0 view .LVU42
 155 0072 3223     		movs	r3, #50
 156 0074 6343     		muls	r3, r4
  78:Core/Src/ir_acquisition.c ****         ir_last_speed_mm_s = (uint32_t)ir_distance_mm * 20000U / delta;
 157              		.loc 1 78 25 view .LVU43
 158 0076 154A     		ldr	r2, .L11+28
 159 0078 1360     		str	r3, [r2]
  79:Core/Src/ir_acquisition.c ****         ir_shot_count++;
 160              		.loc 1 79 9 is_stmt 1 view .LVU44
  79:Core/Src/ir_acquisition.c ****         ir_shot_count++;
 161              		.loc 1 79 30 is_stmt 0 view .LVU45
 162 007a 154B     		ldr	r3, .L11+32
 163 007c 1888     		ldrh	r0, [r3]
  79:Core/Src/ir_acquisition.c ****         ir_shot_count++;
 164              		.loc 1 79 55 view .LVU46
 165 007e 154B     		ldr	r3, .L11+36
 166 0080 5843     		muls	r0, r3
  79:Core/Src/ir_acquisition.c ****         ir_shot_count++;
 167              		.loc 1 79 64 view .LVU47
 168 0082 2100     		movs	r1, r4
 169 0084 FFF7FEFF 		bl	__aeabi_uidiv
 170              	.LVL11:
  79:Core/Src/ir_acquisition.c ****         ir_shot_count++;
 171              		.loc 1 79 28 view .LVU48
 172 0088 134B     		ldr	r3, .L11+40
ARM GAS  C:\Users\24705\AppData\Local\Temp\ccUe9770.s 			page 6


 173 008a 1860     		str	r0, [r3]
  80:Core/Src/ir_acquisition.c ****     } else { ir_unpaired_front_count++; }
 174              		.loc 1 80 9 is_stmt 1 view .LVU49
  80:Core/Src/ir_acquisition.c ****     } else { ir_unpaired_front_count++; }
 175              		.loc 1 80 22 is_stmt 0 view .LVU50
 176 008c 134A     		ldr	r2, .L11+44
 177 008e 1368     		ldr	r3, [r2]
 178 0090 0133     		adds	r3, r3, #1
 179 0092 1360     		str	r3, [r2]
 180              	.LBE4:
 181 0094 C7E7     		b	.L1
 182              	.LVL12:
 183              	.L9:
 184              	.LBB5:
  72:Core/Src/ir_acquisition.c ****         if (delta == 0U || delta < (minimum + 49U) / 50U) {
 185              		.loc 1 72 65 discriminator 2 view .LVU51
 186 0096 0C48     		ldr	r0, .L11+24
 187              	.LVL13:
  72:Core/Src/ir_acquisition.c ****         if (delta == 0U || delta < (minimum + 49U) / 50U) {
 188              		.loc 1 72 65 discriminator 2 view .LVU52
 189 0098 DEE7     		b	.L6
 190              	.LVL14:
 191              	.L7:
  74:Core/Src/ir_acquisition.c ****             return;
 192              		.loc 1 74 13 is_stmt 1 view .LVU53
  74:Core/Src/ir_acquisition.c ****             return;
 193              		.loc 1 74 36 is_stmt 0 view .LVU54
 194 009a 114A     		ldr	r2, .L11+48
 195 009c 1368     		ldr	r3, [r2]
 196 009e 0133     		adds	r3, r3, #1
 197 00a0 1360     		str	r3, [r2]
  75:Core/Src/ir_acquisition.c ****         }
 198              		.loc 1 75 13 is_stmt 1 view .LVU55
 199 00a2 C0E7     		b	.L1
 200              	.LVL15:
 201              	.L5:
  75:Core/Src/ir_acquisition.c ****         }
 202              		.loc 1 75 13 is_stmt 0 view .LVU56
 203              	.LBE5:
  81:Core/Src/ir_acquisition.c **** }
 204              		.loc 1 81 14 is_stmt 1 view .LVU57
  81:Core/Src/ir_acquisition.c **** }
 205              		.loc 1 81 37 is_stmt 0 view .LVU58
 206 00a4 0E4A     		ldr	r2, .L11+48
 207 00a6 1368     		ldr	r3, [r2]
 208 00a8 0133     		adds	r3, r3, #1
 209 00aa 1360     		str	r3, [r2]
 210 00ac BBE7     		b	.L1
 211              	.L12:
 212 00ae C046     		.align	2
 213              	.L11:
 214 00b0 00000000 		.word	pair_head
 215 00b4 00000000 		.word	pair_tail
 216 00b8 00000000 		.word	pair_ticks
 217 00bc 00000000 		.word	sample_tick
 218 00c0 00000000 		.word	ir_pair_dropped_count
 219 00c4 00000000 		.word	ir_pair_min_us
ARM GAS  C:\Users\24705\AppData\Local\Temp\ccUe9770.s 			page 7


 220 00c8 40420F00 		.word	1000000
 221 00cc 00000000 		.word	ir_last_pair_us
 222 00d0 00000000 		.word	ir_distance_mm
 223 00d4 204E0000 		.word	20000
 224 00d8 00000000 		.word	ir_last_speed_mm_s
 225 00dc 00000000 		.word	ir_shot_count
 226 00e0 00000000 		.word	ir_unpaired_front_count
 227              		.cfi_endproc
 228              	.LFE40:
 230              		.section	.text.IR_DetectSample,"ax",%progbits
 231              		.align	1
 232              		.syntax unified
 233              		.code	16
 234              		.thumb_func
 236              	IR_DetectSample:
 237              	.LVL16:
 238              	.LFB41:
  83:Core/Src/ir_acquisition.c **** 
  84:Core/Src/ir_acquisition.c **** static bool IR_DetectSample(IR_Detector *d, uint16_t value,
  85:Core/Src/ir_acquisition.c ****                             uint16_t baseline, bool front)
  86:Core/Src/ir_acquisition.c **** {
 239              		.loc 1 86 1 is_stmt 1 view -0
 240              		.cfi_startproc
 241              		@ args = 0, pretend = 0, frame = 0
 242              		@ frame_needed = 0, uses_anonymous_args = 0
 243              		.loc 1 86 1 is_stmt 0 view .LVU60
 244 0000 F0B5     		push	{r4, r5, r6, r7, lr}
 245              	.LCFI1:
 246              		.cfi_def_cfa_offset 20
 247              		.cfi_offset 4, -20
 248              		.cfi_offset 5, -16
 249              		.cfi_offset 6, -12
 250              		.cfi_offset 7, -8
 251              		.cfi_offset 14, -4
 252 0002 CE46     		mov	lr, r9
 253 0004 4746     		mov	r7, r8
 254 0006 80B5     		push	{r7, lr}
 255              	.LCFI2:
 256              		.cfi_def_cfa_offset 28
 257              		.cfi_offset 8, -28
 258              		.cfi_offset 9, -24
 259 0008 0600     		movs	r6, r0
 260 000a 8946     		mov	r9, r1
 261 000c 9446     		mov	ip, r2
 262 000e 9846     		mov	r8, r3
  87:Core/Src/ir_acquisition.c ****     uint16_t n = ir_window_samples;
 263              		.loc 1 87 5 is_stmt 1 view .LVU61
 264              		.loc 1 87 14 is_stmt 0 view .LVU62
 265 0010 6E4B     		ldr	r3, .L58
 266              	.LVL17:
 267              		.loc 1 87 14 view .LVU63
 268 0012 1B88     		ldrh	r3, [r3]
 269 0014 98B2     		uxth	r0, r3
 270              	.LVL18:
  88:Core/Src/ir_acquisition.c ****     if (n < 2U) n = 2U;
 271              		.loc 1 88 5 is_stmt 1 view .LVU64
 272              		.loc 1 88 8 is_stmt 0 view .LVU65
ARM GAS  C:\Users\24705\AppData\Local\Temp\ccUe9770.s 			page 8


 273 0016 012B     		cmp	r3, #1
 274 0018 03D9     		bls	.L44
  89:Core/Src/ir_acquisition.c ****     if (n > 16U) n = 16U;
 275              		.loc 1 89 5 is_stmt 1 view .LVU66
 276              		.loc 1 89 8 is_stmt 0 view .LVU67
 277 001a 1028     		cmp	r0, #16
 278 001c 02D9     		bls	.L14
 279              		.loc 1 89 20 discriminator 1 view .LVU68
 280 001e 1020     		movs	r0, #16
 281              	.LVL19:
 282              		.loc 1 89 20 discriminator 1 view .LVU69
 283 0020 00E0     		b	.L14
 284              	.LVL20:
 285              	.L44:
  88:Core/Src/ir_acquisition.c ****     if (n < 2U) n = 2U;
 286              		.loc 1 88 19 discriminator 1 view .LVU70
 287 0022 0220     		movs	r0, #2
 288              	.LVL21:
 289              	.L14:
  90:Core/Src/ir_acquisition.c ****     d->history[d->position] = value;
 290              		.loc 1 90 5 is_stmt 1 view .LVU71
 291              		.loc 1 90 17 is_stmt 0 view .LVU72
 292 0024 2024     		movs	r4, #32
 293 0026 335D     		ldrb	r3, [r6, r4]
 294              		.loc 1 90 29 view .LVU73
 295 0028 5A00     		lsls	r2, r3, #1
 296              	.LVL22:
 297              		.loc 1 90 29 view .LVU74
 298 002a 4946     		mov	r1, r9
 299              	.LVL23:
 300              		.loc 1 90 29 view .LVU75
 301 002c 9153     		strh	r1, [r2, r6]
  91:Core/Src/ir_acquisition.c ****     d->position = (uint8_t)((d->position + 1U) % 16U);
 302              		.loc 1 91 5 is_stmt 1 view .LVU76
 303              		.loc 1 91 19 is_stmt 0 view .LVU77
 304 002e 0133     		adds	r3, r3, #1
 305 0030 0F22     		movs	r2, #15
 306 0032 1A40     		ands	r2, r3
 307              		.loc 1 91 17 view .LVU78
 308 0034 3255     		strb	r2, [r6, r4]
  92:Core/Src/ir_acquisition.c ****     if (d->filled < 16U) d->filled++;
 309              		.loc 1 92 5 is_stmt 1 view .LVU79
 310              		.loc 1 92 10 is_stmt 0 view .LVU80
 311 0036 2123     		movs	r3, #33
 312 0038 F35C     		ldrb	r3, [r6, r3]
 313              		.loc 1 92 8 view .LVU81
 314 003a 0F2B     		cmp	r3, #15
 315 003c 02D8     		bhi	.L15
 316              	.LVL24:
 317              		.loc 1 92 26 is_stmt 1 discriminator 1 view .LVU82
 318              		.loc 1 92 35 is_stmt 0 discriminator 1 view .LVU83
 319 003e 0133     		adds	r3, r3, #1
 320 0040 0134     		adds	r4, r4, #1
 321 0042 3355     		strb	r3, [r6, r4]
 322              	.L15:
  93:Core/Src/ir_acquisition.c ****     uint16_t low = value, high = value;
 323              		.loc 1 93 5 is_stmt 1 view .LVU84
ARM GAS  C:\Users\24705\AppData\Local\Temp\ccUe9770.s 			page 9


 324              	.LVL25:
  94:Core/Src/ir_acquisition.c ****     uint16_t available = d->filled < n ? d->filled : n;
 325              		.loc 1 94 5 view .LVU85
 326              		.loc 1 94 27 is_stmt 0 view .LVU86
 327 0044 2123     		movs	r3, #33
 328 0046 F45C     		ldrb	r4, [r6, r3]
 329              		.loc 1 94 14 view .LVU87
 330 0048 231C     		adds	r3, r4, #0
 331 004a 8442     		cmp	r4, r0
 332 004c 00D9     		bls	.L16
 333 004e 031C     		adds	r3, r0, #0
 334              	.L16:
 335              		.loc 1 94 14 view .LVU88
 336 0050 9BB2     		uxth	r3, r3
 337              	.LVL26:
  95:Core/Src/ir_acquisition.c ****     for (uint16_t j = 1U; j < available; ++j) {
 338              		.loc 1 95 5 is_stmt 1 view .LVU89
 339              	.LBB6:
 340              		.loc 1 95 10 view .LVU90
 341              		.loc 1 95 10 is_stmt 0 view .LVU91
 342              	.LBE6:
  93:Core/Src/ir_acquisition.c ****     uint16_t low = value, high = value;
 343              		.loc 1 93 27 view .LVU92
 344 0052 4846     		mov	r0, r9
 345              	.LVL27:
  93:Core/Src/ir_acquisition.c ****     uint16_t low = value, high = value;
 346              		.loc 1 93 14 view .LVU93
 347 0054 4F46     		mov	r7, r9
 348              	.LBB8:
 349              		.loc 1 95 19 view .LVU94
 350 0056 0124     		movs	r4, #1
 351              		.loc 1 95 5 view .LVU95
 352 0058 01E0     		b	.L17
 353              	.LVL28:
 354              	.L19:
 355              		.loc 1 95 42 is_stmt 1 discriminator 2 view .LVU96
 356 005a 0134     		adds	r4, r4, #1
 357              	.LVL29:
 358              		.loc 1 95 42 is_stmt 0 discriminator 2 view .LVU97
 359 005c A4B2     		uxth	r4, r4
 360              	.LVL30:
 361              	.L17:
 362              		.loc 1 95 29 is_stmt 1 discriminator 1 view .LVU98
 363 005e 9C42     		cmp	r4, r3
 364 0060 0CD2     		bcs	.L57
 365              	.LBB7:
  96:Core/Src/ir_acquisition.c ****         uint16_t v = d->history[(d->position + 15U - j) % 16U];
 366              		.loc 1 96 9 view .LVU99
 367              		.loc 1 96 52 is_stmt 0 view .LVU100
 368 0062 111B     		subs	r1, r2, r4
 369 0064 0F31     		adds	r1, r1, #15
 370              		.loc 1 96 57 view .LVU101
 371 0066 0F25     		movs	r5, #15
 372 0068 0D40     		ands	r5, r1
 373              		.loc 1 96 18 view .LVU102
 374 006a 6D00     		lsls	r5, r5, #1
 375 006c AD5B     		ldrh	r5, [r5, r6]
ARM GAS  C:\Users\24705\AppData\Local\Temp\ccUe9770.s 			page 10


 376              	.LVL31:
  97:Core/Src/ir_acquisition.c ****         if (v < low) low = v;
 377              		.loc 1 97 9 is_stmt 1 view .LVU103
 378              		.loc 1 97 12 is_stmt 0 view .LVU104
 379 006e AF42     		cmp	r7, r5
 380 0070 00D9     		bls	.L18
 381              		.loc 1 97 26 discriminator 1 view .LVU105
 382 0072 2F00     		movs	r7, r5
 383              	.LVL32:
 384              	.L18:
  98:Core/Src/ir_acquisition.c ****         if (v > high) high = v;
 385              		.loc 1 98 9 is_stmt 1 view .LVU106
 386              		.loc 1 98 12 is_stmt 0 view .LVU107
 387 0074 A842     		cmp	r0, r5
 388 0076 F0D2     		bcs	.L19
 389              		.loc 1 98 28 discriminator 1 view .LVU108
 390 0078 2800     		movs	r0, r5
 391              	.LVL33:
 392              		.loc 1 98 28 discriminator 1 view .LVU109
 393 007a EEE7     		b	.L19
 394              	.LVL34:
 395              	.L57:
 396              		.loc 1 98 28 discriminator 1 view .LVU110
 397              	.LBE7:
 398              	.LBE8:
  99:Core/Src/ir_acquisition.c ****     }
 100:Core/Src/ir_acquisition.c ****     uint16_t pp = high - low;
 399              		.loc 1 100 5 is_stmt 1 view .LVU111
 400              		.loc 1 100 14 is_stmt 0 view .LVU112
 401 007c C01B     		subs	r0, r0, r7
 402              	.LVL35:
 403              		.loc 1 100 14 view .LVU113
 404 007e 83B2     		uxth	r3, r0
 405              	.LVL36:
 101:Core/Src/ir_acquisition.c ****     uint16_t deviation = value > baseline ? value - baseline : baseline - value;
 406              		.loc 1 101 5 is_stmt 1 view .LVU114
 407              		.loc 1 101 14 is_stmt 0 view .LVU115
 408 0080 E145     		cmp	r9, ip
 409 0082 1BD9     		bls	.L21
 410              		.loc 1 101 14 discriminator 1 view .LVU116
 411 0084 4A46     		mov	r2, r9
 412 0086 6146     		mov	r1, ip
 413 0088 511A     		subs	r1, r2, r1
 414 008a 89B2     		uxth	r1, r1
 415              	.L22:
 416              	.LVL37:
 102:Core/Src/ir_acquisition.c ****     uint16_t pp_limit = front ? ir_front_pp_threshold : ir_rear_pp_threshold;
 417              		.loc 1 102 5 is_stmt 1 view .LVU117
 418              		.loc 1 102 14 is_stmt 0 view .LVU118
 419 008c 4246     		mov	r2, r8
 420 008e 002A     		cmp	r2, #0
 421 0090 19D0     		beq	.L23
 422              	.LVL38:
 423              		.loc 1 102 14 discriminator 1 view .LVU119
 424 0092 4F4A     		ldr	r2, .L58+4
 425              	.LVL39:
 426              		.loc 1 102 14 discriminator 1 view .LVU120
ARM GAS  C:\Users\24705\AppData\Local\Temp\ccUe9770.s 			page 11


 427 0094 1288     		ldrh	r2, [r2]
 428 0096 92B2     		uxth	r2, r2
 429              	.LVL40:
 103:Core/Src/ir_acquisition.c ****     uint16_t level_limit = front ? ir_front_level_threshold : ir_rear_level_threshold;
 430              		.loc 1 103 5 is_stmt 1 view .LVU121
 431              		.loc 1 103 14 is_stmt 0 discriminator 1 view .LVU122
 432 0098 4E48     		ldr	r0, .L58+8
 433 009a 0488     		ldrh	r4, [r0]
 434              	.LVL41:
 435              		.loc 1 103 14 discriminator 1 view .LVU123
 436 009c A4B2     		uxth	r4, r4
 437              	.L24:
 438              	.LVL42:
 104:Core/Src/ir_acquisition.c ****     if (pp_limit == 0U) pp_limit = 1U;
 439              		.loc 1 104 5 is_stmt 1 view .LVU124
 440              		.loc 1 104 8 is_stmt 0 view .LVU125
 441 009e 002A     		cmp	r2, #0
 442 00a0 00D1     		bne	.L25
 443              		.loc 1 104 34 discriminator 1 view .LVU126
 444 00a2 0132     		adds	r2, r2, #1
 445              	.LVL43:
 446              	.L25:
 105:Core/Src/ir_acquisition.c ****     if (level_limit == 0U) level_limit = 1U;
 447              		.loc 1 105 5 is_stmt 1 view .LVU127
 448              		.loc 1 105 8 is_stmt 0 view .LVU128
 449 00a4 002C     		cmp	r4, #0
 450 00a6 00D1     		bne	.L26
 451              		.loc 1 105 40 discriminator 1 view .LVU129
 452 00a8 0134     		adds	r4, r4, #1
 453              	.LVL44:
 454              	.L26:
 106:Core/Src/ir_acquisition.c ****     uint16_t release = ir_release_percent;
 455              		.loc 1 106 5 is_stmt 1 view .LVU130
 456              		.loc 1 106 14 is_stmt 0 view .LVU131
 457 00aa 4B48     		ldr	r0, .L58+12
 458 00ac 0088     		ldrh	r0, [r0]
 459 00ae 85B2     		uxth	r5, r0
 460              	.LVL45:
 107:Core/Src/ir_acquisition.c ****     if (release < 1U) release = 1U;
 461              		.loc 1 107 5 is_stmt 1 view .LVU132
 462              		.loc 1 107 8 is_stmt 0 view .LVU133
 463 00b0 0028     		cmp	r0, #0
 464 00b2 0FD0     		beq	.L50
 108:Core/Src/ir_acquisition.c ****     if (release > 99U) release = 99U;
 465              		.loc 1 108 5 is_stmt 1 view .LVU134
 466              		.loc 1 108 8 is_stmt 0 view .LVU135
 467 00b4 632D     		cmp	r5, #99
 468 00b6 0ED9     		bls	.L27
 469              		.loc 1 108 32 discriminator 1 view .LVU136
 470 00b8 6325     		movs	r5, #99
 471              	.LVL46:
 472              		.loc 1 108 32 discriminator 1 view .LVU137
 473 00ba 0CE0     		b	.L27
 474              	.LVL47:
 475              	.L21:
 101:Core/Src/ir_acquisition.c ****     uint16_t pp_limit = front ? ir_front_pp_threshold : ir_rear_pp_threshold;
 476              		.loc 1 101 14 discriminator 2 view .LVU138
ARM GAS  C:\Users\24705\AppData\Local\Temp\ccUe9770.s 			page 12


 477 00bc 6246     		mov	r2, ip
 478 00be 4946     		mov	r1, r9
 479 00c0 511A     		subs	r1, r2, r1
 480 00c2 89B2     		uxth	r1, r1
 481 00c4 E2E7     		b	.L22
 482              	.LVL48:
 483              	.L23:
 102:Core/Src/ir_acquisition.c ****     uint16_t level_limit = front ? ir_front_level_threshold : ir_rear_level_threshold;
 484              		.loc 1 102 14 discriminator 2 view .LVU139
 485 00c6 454A     		ldr	r2, .L58+16
 486              	.LVL49:
 102:Core/Src/ir_acquisition.c ****     uint16_t level_limit = front ? ir_front_level_threshold : ir_rear_level_threshold;
 487              		.loc 1 102 14 discriminator 2 view .LVU140
 488 00c8 1288     		ldrh	r2, [r2]
 489 00ca 92B2     		uxth	r2, r2
 490              	.LVL50:
 103:Core/Src/ir_acquisition.c ****     if (pp_limit == 0U) pp_limit = 1U;
 491              		.loc 1 103 5 is_stmt 1 view .LVU141
 103:Core/Src/ir_acquisition.c ****     if (pp_limit == 0U) pp_limit = 1U;
 492              		.loc 1 103 14 is_stmt 0 discriminator 2 view .LVU142
 493 00cc 4448     		ldr	r0, .L58+20
 494 00ce 0488     		ldrh	r4, [r0]
 495              	.LVL51:
 103:Core/Src/ir_acquisition.c ****     if (pp_limit == 0U) pp_limit = 1U;
 496              		.loc 1 103 14 discriminator 2 view .LVU143
 497 00d0 A4B2     		uxth	r4, r4
 498 00d2 E4E7     		b	.L24
 499              	.LVL52:
 500              	.L50:
 107:Core/Src/ir_acquisition.c ****     if (release > 99U) release = 99U;
 501              		.loc 1 107 31 discriminator 1 view .LVU144
 502 00d4 0125     		movs	r5, #1
 503              	.LVL53:
 504              	.L27:
 109:Core/Src/ir_acquisition.c ****     if (front) {
 505              		.loc 1 109 5 is_stmt 1 view .LVU145
 506              		.loc 1 109 8 is_stmt 0 view .LVU146
 507 00d6 4046     		mov	r0, r8
 508 00d8 0028     		cmp	r0, #0
 509 00da 27D0     		beq	.L28
 510              	.LVL54:
 110:Core/Src/ir_acquisition.c ****         ir_front_pp = pp;
 511              		.loc 1 110 9 is_stmt 1 view .LVU147
 512              		.loc 1 110 21 is_stmt 0 view .LVU148
 513 00dc 4148     		ldr	r0, .L58+24
 514              	.LVL55:
 515              		.loc 1 110 21 view .LVU149
 516 00de 0380     		strh	r3, [r0]
 111:Core/Src/ir_acquisition.c ****         if (pp > ir_front_pp_max_5s) ir_front_pp_max_5s = pp;
 517              		.loc 1 111 9 is_stmt 1 view .LVU150
 518              		.loc 1 111 16 is_stmt 0 view .LVU151
 519 00e0 4148     		ldr	r0, .L58+28
 520 00e2 0088     		ldrh	r0, [r0]
 521              		.loc 1 111 12 view .LVU152
 522 00e4 9842     		cmp	r0, r3
 523 00e6 01D2     		bcs	.L29
 524              		.loc 1 111 38 is_stmt 1 discriminator 1 view .LVU153
ARM GAS  C:\Users\24705\AppData\Local\Temp\ccUe9770.s 			page 13


 525              		.loc 1 111 57 is_stmt 0 discriminator 1 view .LVU154
 526 00e8 3F48     		ldr	r0, .L58+28
 527 00ea 0380     		strh	r3, [r0]
 528              	.L29:
 112:Core/Src/ir_acquisition.c ****     } else {
 113:Core/Src/ir_acquisition.c ****         ir_rear_pp = pp;
 114:Core/Src/ir_acquisition.c ****         if (pp > ir_rear_pp_max_5s) ir_rear_pp_max_5s = pp;
 115:Core/Src/ir_acquisition.c ****     }
 116:Core/Src/ir_acquisition.c ****     bool event = false;
 529              		.loc 1 116 5 is_stmt 1 view .LVU155
 530              	.LVL56:
 117:Core/Src/ir_acquisition.c ****     if (!d->active) {
 531              		.loc 1 117 5 view .LVU156
 532              		.loc 1 117 11 is_stmt 0 view .LVU157
 533 00ec 2C20     		movs	r0, #44
 534 00ee 305C     		ldrb	r0, [r6, r0]
 535              		.loc 1 117 8 view .LVU158
 536 00f0 0028     		cmp	r0, #0
 537 00f2 29D1     		bne	.L30
 118:Core/Src/ir_acquisition.c ****         if (pp >= pp_limit || deviation >= level_limit) {
 538              		.loc 1 118 9 is_stmt 1 view .LVU159
 539              		.loc 1 118 12 is_stmt 0 view .LVU160
 540 00f4 9A42     		cmp	r2, r3
 541 00f6 01D9     		bls	.L31
 542              		.loc 1 118 28 discriminator 1 view .LVU161
 543 00f8 8C42     		cmp	r4, r1
 544 00fa 22D8     		bhi	.L32
 545              	.L31:
 546              	.LBB9:
 119:Core/Src/ir_acquisition.c ****             if (d->confirm < 65535U) d->confirm++;
 547              		.loc 1 119 13 is_stmt 1 view .LVU162
 548              		.loc 1 119 18 is_stmt 0 view .LVU163
 549 00fc 738C     		ldrh	r3, [r6, #34]
 550              	.LVL57:
 551              		.loc 1 119 16 view .LVU164
 552 00fe 3B4A     		ldr	r2, .L58+32
 553              	.LVL58:
 554              		.loc 1 119 16 view .LVU165
 555 0100 9342     		cmp	r3, r2
 556 0102 01D0     		beq	.L33
 557              		.loc 1 119 38 is_stmt 1 discriminator 1 view .LVU166
 558              		.loc 1 119 48 is_stmt 0 discriminator 1 view .LVU167
 559 0104 0133     		adds	r3, r3, #1
 560 0106 7384     		strh	r3, [r6, #34]
 561              	.L33:
 120:Core/Src/ir_acquisition.c ****             uint16_t required = ir_confirm_samples == 0U ? 1U : ir_confirm_samples;
 562              		.loc 1 120 13 is_stmt 1 view .LVU168
 563              		.loc 1 120 52 is_stmt 0 view .LVU169
 564 0108 394B     		ldr	r3, .L58+36
 565 010a 1B88     		ldrh	r3, [r3]
 566              		.loc 1 120 22 view .LVU170
 567 010c 002B     		cmp	r3, #0
 568 010e 16D0     		beq	.L52
 569              		.loc 1 120 22 discriminator 1 view .LVU171
 570 0110 374B     		ldr	r3, .L58+36
 571 0112 1B88     		ldrh	r3, [r3]
 572 0114 9BB2     		uxth	r3, r3
ARM GAS  C:\Users\24705\AppData\Local\Temp\ccUe9770.s 			page 14


 573              	.L34:
 574              	.LVL59:
 121:Core/Src/ir_acquisition.c ****             if (d->confirm >= required) {
 575              		.loc 1 121 13 is_stmt 1 view .LVU172
 576              		.loc 1 121 18 is_stmt 0 view .LVU173
 577 0116 728C     		ldrh	r2, [r6, #34]
 578              		.loc 1 121 16 view .LVU174
 579 0118 9A42     		cmp	r2, r3
 580 011a 45D3     		bcc	.L35
 122:Core/Src/ir_acquisition.c ****                 d->active = true;
 581              		.loc 1 122 17 is_stmt 1 view .LVU175
 582              		.loc 1 122 27 is_stmt 0 view .LVU176
 583 011c 2C23     		movs	r3, #44
 584              	.LVL60:
 585              		.loc 1 122 27 view .LVU177
 586 011e 0122     		movs	r2, #1
 587 0120 F254     		strb	r2, [r6, r3]
 123:Core/Src/ir_acquisition.c ****                 d->quiet = 0U;
 588              		.loc 1 123 17 is_stmt 1 view .LVU178
 589              		.loc 1 123 26 is_stmt 0 view .LVU179
 590 0122 0023     		movs	r3, #0
 591 0124 7362     		str	r3, [r6, #36]
 124:Core/Src/ir_acquisition.c ****                 d->age = 0U;
 592              		.loc 1 124 17 is_stmt 1 view .LVU180
 593              		.loc 1 124 24 is_stmt 0 view .LVU181
 594 0126 B362     		str	r3, [r6, #40]
 125:Core/Src/ir_acquisition.c ****                 event = true;
 595              		.loc 1 125 17 is_stmt 1 view .LVU182
 596              	.LVL61:
 597              		.loc 1 125 23 is_stmt 0 view .LVU183
 598 0128 0120     		movs	r0, #1
 599 012a 3DE0     		b	.L35
 600              	.LVL62:
 601              	.L28:
 602              		.loc 1 125 23 view .LVU184
 603              	.LBE9:
 113:Core/Src/ir_acquisition.c ****         if (pp > ir_rear_pp_max_5s) ir_rear_pp_max_5s = pp;
 604              		.loc 1 113 9 is_stmt 1 view .LVU185
 113:Core/Src/ir_acquisition.c ****         if (pp > ir_rear_pp_max_5s) ir_rear_pp_max_5s = pp;
 605              		.loc 1 113 20 is_stmt 0 view .LVU186
 606 012c 3148     		ldr	r0, .L58+40
 607              	.LVL63:
 113:Core/Src/ir_acquisition.c ****         if (pp > ir_rear_pp_max_5s) ir_rear_pp_max_5s = pp;
 608              		.loc 1 113 20 view .LVU187
 609 012e 0380     		strh	r3, [r0]
 114:Core/Src/ir_acquisition.c ****     }
 610              		.loc 1 114 9 is_stmt 1 view .LVU188
 114:Core/Src/ir_acquisition.c ****     }
 611              		.loc 1 114 16 is_stmt 0 view .LVU189
 612 0130 3148     		ldr	r0, .L58+44
 613 0132 0088     		ldrh	r0, [r0]
 114:Core/Src/ir_acquisition.c ****     }
 614              		.loc 1 114 12 view .LVU190
 615 0134 9842     		cmp	r0, r3
 616 0136 D9D2     		bcs	.L29
 114:Core/Src/ir_acquisition.c ****     }
 617              		.loc 1 114 37 is_stmt 1 discriminator 1 view .LVU191
ARM GAS  C:\Users\24705\AppData\Local\Temp\ccUe9770.s 			page 15


 114:Core/Src/ir_acquisition.c ****     }
 618              		.loc 1 114 55 is_stmt 0 discriminator 1 view .LVU192
 619 0138 2F48     		ldr	r0, .L58+44
 620 013a 0380     		strh	r3, [r0]
 621 013c D6E7     		b	.L29
 622              	.LVL64:
 623              	.L52:
 624              	.LBB10:
 120:Core/Src/ir_acquisition.c ****             if (d->confirm >= required) {
 625              		.loc 1 120 22 discriminator 2 view .LVU193
 626 013e 0123     		movs	r3, #1
 627 0140 E9E7     		b	.L34
 628              	.LVL65:
 629              	.L32:
 120:Core/Src/ir_acquisition.c ****             if (d->confirm >= required) {
 630              		.loc 1 120 22 discriminator 2 view .LVU194
 631              	.LBE10:
 126:Core/Src/ir_acquisition.c ****             }
 127:Core/Src/ir_acquisition.c ****         } else { d->confirm = 0U; }
 632              		.loc 1 127 18 is_stmt 1 view .LVU195
 633              		.loc 1 127 29 is_stmt 0 view .LVU196
 634 0142 0023     		movs	r3, #0
 635              	.LVL66:
 636              		.loc 1 127 29 view .LVU197
 637 0144 7384     		strh	r3, [r6, #34]
 638 0146 2FE0     		b	.L35
 639              	.LVL67:
 640              	.L30:
 128:Core/Src/ir_acquisition.c ****     } else {
 129:Core/Src/ir_acquisition.c ****         if (d->age < 0xFFFFFFFFU) d->age++;
 641              		.loc 1 129 9 is_stmt 1 view .LVU198
 642              		.loc 1 129 14 is_stmt 0 view .LVU199
 643 0148 B06A     		ldr	r0, [r6, #40]
 644              		.loc 1 129 12 view .LVU200
 645 014a 471C     		adds	r7, r0, #1
 646 014c 01D0     		beq	.L36
 647              	.LVL68:
 648              		.loc 1 129 35 is_stmt 1 discriminator 1 view .LVU201
 649              		.loc 1 129 41 is_stmt 0 discriminator 1 view .LVU202
 650 014e 0130     		adds	r0, r0, #1
 651 0150 B062     		str	r0, [r6, #40]
 652              	.L36:
 130:Core/Src/ir_acquisition.c ****         if ((uint32_t)pp * 100U < (uint32_t)pp_limit * release &&
 653              		.loc 1 130 9 is_stmt 1 view .LVU203
 654              		.loc 1 130 26 is_stmt 0 view .LVU204
 655 0152 6420     		movs	r0, #100
 656 0154 4343     		muls	r3, r0
 657              	.LVL69:
 658              		.loc 1 130 54 view .LVU205
 659 0156 6A43     		muls	r2, r5
 660              	.LVL70:
 661              		.loc 1 130 12 view .LVU206
 662 0158 9342     		cmp	r3, r2
 663 015a 22D2     		bcs	.L37
 131:Core/Src/ir_acquisition.c ****             (uint32_t)deviation * 100U < (uint32_t)level_limit * release) {
 664              		.loc 1 131 33 view .LVU207
 665 015c 6423     		movs	r3, #100
ARM GAS  C:\Users\24705\AppData\Local\Temp\ccUe9770.s 			page 16


 666 015e 4B43     		muls	r3, r1
 667              		.loc 1 131 64 view .LVU208
 668 0160 6C43     		muls	r4, r5
 669              	.LVL71:
 130:Core/Src/ir_acquisition.c ****         if ((uint32_t)pp * 100U < (uint32_t)pp_limit * release &&
 670              		.loc 1 130 64 discriminator 1 view .LVU209
 671 0162 A342     		cmp	r3, r4
 672 0164 1DD2     		bcs	.L37
 673              	.LBB11:
 132:Core/Src/ir_acquisition.c ****             if (d->quiet < 0xFFFFFFFFU) d->quiet++;
 674              		.loc 1 132 13 is_stmt 1 view .LVU210
 675              		.loc 1 132 18 is_stmt 0 view .LVU211
 676 0166 736A     		ldr	r3, [r6, #36]
 677              		.loc 1 132 16 view .LVU212
 678 0168 5A1C     		adds	r2, r3, #1
 679 016a 01D0     		beq	.L38
 680              		.loc 1 132 41 is_stmt 1 discriminator 1 view .LVU213
 681              		.loc 1 132 49 is_stmt 0 discriminator 1 view .LVU214
 682 016c 0133     		adds	r3, r3, #1
 683 016e 7362     		str	r3, [r6, #36]
 684              	.L38:
 133:Core/Src/ir_acquisition.c ****             uint32_t quiet_ms = ir_quiet_ms > 10000U ? 10000U : ir_quiet_ms;
 685              		.loc 1 133 13 is_stmt 1 view .LVU215
 686              		.loc 1 133 45 is_stmt 0 view .LVU216
 687 0170 224B     		ldr	r3, .L58+48
 688 0172 1A68     		ldr	r2, [r3]
 689              		.loc 1 133 63 view .LVU217
 690 0174 224B     		ldr	r3, .L58+52
 691 0176 9A42     		cmp	r2, r3
 692 0178 0CD9     		bls	.L39
 693              	.LVL72:
 134:Core/Src/ir_acquisition.c ****             if (d->quiet >= (quiet_ms == 0U ? 1U : quiet_ms * 20U)) {
 694              		.loc 1 134 13 is_stmt 1 view .LVU218
 695              		.loc 1 134 18 is_stmt 0 view .LVU219
 696 017a 716A     		ldr	r1, [r6, #36]
 697              	.LVL73:
 133:Core/Src/ir_acquisition.c ****             uint32_t quiet_ms = ir_quiet_ms > 10000U ? 10000U : ir_quiet_ms;
 698              		.loc 1 133 63 discriminator 2 view .LVU220
 699 017c 1A00     		movs	r2, r3
 700              	.LVL74:
 701              	.L40:
 702              		.loc 1 134 50 discriminator 1 view .LVU221
 703 017e 9300     		lsls	r3, r2, #2
 704 0180 9B18     		adds	r3, r3, r2
 705 0182 9B00     		lsls	r3, r3, #2
 706              	.L41:
 707              		.loc 1 134 16 discriminator 4 view .LVU222
 708 0184 9942     		cmp	r1, r3
 709 0186 1AD3     		bcc	.L54
 135:Core/Src/ir_acquisition.c ****                 d->active = false;
 710              		.loc 1 135 17 is_stmt 1 view .LVU223
 711              		.loc 1 135 27 is_stmt 0 view .LVU224
 712 0188 0023     		movs	r3, #0
 713 018a 2C22     		movs	r2, #44
 714 018c B354     		strb	r3, [r6, r2]
 136:Core/Src/ir_acquisition.c ****                 d->confirm = 0U;
 715              		.loc 1 136 17 is_stmt 1 view .LVU225
ARM GAS  C:\Users\24705\AppData\Local\Temp\ccUe9770.s 			page 17


 716              		.loc 1 136 28 is_stmt 0 view .LVU226
 717 018e 7384     		strh	r3, [r6, #34]
 718              	.LBE11:
 116:Core/Src/ir_acquisition.c ****     if (!d->active) {
 719              		.loc 1 116 10 view .LVU227
 720 0190 0020     		movs	r0, #0
 721 0192 09E0     		b	.L35
 722              	.LVL75:
 723              	.L39:
 724              	.LBB12:
 133:Core/Src/ir_acquisition.c ****             if (d->quiet >= (quiet_ms == 0U ? 1U : quiet_ms * 20U)) {
 725              		.loc 1 133 63 discriminator 1 view .LVU228
 726 0194 194B     		ldr	r3, .L58+48
 727 0196 1A68     		ldr	r2, [r3]
 728              	.LVL76:
 134:Core/Src/ir_acquisition.c ****                 d->active = false;
 729              		.loc 1 134 13 is_stmt 1 view .LVU229
 134:Core/Src/ir_acquisition.c ****                 d->active = false;
 730              		.loc 1 134 18 is_stmt 0 view .LVU230
 731 0198 716A     		ldr	r1, [r6, #36]
 732              	.LVL77:
 134:Core/Src/ir_acquisition.c ****                 d->active = false;
 733              		.loc 1 134 50 view .LVU231
 734 019a 002A     		cmp	r2, #0
 735 019c EFD1     		bne	.L40
 134:Core/Src/ir_acquisition.c ****                 d->active = false;
 736              		.loc 1 134 50 discriminator 2 view .LVU232
 737 019e 0123     		movs	r3, #1
 738 01a0 F0E7     		b	.L41
 739              	.LVL78:
 740              	.L37:
 134:Core/Src/ir_acquisition.c ****                 d->active = false;
 741              		.loc 1 134 50 discriminator 2 view .LVU233
 742              	.LBE12:
 137:Core/Src/ir_acquisition.c ****             }
 138:Core/Src/ir_acquisition.c ****         } else { d->quiet = 0U; }
 743              		.loc 1 138 18 is_stmt 1 view .LVU234
 744              		.loc 1 138 27 is_stmt 0 view .LVU235
 745 01a2 0023     		movs	r3, #0
 746 01a4 7362     		str	r3, [r6, #36]
 116:Core/Src/ir_acquisition.c ****     if (!d->active) {
 747              		.loc 1 116 10 view .LVU236
 748 01a6 0020     		movs	r0, #0
 749              	.LVL79:
 750              	.L35:
 139:Core/Src/ir_acquisition.c ****     }
 140:Core/Src/ir_acquisition.c ****     if (front) ir_front_active = d->active;
 751              		.loc 1 140 5 is_stmt 1 view .LVU237
 752              		.loc 1 140 8 is_stmt 0 view .LVU238
 753 01a8 4346     		mov	r3, r8
 754 01aa 002B     		cmp	r3, #0
 755 01ac 09D0     		beq	.L42
 756              	.LVL80:
 757              		.loc 1 140 16 is_stmt 1 discriminator 1 view .LVU239
 758              		.loc 1 140 35 is_stmt 0 discriminator 1 view .LVU240
 759 01ae 2C23     		movs	r3, #44
 760              	.LVL81:
ARM GAS  C:\Users\24705\AppData\Local\Temp\ccUe9770.s 			page 18


 761              		.loc 1 140 35 discriminator 1 view .LVU241
 762 01b0 F25C     		ldrb	r2, [r6, r3]
 763              		.loc 1 140 32 discriminator 1 view .LVU242
 764 01b2 144B     		ldr	r3, .L58+56
 765 01b4 1A70     		strb	r2, [r3]
 766              	.L43:
 141:Core/Src/ir_acquisition.c ****     else ir_rear_active = d->active;
 142:Core/Src/ir_acquisition.c ****     return event;
 767              		.loc 1 142 5 is_stmt 1 view .LVU243
 143:Core/Src/ir_acquisition.c **** }
 768              		.loc 1 143 1 is_stmt 0 view .LVU244
 769              		@ sp needed
 770              	.LVL82:
 771              	.LVL83:
 772              	.LVL84:
 773              	.LVL85:
 774              		.loc 1 143 1 view .LVU245
 775 01b6 C0BC     		pop	{r6, r7}
 776 01b8 B946     		mov	r9, r7
 777 01ba B046     		mov	r8, r6
 778 01bc F0BD     		pop	{r4, r5, r6, r7, pc}
 779              	.LVL86:
 780              	.L54:
 116:Core/Src/ir_acquisition.c ****     if (!d->active) {
 781              		.loc 1 116 10 view .LVU246
 782 01be 0020     		movs	r0, #0
 783 01c0 F2E7     		b	.L35
 784              	.LVL87:
 785              	.L42:
 141:Core/Src/ir_acquisition.c ****     else ir_rear_active = d->active;
 786              		.loc 1 141 10 is_stmt 1 view .LVU247
 141:Core/Src/ir_acquisition.c ****     else ir_rear_active = d->active;
 787              		.loc 1 141 28 is_stmt 0 view .LVU248
 788 01c2 2C23     		movs	r3, #44
 789 01c4 F25C     		ldrb	r2, [r6, r3]
 141:Core/Src/ir_acquisition.c ****     else ir_rear_active = d->active;
 790              		.loc 1 141 25 view .LVU249
 791 01c6 104B     		ldr	r3, .L58+60
 792 01c8 1A70     		strb	r2, [r3]
 793 01ca F4E7     		b	.L43
 794              	.L59:
 795              		.align	2
 796              	.L58:
 797 01cc 00000000 		.word	ir_window_samples
 798 01d0 00000000 		.word	ir_front_pp_threshold
 799 01d4 00000000 		.word	ir_front_level_threshold
 800 01d8 00000000 		.word	ir_release_percent
 801 01dc 00000000 		.word	ir_rear_pp_threshold
 802 01e0 00000000 		.word	ir_rear_level_threshold
 803 01e4 00000000 		.word	ir_front_pp
 804 01e8 00000000 		.word	ir_front_pp_max_5s
 805 01ec FFFF0000 		.word	65535
 806 01f0 00000000 		.word	ir_confirm_samples
 807 01f4 00000000 		.word	ir_rear_pp
 808 01f8 00000000 		.word	ir_rear_pp_max_5s
 809 01fc 00000000 		.word	ir_quiet_ms
 810 0200 10270000 		.word	10000
ARM GAS  C:\Users\24705\AppData\Local\Temp\ccUe9770.s 			page 19


 811 0204 00000000 		.word	ir_front_active
 812 0208 00000000 		.word	ir_rear_active
 813              		.cfi_endproc
 814              	.LFE41:
 816              		.section	.text.IR_HistogramMedian,"ax",%progbits
 817              		.align	1
 818              		.syntax unified
 819              		.code	16
 820              		.thumb_func
 822              	IR_HistogramMedian:
 823              	.LVL88:
 824              	.LFB42:
 144:Core/Src/ir_acquisition.c **** static volatile uint32_t completed_sequence;
 145:Core/Src/ir_acquisition.c **** static volatile uint16_t completed_offset;
 146:Core/Src/ir_acquisition.c **** static uint32_t published_sequence;
 147:Core/Src/ir_acquisition.c **** static uint16_t applied_dac1;
 148:Core/Src/ir_acquisition.c **** static uint16_t applied_dac2;
 149:Core/Src/ir_acquisition.c **** static bool baseline_ready;
 150:Core/Src/ir_acquisition.c **** static uint32_t calibration_start_tick;
 151:Core/Src/ir_acquisition.c **** static uint32_t calibration_sample_count;
 152:Core/Src/ir_acquisition.c **** /* 8-bit bins retain enough precision for a +45-code trigger while keeping
 153:Core/Src/ir_acquisition.c ****    the startup calibration footprint small on the 16 KiB SRAM part. */
 154:Core/Src/ir_acquisition.c **** static uint16_t rear_histogram[256];
 155:Core/Src/ir_acquisition.c **** static uint16_t front_histogram[256];
 156:Core/Src/ir_acquisition.c **** static int32_t rear_baseline_q16;
 157:Core/Src/ir_acquisition.c **** static int32_t front_baseline_q16;
 158:Core/Src/ir_acquisition.c **** 
 159:Core/Src/ir_acquisition.c **** /* These debugger-visible values are owned by main.c.  The first completed
 160:Core/Src/ir_acquisition.c ****    DMA block establishes the static level; subsequent samples use +45. */
 161:Core/Src/ir_acquisition.c **** extern volatile uint16_t g_dbg_rear_baseline;
 162:Core/Src/ir_acquisition.c **** extern volatile uint16_t g_dbg_front_baseline;
 163:Core/Src/ir_acquisition.c **** extern volatile uint16_t g_dbg_rear_threshold;
 164:Core/Src/ir_acquisition.c **** extern volatile uint16_t g_dbg_front_threshold;
 165:Core/Src/ir_acquisition.c **** 
 166:Core/Src/ir_acquisition.c **** static uint16_t IR_HistogramMedian(const uint16_t *histogram, uint32_t total)
 167:Core/Src/ir_acquisition.c **** {
 825              		.loc 1 167 1 is_stmt 1 view -0
 826              		.cfi_startproc
 827              		@ args = 0, pretend = 0, frame = 0
 828              		@ frame_needed = 0, uses_anonymous_args = 0
 829              		.loc 1 167 1 is_stmt 0 view .LVU251
 830 0000 10B5     		push	{r4, lr}
 831              	.LCFI3:
 832              		.cfi_def_cfa_offset 8
 833              		.cfi_offset 4, -8
 834              		.cfi_offset 14, -4
 835 0002 0400     		movs	r4, r0
 168:Core/Src/ir_acquisition.c ****     uint32_t accumulated = 0U;
 836              		.loc 1 168 5 is_stmt 1 view .LVU252
 837              	.LVL89:
 169:Core/Src/ir_acquisition.c ****     uint16_t value;
 838              		.loc 1 169 5 view .LVU253
 170:Core/Src/ir_acquisition.c ****     for (value = 0U; value < 256U; ++value) {
 839              		.loc 1 170 5 view .LVU254
 840              		.loc 1 170 16 is_stmt 0 view .LVU255
 841 0004 0020     		movs	r0, #0
 842              	.LVL90:
ARM GAS  C:\Users\24705\AppData\Local\Temp\ccUe9770.s 			page 20


 168:Core/Src/ir_acquisition.c ****     uint32_t accumulated = 0U;
 843              		.loc 1 168 14 view .LVU256
 844 0006 0022     		movs	r2, #0
 845              	.LVL91:
 846              	.L61:
 847              		.loc 1 170 28 is_stmt 1 discriminator 1 view .LVU257
 848 0008 FF28     		cmp	r0, #255
 849 000a 09D8     		bhi	.L64
 171:Core/Src/ir_acquisition.c ****         accumulated += histogram[value];
 850              		.loc 1 171 9 view .LVU258
 851              		.loc 1 171 33 is_stmt 0 view .LVU259
 852 000c 4300     		lsls	r3, r0, #1
 853 000e 1B5B     		ldrh	r3, [r3, r4]
 854              		.loc 1 171 21 view .LVU260
 855 0010 D218     		adds	r2, r2, r3
 856              	.LVL92:
 172:Core/Src/ir_acquisition.c ****         if (accumulated >= (total + 1U) / 2U) {
 857              		.loc 1 172 9 is_stmt 1 view .LVU261
 858              		.loc 1 172 35 is_stmt 0 view .LVU262
 859 0012 4B1C     		adds	r3, r1, #1
 860              		.loc 1 172 41 view .LVU263
 861 0014 5B08     		lsrs	r3, r3, #1
 862              		.loc 1 172 12 view .LVU264
 863 0016 9342     		cmp	r3, r2
 864 0018 03D9     		bls	.L62
 170:Core/Src/ir_acquisition.c ****     for (value = 0U; value < 256U; ++value) {
 865              		.loc 1 170 36 is_stmt 1 discriminator 2 view .LVU265
 866 001a 0130     		adds	r0, r0, #1
 867              	.LVL93:
 170:Core/Src/ir_acquisition.c ****     for (value = 0U; value < 256U; ++value) {
 868              		.loc 1 170 36 is_stmt 0 discriminator 2 view .LVU266
 869 001c 80B2     		uxth	r0, r0
 870              	.LVL94:
 170:Core/Src/ir_acquisition.c ****     for (value = 0U; value < 256U; ++value) {
 871              		.loc 1 170 36 discriminator 2 view .LVU267
 872 001e F3E7     		b	.L61
 873              	.LVL95:
 874              	.L64:
 173:Core/Src/ir_acquisition.c ****             return value;
 174:Core/Src/ir_acquisition.c ****         }
 175:Core/Src/ir_acquisition.c ****     }
 176:Core/Src/ir_acquisition.c ****     return 0U;
 875              		.loc 1 176 12 view .LVU268
 876 0020 0020     		movs	r0, #0
 877              	.LVL96:
 878              	.L62:
 177:Core/Src/ir_acquisition.c **** }
 879              		.loc 1 177 1 view .LVU269
 880              		@ sp needed
 881              	.LVL97:
 882              		.loc 1 177 1 view .LVU270
 883 0022 10BD     		pop	{r4, pc}
 884              		.cfi_endproc
 885              	.LFE42:
 887              		.section	.text.IR_FinishStartupCalibration,"ax",%progbits
 888              		.align	1
 889              		.syntax unified
ARM GAS  C:\Users\24705\AppData\Local\Temp\ccUe9770.s 			page 21


 890              		.code	16
 891              		.thumb_func
 893              	IR_FinishStartupCalibration:
 894              	.LFB43:
 178:Core/Src/ir_acquisition.c **** 
 179:Core/Src/ir_acquisition.c **** static void IR_FinishStartupCalibration(void)
 180:Core/Src/ir_acquisition.c **** {
 895              		.loc 1 180 1 is_stmt 1 view -0
 896              		.cfi_startproc
 897              		@ args = 0, pretend = 0, frame = 0
 898              		@ frame_needed = 0, uses_anonymous_args = 0
 899 0000 70B5     		push	{r4, r5, r6, lr}
 900              	.LCFI4:
 901              		.cfi_def_cfa_offset 16
 902              		.cfi_offset 4, -16
 903              		.cfi_offset 5, -12
 904              		.cfi_offset 6, -8
 905              		.cfi_offset 14, -4
 181:Core/Src/ir_acquisition.c ****     uint16_t rear = (uint16_t)(IR_HistogramMedian(rear_histogram, calibration_sample_count) * 16U +
 906              		.loc 1 181 5 view .LVU272
 907              		.loc 1 181 32 is_stmt 0 view .LVU273
 908 0002 1D4B     		ldr	r3, .L70
 909 0004 1E68     		ldr	r6, [r3]
 910 0006 1D48     		ldr	r0, .L70+4
 911 0008 3100     		movs	r1, r6
 912 000a FFF7FEFF 		bl	IR_HistogramMedian
 913              	.LVL98:
 914              		.loc 1 181 93 discriminator 1 view .LVU274
 915 000e 0401     		lsls	r4, r0, #4
 916 0010 A4B2     		uxth	r4, r4
 917              		.loc 1 181 14 discriminator 1 view .LVU275
 918 0012 2500     		movs	r5, r4
 919 0014 0835     		adds	r5, r5, #8
 920 0016 ADB2     		uxth	r5, r5
 921              	.LVL99:
 182:Core/Src/ir_acquisition.c ****     uint16_t front = (uint16_t)(IR_HistogramMedian(front_histogram, calibration_sample_count) * 16U
 922              		.loc 1 182 5 is_stmt 1 view .LVU276
 923              		.loc 1 182 33 is_stmt 0 view .LVU277
 924 0018 1948     		ldr	r0, .L70+8
 925 001a 3100     		movs	r1, r6
 926 001c FFF7FEFF 		bl	IR_HistogramMedian
 927              	.LVL100:
 928              		.loc 1 182 95 discriminator 1 view .LVU278
 929 0020 0001     		lsls	r0, r0, #4
 930 0022 80B2     		uxth	r0, r0
 931              		.loc 1 182 14 discriminator 1 view .LVU279
 932 0024 0200     		movs	r2, r0
 933 0026 0832     		adds	r2, r2, #8
 934 0028 93B2     		uxth	r3, r2
 935              	.LVL101:
 183:Core/Src/ir_acquisition.c ****     rear_baseline_q16 = (int32_t)rear << 16;
 936              		.loc 1 183 5 is_stmt 1 view .LVU280
 937              		.loc 1 183 39 is_stmt 0 view .LVU281
 938 002a 2E04     		lsls	r6, r5, #16
 939              		.loc 1 183 23 view .LVU282
 940 002c 1549     		ldr	r1, .L70+12
 941 002e 0E60     		str	r6, [r1]
ARM GAS  C:\Users\24705\AppData\Local\Temp\ccUe9770.s 			page 22


 184:Core/Src/ir_acquisition.c ****     front_baseline_q16 = (int32_t)front << 16;
 942              		.loc 1 184 5 is_stmt 1 view .LVU283
 943              		.loc 1 184 41 is_stmt 0 view .LVU284
 944 0030 1204     		lsls	r2, r2, #16
 945              		.loc 1 184 24 view .LVU285
 946 0032 1549     		ldr	r1, .L70+16
 947 0034 0A60     		str	r2, [r1]
 185:Core/Src/ir_acquisition.c ****     /* Legacy debug names are reversed on this board: rear variable is front
 186:Core/Src/ir_acquisition.c ****        sensor (ET1), front variable is rear sensor (ET2). */
 187:Core/Src/ir_acquisition.c ****     g_dbg_rear_baseline = front;
 948              		.loc 1 187 5 is_stmt 1 view .LVU286
 949              		.loc 1 187 25 is_stmt 0 view .LVU287
 950 0036 154A     		ldr	r2, .L70+20
 951 0038 1380     		strh	r3, [r2]
 188:Core/Src/ir_acquisition.c ****     g_dbg_front_baseline = rear;
 952              		.loc 1 188 5 is_stmt 1 view .LVU288
 953              		.loc 1 188 26 is_stmt 0 view .LVU289
 954 003a 154A     		ldr	r2, .L70+24
 955 003c 1580     		strh	r5, [r2]
 189:Core/Src/ir_acquisition.c ****     g_dbg_rear_threshold = (uint16_t)(front + IR_TRIGGER_DELTA > 4095U ?
 956              		.loc 1 189 5 is_stmt 1 view .LVU290
 957              		.loc 1 189 45 is_stmt 0 view .LVU291
 958 003e 2D33     		adds	r3, r3, #45
 959              	.LVL102:
 960              		.loc 1 189 28 view .LVU292
 961 0040 8022     		movs	r2, #128
 962 0042 5201     		lsls	r2, r2, #5
 963 0044 9342     		cmp	r3, r2
 964 0046 12D2     		bcs	.L68
 965              		.loc 1 189 28 discriminator 1 view .LVU293
 966 0048 3530     		adds	r0, r0, #53
 967 004a 80B2     		uxth	r0, r0
 968              	.L66:
 969              		.loc 1 189 26 discriminator 4 view .LVU294
 970 004c 114B     		ldr	r3, .L70+28
 971              	.LVL103:
 972              		.loc 1 189 26 discriminator 4 view .LVU295
 973 004e 1880     		strh	r0, [r3]
 190:Core/Src/ir_acquisition.c ****                                       4095U : front + IR_TRIGGER_DELTA);
 191:Core/Src/ir_acquisition.c ****     g_dbg_front_threshold = (uint16_t)(rear + IR_TRIGGER_DELTA > 4095U ?
 974              		.loc 1 191 5 is_stmt 1 view .LVU296
 975              		.loc 1 191 45 is_stmt 0 view .LVU297
 976 0050 2D35     		adds	r5, r5, #45
 977              	.LVL104:
 978              		.loc 1 191 29 view .LVU298
 979 0052 8023     		movs	r3, #128
 980 0054 5B01     		lsls	r3, r3, #5
 981 0056 9D42     		cmp	r5, r3
 982 0058 0BD2     		bcs	.L69
 983              		.loc 1 191 29 discriminator 1 view .LVU299
 984 005a 3534     		adds	r4, r4, #53
 985 005c A4B2     		uxth	r4, r4
 986              	.L67:
 987              		.loc 1 191 27 discriminator 4 view .LVU300
 988 005e 0E4B     		ldr	r3, .L70+32
 989 0060 1C80     		strh	r4, [r3]
 192:Core/Src/ir_acquisition.c ****                                        4095U : rear + IR_TRIGGER_DELTA);
ARM GAS  C:\Users\24705\AppData\Local\Temp\ccUe9770.s 			page 23


 193:Core/Src/ir_acquisition.c ****     baseline_ready = true;
 990              		.loc 1 193 5 is_stmt 1 view .LVU301
 991              		.loc 1 193 20 is_stmt 0 view .LVU302
 992 0062 0E4B     		ldr	r3, .L70+36
 993 0064 0122     		movs	r2, #1
 994 0066 1A70     		strb	r2, [r3]
 194:Core/Src/ir_acquisition.c ****     g_sensor_detection_ready = true;
 995              		.loc 1 194 5 is_stmt 1 view .LVU303
 996              		.loc 1 194 30 is_stmt 0 view .LVU304
 997 0068 0D4B     		ldr	r3, .L70+40
 998 006a 1A70     		strb	r2, [r3]
 195:Core/Src/ir_acquisition.c **** }
 999              		.loc 1 195 1 view .LVU305
 1000              		@ sp needed
 1001              	.LVL105:
 1002              		.loc 1 195 1 view .LVU306
 1003 006c 70BD     		pop	{r4, r5, r6, pc}
 1004              	.LVL106:
 1005              	.L68:
 189:Core/Src/ir_acquisition.c ****                                       4095U : front + IR_TRIGGER_DELTA);
 1006              		.loc 1 189 28 discriminator 2 view .LVU307
 1007 006e 0D48     		ldr	r0, .L70+44
 1008 0070 ECE7     		b	.L66
 1009              	.LVL107:
 1010              	.L69:
 191:Core/Src/ir_acquisition.c ****                                        4095U : rear + IR_TRIGGER_DELTA);
 1011              		.loc 1 191 29 discriminator 2 view .LVU308
 1012 0072 0C4C     		ldr	r4, .L70+44
 1013 0074 F3E7     		b	.L67
 1014              	.L71:
 1015 0076 C046     		.align	2
 1016              	.L70:
 1017 0078 00000000 		.word	calibration_sample_count
 1018 007c 00000000 		.word	rear_histogram
 1019 0080 00000000 		.word	front_histogram
 1020 0084 00000000 		.word	rear_baseline_q16
 1021 0088 00000000 		.word	front_baseline_q16
 1022 008c 00000000 		.word	g_dbg_rear_baseline
 1023 0090 00000000 		.word	g_dbg_front_baseline
 1024 0094 00000000 		.word	g_dbg_rear_threshold
 1025 0098 00000000 		.word	g_dbg_front_threshold
 1026 009c 00000000 		.word	baseline_ready
 1027 00a0 00000000 		.word	g_sensor_detection_ready
 1028 00a4 FF0F0000 		.word	4095
 1029              		.cfi_endproc
 1030              	.LFE43:
 1032              		.section	.text.IR_ScanCompletedBlock,"ax",%progbits
 1033              		.align	1
 1034              		.syntax unified
 1035              		.code	16
 1036              		.thumb_func
 1038              	IR_ScanCompletedBlock:
 1039              	.LVL108:
 1040              	.LFB44:
 196:Core/Src/ir_acquisition.c **** 
 197:Core/Src/ir_acquisition.c **** static void IR_ScanCompletedBlock(uint16_t offset)
 198:Core/Src/ir_acquisition.c **** {
ARM GAS  C:\Users\24705\AppData\Local\Temp\ccUe9770.s 			page 24


 1041              		.loc 1 198 1 is_stmt 1 view -0
 1042              		.cfi_startproc
 1043              		@ args = 0, pretend = 0, frame = 0
 1044              		@ frame_needed = 0, uses_anonymous_args = 0
 1045              		.loc 1 198 1 is_stmt 0 view .LVU310
 1046 0000 F0B5     		push	{r4, r5, r6, r7, lr}
 1047              	.LCFI5:
 1048              		.cfi_def_cfa_offset 20
 1049              		.cfi_offset 4, -20
 1050              		.cfi_offset 5, -16
 1051              		.cfi_offset 6, -12
 1052              		.cfi_offset 7, -8
 1053              		.cfi_offset 14, -4
 1054 0002 D646     		mov	lr, r10
 1055 0004 4F46     		mov	r7, r9
 1056 0006 4646     		mov	r6, r8
 1057 0008 C0B5     		push	{r6, r7, lr}
 1058              	.LCFI6:
 1059              		.cfi_def_cfa_offset 32
 1060              		.cfi_offset 8, -32
 1061              		.cfi_offset 9, -28
 1062              		.cfi_offset 10, -24
 1063 000a 0700     		movs	r7, r0
 199:Core/Src/ir_acquisition.c ****     const uint16_t pairs = IR_ADC_DMA_LENGTH / 4U;
 1064              		.loc 1 199 5 is_stmt 1 view .LVU311
 1065              	.LVL109:
 200:Core/Src/ir_acquisition.c ****     uint16_t i;
 1066              		.loc 1 200 5 view .LVU312
 201:Core/Src/ir_acquisition.c ****     uint32_t window_tick = HAL_GetTick();
 1067              		.loc 1 201 5 view .LVU313
 1068              		.loc 1 201 28 is_stmt 0 view .LVU314
 1069 000c FFF7FEFF 		bl	HAL_GetTick
 1070              	.LVL110:
 202:Core/Src/ir_acquisition.c ****     if ((uint32_t)(window_tick - adc_max_window_tick) >= 5000U) {
 1071              		.loc 1 202 5 is_stmt 1 view .LVU315
 1072              		.loc 1 202 32 is_stmt 0 view .LVU316
 1073 0010 C34B     		ldr	r3, .L121
 1074 0012 1B68     		ldr	r3, [r3]
 1075 0014 C31A     		subs	r3, r0, r3
 1076              		.loc 1 202 8 view .LVU317
 1077 0016 C34A     		ldr	r2, .L121+4
 1078 0018 9342     		cmp	r3, r2
 1079 001a 0AD9     		bls	.L73
 203:Core/Src/ir_acquisition.c ****         ir_front_adc_max_5s = 0U;
 1080              		.loc 1 203 9 is_stmt 1 view .LVU318
 1081              		.loc 1 203 29 is_stmt 0 view .LVU319
 1082 001c C24A     		ldr	r2, .L121+8
 1083 001e 0023     		movs	r3, #0
 1084 0020 1380     		strh	r3, [r2]
 204:Core/Src/ir_acquisition.c ****         ir_rear_adc_max_5s = 0U;
 1085              		.loc 1 204 9 is_stmt 1 view .LVU320
 1086              		.loc 1 204 28 is_stmt 0 view .LVU321
 1087 0022 C24A     		ldr	r2, .L121+12
 1088 0024 1380     		strh	r3, [r2]
 205:Core/Src/ir_acquisition.c ****         ir_front_pp_max_5s = 0U;
 1089              		.loc 1 205 9 is_stmt 1 view .LVU322
 1090              		.loc 1 205 28 is_stmt 0 view .LVU323
ARM GAS  C:\Users\24705\AppData\Local\Temp\ccUe9770.s 			page 25


 1091 0026 C24A     		ldr	r2, .L121+16
 1092 0028 1380     		strh	r3, [r2]
 206:Core/Src/ir_acquisition.c ****         ir_rear_pp_max_5s = 0U;
 1093              		.loc 1 206 9 is_stmt 1 view .LVU324
 1094              		.loc 1 206 27 is_stmt 0 view .LVU325
 1095 002a C24A     		ldr	r2, .L121+20
 1096 002c 1380     		strh	r3, [r2]
 207:Core/Src/ir_acquisition.c ****         adc_max_window_tick = window_tick;
 1097              		.loc 1 207 9 is_stmt 1 view .LVU326
 1098              		.loc 1 207 29 is_stmt 0 view .LVU327
 1099 002e BC4B     		ldr	r3, .L121
 1100 0030 1860     		str	r0, [r3]
 1101              	.L73:
 198:Core/Src/ir_acquisition.c ****     const uint16_t pairs = IR_ADC_DMA_LENGTH / 4U;
 1102              		.loc 1 198 1 view .LVU328
 1103 0032 0022     		movs	r2, #0
 1104 0034 01E0     		b	.L76
 1105              	.LVL111:
 1106              	.L75:
 208:Core/Src/ir_acquisition.c ****     }
 209:Core/Src/ir_acquisition.c ****     for (i = 0U; i < pairs; ++i) {
 1107              		.loc 1 209 29 is_stmt 1 discriminator 2 view .LVU329
 1108 0036 0132     		adds	r2, r2, #1
 1109              	.LVL112:
 1110              		.loc 1 209 29 is_stmt 0 discriminator 2 view .LVU330
 1111 0038 92B2     		uxth	r2, r2
 1112              	.LVL113:
 1113              	.L76:
 1114              		.loc 1 209 20 is_stmt 1 discriminator 1 view .LVU331
 1115 003a 072A     		cmp	r2, #7
 1116 003c 16D8     		bhi	.L114
 1117              	.LBB13:
 210:Core/Src/ir_acquisition.c ****         uint16_t front = adc_dma_buf[offset + 2U * i];
 1118              		.loc 1 210 9 view .LVU332
 1119              		.loc 1 210 50 is_stmt 0 view .LVU333
 1120 003e 5300     		lsls	r3, r2, #1
 1121              		.loc 1 210 45 view .LVU334
 1122 0040 FB18     		adds	r3, r7, r3
 1123              		.loc 1 210 18 view .LVU335
 1124 0042 BD49     		ldr	r1, .L121+24
 1125 0044 5800     		lsls	r0, r3, #1
 1126 0046 405A     		ldrh	r0, [r0, r1]
 1127 0048 84B2     		uxth	r4, r0
 1128              	.LVL114:
 211:Core/Src/ir_acquisition.c ****         uint16_t rear = adc_dma_buf[offset + 2U * i + 1U];
 1129              		.loc 1 211 9 is_stmt 1 view .LVU336
 1130              		.loc 1 211 53 is_stmt 0 view .LVU337
 1131 004a 0133     		adds	r3, r3, #1
 1132              		.loc 1 211 18 view .LVU338
 1133 004c 5B00     		lsls	r3, r3, #1
 1134 004e 5B5A     		ldrh	r3, [r3, r1]
 1135 0050 9BB2     		uxth	r3, r3
 1136              	.LVL115:
 212:Core/Src/ir_acquisition.c ****         if (front > ir_front_adc_max_5s) ir_front_adc_max_5s = front;
 1137              		.loc 1 212 9 is_stmt 1 view .LVU339
 1138              		.loc 1 212 19 is_stmt 0 view .LVU340
 1139 0052 B549     		ldr	r1, .L121+8
ARM GAS  C:\Users\24705\AppData\Local\Temp\ccUe9770.s 			page 26


 1140 0054 0988     		ldrh	r1, [r1]
 1141              		.loc 1 212 12 view .LVU341
 1142 0056 8142     		cmp	r1, r0
 1143 0058 01D2     		bcs	.L74
 1144              		.loc 1 212 42 is_stmt 1 discriminator 1 view .LVU342
 1145              		.loc 1 212 62 is_stmt 0 discriminator 1 view .LVU343
 1146 005a B349     		ldr	r1, .L121+8
 1147 005c 0C80     		strh	r4, [r1]
 1148              	.L74:
 213:Core/Src/ir_acquisition.c ****         if (rear > ir_rear_adc_max_5s) ir_rear_adc_max_5s = rear;
 1149              		.loc 1 213 9 is_stmt 1 view .LVU344
 1150              		.loc 1 213 18 is_stmt 0 view .LVU345
 1151 005e B349     		ldr	r1, .L121+12
 1152 0060 0988     		ldrh	r1, [r1]
 1153              		.loc 1 213 12 view .LVU346
 1154 0062 9942     		cmp	r1, r3
 1155 0064 E7D2     		bcs	.L75
 1156              		.loc 1 213 40 is_stmt 1 discriminator 1 view .LVU347
 1157              		.loc 1 213 59 is_stmt 0 discriminator 1 view .LVU348
 1158 0066 B149     		ldr	r1, .L121+12
 1159 0068 0B80     		strh	r3, [r1]
 1160 006a E4E7     		b	.L75
 1161              	.LVL116:
 1162              	.L114:
 1163              		.loc 1 213 59 discriminator 1 view .LVU349
 1164              	.LBE13:
 214:Core/Src/ir_acquisition.c ****     }
 215:Core/Src/ir_acquisition.c **** 
 216:Core/Src/ir_acquisition.c ****     /* Reset is acknowledged by the sole writer (DMA ISR), so a debugger
 217:Core/Src/ir_acquisition.c ****        reset cannot race individual min/max writes. Reference stays fixed. */
 218:Core/Src/ir_acquisition.c ****     if (ir_extrema_reset_request) {
 1165              		.loc 1 218 5 is_stmt 1 view .LVU350
 1166              		.loc 1 218 9 is_stmt 0 view .LVU351
 1167 006c B34B     		ldr	r3, .L121+28
 1168 006e 1B78     		ldrb	r3, [r3]
 1169              		.loc 1 218 8 view .LVU352
 1170 0070 002B     		cmp	r3, #0
 1171 0072 1ED0     		beq	.L78
 219:Core/Src/ir_acquisition.c ****         ir_front_raw_min = 4095U;
 1172              		.loc 1 219 9 is_stmt 1 view .LVU353
 1173              		.loc 1 219 26 is_stmt 0 view .LVU354
 1174 0074 B24B     		ldr	r3, .L121+32
 1175 0076 B349     		ldr	r1, .L121+36
 1176 0078 1980     		strh	r1, [r3]
 220:Core/Src/ir_acquisition.c ****         ir_front_raw_max = 0U;
 1177              		.loc 1 220 9 is_stmt 1 view .LVU355
 1178              		.loc 1 220 26 is_stmt 0 view .LVU356
 1179 007a B34B     		ldr	r3, .L121+40
 1180 007c 0022     		movs	r2, #0
 1181              	.LVL117:
 1182              		.loc 1 220 26 view .LVU357
 1183 007e 1A80     		strh	r2, [r3]
 221:Core/Src/ir_acquisition.c ****         ir_rear_raw_min = 4095U;
 1184              		.loc 1 221 9 is_stmt 1 view .LVU358
 1185              		.loc 1 221 25 is_stmt 0 view .LVU359
 1186 0080 B24B     		ldr	r3, .L121+44
 1187 0082 1980     		strh	r1, [r3]
ARM GAS  C:\Users\24705\AppData\Local\Temp\ccUe9770.s 			page 27


 222:Core/Src/ir_acquisition.c ****         ir_rear_raw_max = 0U;
 1188              		.loc 1 222 9 is_stmt 1 view .LVU360
 1189              		.loc 1 222 25 is_stmt 0 view .LVU361
 1190 0084 B24B     		ldr	r3, .L121+48
 1191 0086 1A80     		strh	r2, [r3]
 223:Core/Src/ir_acquisition.c ****         ir_front_raw_reference = adc_dma_buf[offset];
 1192              		.loc 1 223 9 is_stmt 1 view .LVU362
 1193              		.loc 1 223 45 is_stmt 0 view .LVU363
 1194 0088 AB4B     		ldr	r3, .L121+24
 1195 008a 7900     		lsls	r1, r7, #1
 1196 008c C95A     		ldrh	r1, [r1, r3]
 1197 008e 89B2     		uxth	r1, r1
 1198              		.loc 1 223 32 view .LVU364
 1199 0090 B048     		ldr	r0, .L121+52
 1200 0092 0180     		strh	r1, [r0]
 224:Core/Src/ir_acquisition.c ****         ir_rear_raw_reference = adc_dma_buf[offset + 1U];
 1201              		.loc 1 224 9 is_stmt 1 view .LVU365
 1202              		.loc 1 224 52 is_stmt 0 view .LVU366
 1203 0094 791C     		adds	r1, r7, #1
 1204              		.loc 1 224 44 view .LVU367
 1205 0096 4900     		lsls	r1, r1, #1
 1206 0098 CB5A     		ldrh	r3, [r1, r3]
 1207 009a 9BB2     		uxth	r3, r3
 1208              		.loc 1 224 31 view .LVU368
 1209 009c AE49     		ldr	r1, .L121+56
 1210 009e 0B80     		strh	r3, [r1]
 225:Core/Src/ir_acquisition.c ****         ir_extrema_sample_count = 0U;
 1211              		.loc 1 225 9 is_stmt 1 view .LVU369
 1212              		.loc 1 225 33 is_stmt 0 view .LVU370
 1213 00a0 AE4B     		ldr	r3, .L121+60
 1214 00a2 1A60     		str	r2, [r3]
 226:Core/Src/ir_acquisition.c ****         ir_extrema_reset_count++;
 1215              		.loc 1 226 9 is_stmt 1 view .LVU371
 1216              		.loc 1 226 31 is_stmt 0 view .LVU372
 1217 00a4 AE4A     		ldr	r2, .L121+64
 1218 00a6 1368     		ldr	r3, [r2]
 1219 00a8 0133     		adds	r3, r3, #1
 1220 00aa 1360     		str	r3, [r2]
 227:Core/Src/ir_acquisition.c ****         ir_extrema_reset_request = false;
 1221              		.loc 1 227 9 is_stmt 1 view .LVU373
 1222              		.loc 1 227 34 is_stmt 0 view .LVU374
 1223 00ac A34B     		ldr	r3, .L121+28
 1224 00ae 0022     		movs	r2, #0
 1225 00b0 1A70     		strb	r2, [r3]
 1226              	.L78:
 228:Core/Src/ir_acquisition.c ****     }
 229:Core/Src/ir_acquisition.c ****     if (!ir_extrema_hold) {
 1227              		.loc 1 229 5 is_stmt 1 view .LVU375
 1228              		.loc 1 229 9 is_stmt 0 view .LVU376
 1229 00b2 AC4B     		ldr	r3, .L121+68
 1230 00b4 1B78     		ldrb	r3, [r3]
 1231              		.loc 1 229 8 view .LVU377
 1232 00b6 002B     		cmp	r3, #0
 1233 00b8 2CD1     		bne	.L79
 230:Core/Src/ir_acquisition.c ****         for (i = 0U; i < pairs; ++i) {
 1234              		.loc 1 230 16 view .LVU378
 1235 00ba 0022     		movs	r2, #0
ARM GAS  C:\Users\24705\AppData\Local\Temp\ccUe9770.s 			page 28


 1236 00bc 01E0     		b	.L80
 1237              	.LVL118:
 1238              	.L84:
 1239              		.loc 1 230 33 is_stmt 1 discriminator 2 view .LVU379
 1240 00be 0132     		adds	r2, r2, #1
 1241              	.LVL119:
 1242              		.loc 1 230 33 is_stmt 0 discriminator 2 view .LVU380
 1243 00c0 92B2     		uxth	r2, r2
 1244              	.LVL120:
 1245              	.L80:
 1246              		.loc 1 230 24 is_stmt 1 discriminator 1 view .LVU381
 1247 00c2 072A     		cmp	r2, #7
 1248 00c4 22D8     		bhi	.L115
 1249              	.LBB14:
 231:Core/Src/ir_acquisition.c ****             uint16_t front = adc_dma_buf[offset + 2U * i];
 1250              		.loc 1 231 13 view .LVU382
 1251              		.loc 1 231 54 is_stmt 0 view .LVU383
 1252 00c6 5300     		lsls	r3, r2, #1
 1253              		.loc 1 231 49 view .LVU384
 1254 00c8 FB18     		adds	r3, r7, r3
 1255              		.loc 1 231 22 view .LVU385
 1256 00ca 9B49     		ldr	r1, .L121+24
 1257 00cc 5800     		lsls	r0, r3, #1
 1258 00ce 405A     		ldrh	r0, [r0, r1]
 1259 00d0 84B2     		uxth	r4, r0
 1260              	.LVL121:
 232:Core/Src/ir_acquisition.c ****             uint16_t rear = adc_dma_buf[offset + 2U * i + 1U];
 1261              		.loc 1 232 13 is_stmt 1 view .LVU386
 1262              		.loc 1 232 57 is_stmt 0 view .LVU387
 1263 00d2 0133     		adds	r3, r3, #1
 1264              		.loc 1 232 22 view .LVU388
 1265 00d4 5B00     		lsls	r3, r3, #1
 1266 00d6 5B5A     		ldrh	r3, [r3, r1]
 1267 00d8 9BB2     		uxth	r3, r3
 1268              	.LVL122:
 233:Core/Src/ir_acquisition.c ****             if (front < ir_front_raw_min) ir_front_raw_min = front;
 1269              		.loc 1 233 13 is_stmt 1 view .LVU389
 1270              		.loc 1 233 23 is_stmt 0 view .LVU390
 1271 00da 9949     		ldr	r1, .L121+32
 1272 00dc 0988     		ldrh	r1, [r1]
 1273              		.loc 1 233 16 view .LVU391
 1274 00de 8142     		cmp	r1, r0
 1275 00e0 01D9     		bls	.L81
 1276              		.loc 1 233 43 is_stmt 1 discriminator 1 view .LVU392
 1277              		.loc 1 233 60 is_stmt 0 discriminator 1 view .LVU393
 1278 00e2 9749     		ldr	r1, .L121+32
 1279 00e4 0C80     		strh	r4, [r1]
 1280              	.L81:
 234:Core/Src/ir_acquisition.c ****             if (front > ir_front_raw_max) ir_front_raw_max = front;
 1281              		.loc 1 234 13 is_stmt 1 view .LVU394
 1282              		.loc 1 234 23 is_stmt 0 view .LVU395
 1283 00e6 9849     		ldr	r1, .L121+40
 1284 00e8 0988     		ldrh	r1, [r1]
 1285              		.loc 1 234 16 view .LVU396
 1286 00ea A142     		cmp	r1, r4
 1287 00ec 01D2     		bcs	.L82
 1288              		.loc 1 234 43 is_stmt 1 discriminator 1 view .LVU397
ARM GAS  C:\Users\24705\AppData\Local\Temp\ccUe9770.s 			page 29


 1289              		.loc 1 234 60 is_stmt 0 discriminator 1 view .LVU398
 1290 00ee 9649     		ldr	r1, .L121+40
 1291 00f0 0C80     		strh	r4, [r1]
 1292              	.L82:
 235:Core/Src/ir_acquisition.c ****             if (rear < ir_rear_raw_min) ir_rear_raw_min = rear;
 1293              		.loc 1 235 13 is_stmt 1 view .LVU399
 1294              		.loc 1 235 22 is_stmt 0 view .LVU400
 1295 00f2 9649     		ldr	r1, .L121+44
 1296 00f4 0988     		ldrh	r1, [r1]
 1297              		.loc 1 235 16 view .LVU401
 1298 00f6 9942     		cmp	r1, r3
 1299 00f8 01D9     		bls	.L83
 1300              		.loc 1 235 41 is_stmt 1 discriminator 1 view .LVU402
 1301              		.loc 1 235 57 is_stmt 0 discriminator 1 view .LVU403
 1302 00fa 9449     		ldr	r1, .L121+44
 1303 00fc 0B80     		strh	r3, [r1]
 1304              	.L83:
 236:Core/Src/ir_acquisition.c ****             if (rear > ir_rear_raw_max) ir_rear_raw_max = rear;
 1305              		.loc 1 236 13 is_stmt 1 view .LVU404
 1306              		.loc 1 236 22 is_stmt 0 view .LVU405
 1307 00fe 9449     		ldr	r1, .L121+48
 1308 0100 0988     		ldrh	r1, [r1]
 1309              		.loc 1 236 16 view .LVU406
 1310 0102 9942     		cmp	r1, r3
 1311 0104 DBD2     		bcs	.L84
 1312              		.loc 1 236 41 is_stmt 1 discriminator 1 view .LVU407
 1313              		.loc 1 236 57 is_stmt 0 discriminator 1 view .LVU408
 1314 0106 9249     		ldr	r1, .L121+48
 1315 0108 0B80     		strh	r3, [r1]
 1316 010a D8E7     		b	.L84
 1317              	.LVL123:
 1318              	.L115:
 1319              		.loc 1 236 57 discriminator 1 view .LVU409
 1320              	.LBE14:
 237:Core/Src/ir_acquisition.c ****         }
 238:Core/Src/ir_acquisition.c ****         ir_extrema_sample_count += pairs;
 1321              		.loc 1 238 9 is_stmt 1 view .LVU410
 1322              		.loc 1 238 33 is_stmt 0 view .LVU411
 1323 010c 934A     		ldr	r2, .L121+60
 1324              	.LVL124:
 1325              		.loc 1 238 33 view .LVU412
 1326 010e 1368     		ldr	r3, [r2]
 1327 0110 0833     		adds	r3, r3, #8
 1328 0112 1360     		str	r3, [r2]
 1329              	.LVL125:
 1330              	.L79:
 239:Core/Src/ir_acquisition.c ****     }
 240:Core/Src/ir_acquisition.c **** 
 241:Core/Src/ir_acquisition.c ****     if (!baseline_ready) {
 1331              		.loc 1 241 5 is_stmt 1 view .LVU413
 1332              		.loc 1 241 9 is_stmt 0 view .LVU414
 1333 0114 944B     		ldr	r3, .L121+72
 1334 0116 1B78     		ldrb	r3, [r3]
 1335              		.loc 1 241 8 view .LVU415
 1336 0118 002B     		cmp	r3, #0
 1337 011a 01D0     		beq	.L116
 242:Core/Src/ir_acquisition.c ****         for (i = 0U; i < pairs; ++i) {
ARM GAS  C:\Users\24705\AppData\Local\Temp\ccUe9770.s 			page 30


 243:Core/Src/ir_acquisition.c ****             uint16_t front = adc_dma_buf[offset + (uint16_t)(2U * i)];
 244:Core/Src/ir_acquisition.c ****             uint16_t rear = adc_dma_buf[offset + (uint16_t)(2U * i + 1U)];
 245:Core/Src/ir_acquisition.c ****             if (front_histogram[front >> 4] != 0xFFFFU) {
 246:Core/Src/ir_acquisition.c ****                 front_histogram[front >> 4]++;
 247:Core/Src/ir_acquisition.c ****             }
 248:Core/Src/ir_acquisition.c ****             if (rear_histogram[rear >> 4] != 0xFFFFU) {
 249:Core/Src/ir_acquisition.c ****                 rear_histogram[rear >> 4]++;
 250:Core/Src/ir_acquisition.c ****             }
 251:Core/Src/ir_acquisition.c ****             calibration_sample_count++;
 252:Core/Src/ir_acquisition.c ****         }
 253:Core/Src/ir_acquisition.c ****         if ((HAL_GetTick() - calibration_start_tick) >= IR_STARTUP_CALIBRATION_MS) {
 254:Core/Src/ir_acquisition.c ****             IR_FinishStartupCalibration();
 255:Core/Src/ir_acquisition.c ****         }
 256:Core/Src/ir_acquisition.c ****         return;
 257:Core/Src/ir_acquisition.c ****     }
 258:Core/Src/ir_acquisition.c **** 
 259:Core/Src/ir_acquisition.c ****     for (i = 0U; i < pairs; ++i) {
 1338              		.loc 1 259 12 view .LVU416
 1339 011c 0026     		movs	r6, #0
 1340 011e B2E0     		b	.L86
 1341              	.L116:
 242:Core/Src/ir_acquisition.c ****         for (i = 0U; i < pairs; ++i) {
 1342              		.loc 1 242 16 view .LVU417
 1343 0120 0022     		movs	r2, #0
 1344 0122 05E0     		b	.L87
 1345              	.LVL126:
 1346              	.L89:
 1347              	.LBB15:
 251:Core/Src/ir_acquisition.c ****         }
 1348              		.loc 1 251 13 is_stmt 1 view .LVU418
 251:Core/Src/ir_acquisition.c ****         }
 1349              		.loc 1 251 37 is_stmt 0 view .LVU419
 1350 0124 9149     		ldr	r1, .L121+76
 1351 0126 0B68     		ldr	r3, [r1]
 1352 0128 0133     		adds	r3, r3, #1
 1353 012a 0B60     		str	r3, [r1]
 1354              	.LBE15:
 242:Core/Src/ir_acquisition.c ****         for (i = 0U; i < pairs; ++i) {
 1355              		.loc 1 242 33 is_stmt 1 discriminator 2 view .LVU420
 1356 012c 0132     		adds	r2, r2, #1
 1357              	.LVL127:
 242:Core/Src/ir_acquisition.c ****         for (i = 0U; i < pairs; ++i) {
 1358              		.loc 1 242 33 is_stmt 0 discriminator 2 view .LVU421
 1359 012e 92B2     		uxth	r2, r2
 1360              	.LVL128:
 1361              	.L87:
 242:Core/Src/ir_acquisition.c ****         for (i = 0U; i < pairs; ++i) {
 1362              		.loc 1 242 24 is_stmt 1 discriminator 1 view .LVU422
 1363 0130 072A     		cmp	r2, #7
 1364 0132 22D8     		bhi	.L117
 1365              	.LBB16:
 243:Core/Src/ir_acquisition.c ****             uint16_t rear = adc_dma_buf[offset + (uint16_t)(2U * i + 1U)];
 1366              		.loc 1 243 13 view .LVU423
 243:Core/Src/ir_acquisition.c ****             uint16_t rear = adc_dma_buf[offset + (uint16_t)(2U * i + 1U)];
 1367              		.loc 1 243 51 is_stmt 0 view .LVU424
 1368 0134 5300     		lsls	r3, r2, #1
 1369 0136 9BB2     		uxth	r3, r3
ARM GAS  C:\Users\24705\AppData\Local\Temp\ccUe9770.s 			page 31


 243:Core/Src/ir_acquisition.c ****             uint16_t rear = adc_dma_buf[offset + (uint16_t)(2U * i + 1U)];
 1370              		.loc 1 243 49 view .LVU425
 1371 0138 F918     		adds	r1, r7, r3
 243:Core/Src/ir_acquisition.c ****             uint16_t rear = adc_dma_buf[offset + (uint16_t)(2U * i + 1U)];
 1372              		.loc 1 243 22 view .LVU426
 1373 013a 7F48     		ldr	r0, .L121+24
 1374 013c 4900     		lsls	r1, r1, #1
 1375 013e 095A     		ldrh	r1, [r1, r0]
 1376              	.LVL129:
 244:Core/Src/ir_acquisition.c ****             if (front_histogram[front >> 4] != 0xFFFFU) {
 1377              		.loc 1 244 13 is_stmt 1 view .LVU427
 244:Core/Src/ir_acquisition.c ****             if (front_histogram[front >> 4] != 0xFFFFU) {
 1378              		.loc 1 244 50 is_stmt 0 view .LVU428
 1379 0140 0133     		adds	r3, r3, #1
 1380 0142 9BB2     		uxth	r3, r3
 244:Core/Src/ir_acquisition.c ****             if (front_histogram[front >> 4] != 0xFFFFU) {
 1381              		.loc 1 244 48 view .LVU429
 1382 0144 FB18     		adds	r3, r7, r3
 244:Core/Src/ir_acquisition.c ****             if (front_histogram[front >> 4] != 0xFFFFU) {
 1383              		.loc 1 244 22 view .LVU430
 1384 0146 5B00     		lsls	r3, r3, #1
 1385 0148 1B5A     		ldrh	r3, [r3, r0]
 1386 014a 9BB2     		uxth	r3, r3
 1387              	.LVL130:
 245:Core/Src/ir_acquisition.c ****                 front_histogram[front >> 4]++;
 1388              		.loc 1 245 13 is_stmt 1 view .LVU431
 245:Core/Src/ir_acquisition.c ****                 front_histogram[front >> 4]++;
 1389              		.loc 1 245 39 is_stmt 0 view .LVU432
 1390 014c 0909     		lsrs	r1, r1, #4
 1391              	.LVL131:
 245:Core/Src/ir_acquisition.c ****                 front_histogram[front >> 4]++;
 1392              		.loc 1 245 32 view .LVU433
 1393 014e 8848     		ldr	r0, .L121+80
 1394 0150 4C00     		lsls	r4, r1, #1
 1395 0152 205A     		ldrh	r0, [r4, r0]
 245:Core/Src/ir_acquisition.c ****                 front_histogram[front >> 4]++;
 1396              		.loc 1 245 16 view .LVU434
 1397 0154 874C     		ldr	r4, .L121+84
 1398 0156 A042     		cmp	r0, r4
 1399 0158 03D0     		beq	.L88
 246:Core/Src/ir_acquisition.c ****             }
 1400              		.loc 1 246 17 is_stmt 1 view .LVU435
 246:Core/Src/ir_acquisition.c ****             }
 1401              		.loc 1 246 44 is_stmt 0 view .LVU436
 1402 015a 854C     		ldr	r4, .L121+80
 1403 015c 4900     		lsls	r1, r1, #1
 1404 015e 0130     		adds	r0, r0, #1
 1405 0160 0853     		strh	r0, [r1, r4]
 1406              	.L88:
 248:Core/Src/ir_acquisition.c ****                 rear_histogram[rear >> 4]++;
 1407              		.loc 1 248 13 is_stmt 1 view .LVU437
 248:Core/Src/ir_acquisition.c ****                 rear_histogram[rear >> 4]++;
 1408              		.loc 1 248 37 is_stmt 0 view .LVU438
 1409 0162 1B09     		lsrs	r3, r3, #4
 1410              	.LVL132:
 248:Core/Src/ir_acquisition.c ****                 rear_histogram[rear >> 4]++;
 1411              		.loc 1 248 31 view .LVU439
ARM GAS  C:\Users\24705\AppData\Local\Temp\ccUe9770.s 			page 32


 1412 0164 8449     		ldr	r1, .L121+88
 1413 0166 5800     		lsls	r0, r3, #1
 1414 0168 415A     		ldrh	r1, [r0, r1]
 248:Core/Src/ir_acquisition.c ****                 rear_histogram[rear >> 4]++;
 1415              		.loc 1 248 16 view .LVU440
 1416 016a 8248     		ldr	r0, .L121+84
 1417 016c 8142     		cmp	r1, r0
 1418 016e D9D0     		beq	.L89
 249:Core/Src/ir_acquisition.c ****             }
 1419              		.loc 1 249 17 is_stmt 1 view .LVU441
 249:Core/Src/ir_acquisition.c ****             }
 1420              		.loc 1 249 42 is_stmt 0 view .LVU442
 1421 0170 8148     		ldr	r0, .L121+88
 1422 0172 5B00     		lsls	r3, r3, #1
 1423 0174 0131     		adds	r1, r1, #1
 1424 0176 1952     		strh	r1, [r3, r0]
 1425 0178 D4E7     		b	.L89
 1426              	.LVL133:
 1427              	.L117:
 249:Core/Src/ir_acquisition.c ****             }
 1428              		.loc 1 249 42 view .LVU443
 1429              	.LBE16:
 253:Core/Src/ir_acquisition.c ****             IR_FinishStartupCalibration();
 1430              		.loc 1 253 9 is_stmt 1 view .LVU444
 253:Core/Src/ir_acquisition.c ****             IR_FinishStartupCalibration();
 1431              		.loc 1 253 14 is_stmt 0 view .LVU445
 1432 017a FFF7FEFF 		bl	HAL_GetTick
 1433              	.LVL134:
 253:Core/Src/ir_acquisition.c ****             IR_FinishStartupCalibration();
 1434              		.loc 1 253 28 discriminator 1 view .LVU446
 1435 017e 7F4B     		ldr	r3, .L121+92
 1436 0180 1B68     		ldr	r3, [r3]
 1437 0182 C01A     		subs	r0, r0, r3
 253:Core/Src/ir_acquisition.c ****             IR_FinishStartupCalibration();
 1438              		.loc 1 253 12 discriminator 1 view .LVU447
 1439 0184 FA23     		movs	r3, #250
 1440 0186 9B00     		lsls	r3, r3, #2
 1441 0188 9842     		cmp	r0, r3
 1442 018a 04D2     		bcs	.L118
 1443              	.LVL135:
 1444              	.L72:
 260:Core/Src/ir_acquisition.c ****         uint32_t sample_index = (uint32_t)offset + (uint32_t)(2U * i);
 261:Core/Src/ir_acquisition.c ****         uint16_t front = adc_dma_buf[sample_index];
 262:Core/Src/ir_acquisition.c ****         uint16_t rear = adc_dma_buf[sample_index + 1U];
 263:Core/Src/ir_acquisition.c ****         uint16_t rear_baseline = (uint16_t)(rear_baseline_q16 >> 16);
 264:Core/Src/ir_acquisition.c ****         uint16_t front_baseline = (uint16_t)(front_baseline_q16 >> 16);
 265:Core/Src/ir_acquisition.c ****         uint16_t rear_threshold = (uint16_t)(rear_baseline + IR_TRIGGER_DELTA > 4095U ?
 266:Core/Src/ir_acquisition.c ****                                              4095U : rear_baseline + IR_TRIGGER_DELTA);
 267:Core/Src/ir_acquisition.c ****         uint16_t front_threshold = (uint16_t)(front_baseline + IR_TRIGGER_DELTA > 4095U ?
 268:Core/Src/ir_acquisition.c ****                                               4095U : front_baseline + IR_TRIGGER_DELTA);
 269:Core/Src/ir_acquisition.c ****         g_dbg_rear_baseline = front_baseline;
 270:Core/Src/ir_acquisition.c ****         g_dbg_front_baseline = rear_baseline;
 271:Core/Src/ir_acquisition.c ****         g_dbg_rear_threshold = front_threshold;
 272:Core/Src/ir_acquisition.c ****         g_dbg_front_threshold = rear_threshold;
 273:Core/Src/ir_acquisition.c ****         sample_tick++;
 274:Core/Src/ir_acquisition.c ****         uint32_t timeout = ir_pair_timeout_ms > 60000U ? 60000U : ir_pair_timeout_ms;
 275:Core/Src/ir_acquisition.c ****         while (pair_tail != pair_head && sample_tick - pair_ticks[pair_tail] > timeout * 20U) {
ARM GAS  C:\Users\24705\AppData\Local\Temp\ccUe9770.s 			page 33


 276:Core/Src/ir_acquisition.c ****             pair_tail = (uint8_t)((pair_tail + 1U) % 8U);
 277:Core/Src/ir_acquisition.c ****             ir_pair_timeout_count++;
 278:Core/Src/ir_acquisition.c ****         }
 279:Core/Src/ir_acquisition.c ****         if (IR_DetectSample(&rear_detector, rear, rear_baseline, false)) {
 280:Core/Src/ir_acquisition.c ****             ir_rear_event_count++;
 281:Core/Src/ir_acquisition.c ****             ir_rear_event_sample = sample_tick;
 282:Core/Src/ir_acquisition.c ****             ir_rear_event_pending = true;
 283:Core/Src/ir_acquisition.c ****             IR_PairEvent(false);
 284:Core/Src/ir_acquisition.c ****         }
 285:Core/Src/ir_acquisition.c ****         if (IR_DetectSample(&front_detector, front, front_baseline, true)) {
 286:Core/Src/ir_acquisition.c ****             ir_front_event_count++;
 287:Core/Src/ir_acquisition.c ****             ir_front_event_sample = sample_tick;
 288:Core/Src/ir_acquisition.c ****             ir_front_event_pending = true;
 289:Core/Src/ir_acquisition.c ****             IR_PairEvent(true);
 290:Core/Src/ir_acquisition.c ****         }
 291:Core/Src/ir_acquisition.c ****         /* Q16 prevents small environmental changes from being lost to
 292:Core/Src/ir_acquisition.c ****            integer truncation.  The slow EMA follows ambient drift while a
 293:Core/Src/ir_acquisition.c ****            short projectile pulse changes the baseline only negligibly. */
 294:Core/Src/ir_acquisition.c ****         uint32_t rebase_ms = ir_rebase_after_ms > 60000U ? 60000U : ir_rebase_after_ms;
 295:Core/Src/ir_acquisition.c ****         if ((!front_detector.active && front_detector.confirm == 0U) ||
 296:Core/Src/ir_acquisition.c ****             (rebase_ms != 0U && front_detector.age >= rebase_ms * 20U))
 297:Core/Src/ir_acquisition.c ****             front_baseline_q16 += (((int32_t)front << 16) - front_baseline_q16) /
 298:Core/Src/ir_acquisition.c ****                               IR_BASELINE_TRACK_DIVISOR;
 299:Core/Src/ir_acquisition.c ****         if ((!rear_detector.active && rear_detector.confirm == 0U) ||
 300:Core/Src/ir_acquisition.c ****             (rebase_ms != 0U && rear_detector.age >= rebase_ms * 20U))
 301:Core/Src/ir_acquisition.c ****             rear_baseline_q16 += (((int32_t)rear << 16) - rear_baseline_q16) /
 302:Core/Src/ir_acquisition.c ****                              IR_BASELINE_TRACK_DIVISOR;
 303:Core/Src/ir_acquisition.c ****     }
 304:Core/Src/ir_acquisition.c **** }
 1445              		.loc 1 304 1 view .LVU448
 1446              		@ sp needed
 1447              	.LVL136:
 1448              		.loc 1 304 1 view .LVU449
 1449 018c E0BC     		pop	{r5, r6, r7}
 1450 018e BA46     		mov	r10, r7
 1451 0190 B146     		mov	r9, r6
 1452 0192 A846     		mov	r8, r5
 1453 0194 F0BD     		pop	{r4, r5, r6, r7, pc}
 1454              	.LVL137:
 1455              	.L118:
 254:Core/Src/ir_acquisition.c ****         }
 1456              		.loc 1 254 13 is_stmt 1 view .LVU450
 1457 0196 FFF7FEFF 		bl	IR_FinishStartupCalibration
 1458              	.LVL138:
 256:Core/Src/ir_acquisition.c ****     }
 1459              		.loc 1 256 9 view .LVU451
 1460 019a F7E7     		b	.L72
 1461              	.LVL139:
 1462              	.L110:
 1463              	.LBB17:
 265:Core/Src/ir_acquisition.c ****                                              4095U : rear_baseline + IR_TRIGGER_DELTA);
 1464              		.loc 1 265 35 is_stmt 0 discriminator 2 view .LVU452
 1465 019c 6949     		ldr	r1, .L121+36
 1466 019e 90E0     		b	.L93
 1467              	.LVL140:
 1468              	.L111:
 267:Core/Src/ir_acquisition.c ****                                               4095U : front_baseline + IR_TRIGGER_DELTA);
ARM GAS  C:\Users\24705\AppData\Local\Temp\ccUe9770.s 			page 34


 1469              		.loc 1 267 36 discriminator 2 view .LVU453
 1470 01a0 684B     		ldr	r3, .L121+36
 1471 01a2 98E0     		b	.L94
 1472              	.LVL141:
 1473              	.L112:
 274:Core/Src/ir_acquisition.c ****         while (pair_tail != pair_head && sample_tick - pair_ticks[pair_tail] > timeout * 20U) {
 1474              		.loc 1 274 65 discriminator 2 view .LVU454
 1475 01a4 7648     		ldr	r0, .L121+96
 1476              	.LVL142:
 275:Core/Src/ir_acquisition.c ****             pair_tail = (uint8_t)((pair_tail + 1U) % 8U);
 1477              		.loc 1 275 9 is_stmt 1 view .LVU455
 275:Core/Src/ir_acquisition.c ****             pair_tail = (uint8_t)((pair_tail + 1U) % 8U);
 1478              		.loc 1 275 15 is_stmt 0 view .LVU456
 1479 01a6 08E0     		b	.L96
 1480              	.LVL143:
 1481              	.L98:
 276:Core/Src/ir_acquisition.c ****             ir_pair_timeout_count++;
 1482              		.loc 1 276 13 is_stmt 1 view .LVU457
 276:Core/Src/ir_acquisition.c ****             ir_pair_timeout_count++;
 1483              		.loc 1 276 25 is_stmt 0 view .LVU458
 1484 01a8 0131     		adds	r1, r1, #1
 1485 01aa 0723     		movs	r3, #7
 1486 01ac 1940     		ands	r1, r3
 276:Core/Src/ir_acquisition.c ****             ir_pair_timeout_count++;
 1487              		.loc 1 276 23 view .LVU459
 1488 01ae 754B     		ldr	r3, .L121+100
 1489 01b0 1970     		strb	r1, [r3]
 277:Core/Src/ir_acquisition.c ****         }
 1490              		.loc 1 277 13 is_stmt 1 view .LVU460
 277:Core/Src/ir_acquisition.c ****         }
 1491              		.loc 1 277 34 is_stmt 0 view .LVU461
 1492 01b2 7549     		ldr	r1, .L121+104
 1493 01b4 0B68     		ldr	r3, [r1]
 1494 01b6 0133     		adds	r3, r3, #1
 1495 01b8 0B60     		str	r3, [r1]
 1496              	.L96:
 275:Core/Src/ir_acquisition.c ****             pair_tail = (uint8_t)((pair_tail + 1U) % 8U);
 1497              		.loc 1 275 39 is_stmt 1 view .LVU462
 275:Core/Src/ir_acquisition.c ****             pair_tail = (uint8_t)((pair_tail + 1U) % 8U);
 1498              		.loc 1 275 26 is_stmt 0 view .LVU463
 1499 01ba 724B     		ldr	r3, .L121+100
 1500 01bc 1978     		ldrb	r1, [r3]
 1501 01be 734B     		ldr	r3, .L121+108
 1502 01c0 1B78     		ldrb	r3, [r3]
 275:Core/Src/ir_acquisition.c ****             pair_tail = (uint8_t)((pair_tail + 1U) % 8U);
 1503              		.loc 1 275 39 view .LVU464
 1504 01c2 9942     		cmp	r1, r3
 1505 01c4 08D0     		beq	.L97
 275:Core/Src/ir_acquisition.c ****             pair_tail = (uint8_t)((pair_tail + 1U) % 8U);
 1506              		.loc 1 275 66 discriminator 1 view .LVU465
 1507 01c6 724B     		ldr	r3, .L121+112
 1508 01c8 8D00     		lsls	r5, r1, #2
 1509 01ca ED58     		ldr	r5, [r5, r3]
 275:Core/Src/ir_acquisition.c ****             pair_tail = (uint8_t)((pair_tail + 1U) % 8U);
 1510              		.loc 1 275 54 discriminator 1 view .LVU466
 1511 01cc 651B     		subs	r5, r4, r5
 275:Core/Src/ir_acquisition.c ****             pair_tail = (uint8_t)((pair_tail + 1U) % 8U);
ARM GAS  C:\Users\24705\AppData\Local\Temp\ccUe9770.s 			page 35


 1512              		.loc 1 275 88 discriminator 1 view .LVU467
 1513 01ce 8300     		lsls	r3, r0, #2
 1514 01d0 1B18     		adds	r3, r3, r0
 1515 01d2 9B00     		lsls	r3, r3, #2
 275:Core/Src/ir_acquisition.c ****             pair_tail = (uint8_t)((pair_tail + 1U) % 8U);
 1516              		.loc 1 275 39 discriminator 1 view .LVU468
 1517 01d4 9D42     		cmp	r5, r3
 1518 01d6 E7D8     		bhi	.L98
 1519              	.L97:
 279:Core/Src/ir_acquisition.c ****             ir_rear_event_count++;
 1520              		.loc 1 279 9 is_stmt 1 view .LVU469
 279:Core/Src/ir_acquisition.c ****             ir_rear_event_count++;
 1521              		.loc 1 279 13 is_stmt 0 view .LVU470
 1522 01d8 6E48     		ldr	r0, .L121+116
 1523 01da 0023     		movs	r3, #0
 1524 01dc 4946     		mov	r1, r9
 1525 01de FFF7FEFF 		bl	IR_DetectSample
 1526              	.LVL144:
 279:Core/Src/ir_acquisition.c ****             ir_rear_event_count++;
 1527              		.loc 1 279 12 discriminator 1 view .LVU471
 1528 01e2 0028     		cmp	r0, #0
 1529 01e4 00D0     		beq	.LCB1450
 1530 01e6 8CE0     		b	.L119	@long jump
 1531              	.LCB1450:
 1532              	.L99:
 285:Core/Src/ir_acquisition.c ****             ir_front_event_count++;
 1533              		.loc 1 285 9 is_stmt 1 view .LVU472
 285:Core/Src/ir_acquisition.c ****             ir_front_event_count++;
 1534              		.loc 1 285 13 is_stmt 0 view .LVU473
 1535 01e8 6B48     		ldr	r0, .L121+120
 1536 01ea 0123     		movs	r3, #1
 1537 01ec 4246     		mov	r2, r8
 1538 01ee 5146     		mov	r1, r10
 1539 01f0 FFF7FEFF 		bl	IR_DetectSample
 1540              	.LVL145:
 285:Core/Src/ir_acquisition.c ****             ir_front_event_count++;
 1541              		.loc 1 285 12 discriminator 1 view .LVU474
 1542 01f4 0028     		cmp	r0, #0
 1543 01f6 00D0     		beq	.LCB1460
 1544 01f8 E8E0     		b	.L120	@long jump
 1545              	.LCB1460:
 1546              	.L100:
 294:Core/Src/ir_acquisition.c ****         if ((!front_detector.active && front_detector.confirm == 0U) ||
 1547              		.loc 1 294 9 is_stmt 1 view .LVU475
 294:Core/Src/ir_acquisition.c ****         if ((!front_detector.active && front_detector.confirm == 0U) ||
 1548              		.loc 1 294 49 is_stmt 0 view .LVU476
 1549 01fa 684B     		ldr	r3, .L121+124
 1550 01fc 1A68     		ldr	r2, [r3]
 294:Core/Src/ir_acquisition.c ****         if ((!front_detector.active && front_detector.confirm == 0U) ||
 1551              		.loc 1 294 67 view .LVU477
 1552 01fe 604B     		ldr	r3, .L121+96
 1553 0200 9A42     		cmp	r2, r3
 1554 0202 00D9     		bls	.LCB1467
 1555 0204 F1E0     		b	.L113	@long jump
 1556              	.LCB1467:
 294:Core/Src/ir_acquisition.c ****         if ((!front_detector.active && front_detector.confirm == 0U) ||
 1557              		.loc 1 294 67 discriminator 1 view .LVU478
ARM GAS  C:\Users\24705\AppData\Local\Temp\ccUe9770.s 			page 36


 1558 0206 654B     		ldr	r3, .L121+124
 1559 0208 1A68     		ldr	r2, [r3]
 1560              	.L101:
 1561              	.LVL146:
 295:Core/Src/ir_acquisition.c ****             (rebase_ms != 0U && front_detector.age >= rebase_ms * 20U))
 1562              		.loc 1 295 9 is_stmt 1 view .LVU479
 295:Core/Src/ir_acquisition.c ****             (rebase_ms != 0U && front_detector.age >= rebase_ms * 20U))
 1563              		.loc 1 295 29 is_stmt 0 view .LVU480
 1564 020a 634B     		ldr	r3, .L121+120
 1565 020c 2C21     		movs	r1, #44
 1566 020e 5B5C     		ldrb	r3, [r3, r1]
 295:Core/Src/ir_acquisition.c ****             (rebase_ms != 0U && front_detector.age >= rebase_ms * 20U))
 1567              		.loc 1 295 12 view .LVU481
 1568 0210 002B     		cmp	r3, #0
 1569 0212 03D1     		bne	.L102
 295:Core/Src/ir_acquisition.c ****             (rebase_ms != 0U && front_detector.age >= rebase_ms * 20U))
 1570              		.loc 1 295 54 discriminator 1 view .LVU482
 1571 0214 604B     		ldr	r3, .L121+120
 1572 0216 5B8C     		ldrh	r3, [r3, #34]
 295:Core/Src/ir_acquisition.c ****             (rebase_ms != 0U && front_detector.age >= rebase_ms * 20U))
 1573              		.loc 1 295 37 discriminator 1 view .LVU483
 1574 0218 002B     		cmp	r3, #0
 1575 021a 08D0     		beq	.L103
 1576              	.L102:
 295:Core/Src/ir_acquisition.c ****             (rebase_ms != 0U && front_detector.age >= rebase_ms * 20U))
 1577              		.loc 1 295 70 discriminator 3 view .LVU484
 1578 021c 002A     		cmp	r2, #0
 1579 021e 12D0     		beq	.L104
 296:Core/Src/ir_acquisition.c ****             front_baseline_q16 += (((int32_t)front << 16) - front_baseline_q16) /
 1580              		.loc 1 296 47 view .LVU485
 1581 0220 5D4B     		ldr	r3, .L121+120
 1582 0222 996A     		ldr	r1, [r3, #40]
 296:Core/Src/ir_acquisition.c ****             front_baseline_q16 += (((int32_t)front << 16) - front_baseline_q16) /
 1583              		.loc 1 296 65 view .LVU486
 1584 0224 9300     		lsls	r3, r2, #2
 1585 0226 9B18     		adds	r3, r3, r2
 1586 0228 9B00     		lsls	r3, r3, #2
 296:Core/Src/ir_acquisition.c ****             front_baseline_q16 += (((int32_t)front << 16) - front_baseline_q16) /
 1587              		.loc 1 296 30 view .LVU487
 1588 022a 9942     		cmp	r1, r3
 1589 022c 0BD3     		bcc	.L104
 1590              	.L103:
 297:Core/Src/ir_acquisition.c ****                               IR_BASELINE_TRACK_DIVISOR;
 1591              		.loc 1 297 13 is_stmt 1 view .LVU488
 297:Core/Src/ir_acquisition.c ****                               IR_BASELINE_TRACK_DIVISOR;
 1592              		.loc 1 297 52 is_stmt 0 view .LVU489
 1593 022e 5346     		mov	r3, r10
 1594 0230 1D04     		lsls	r5, r3, #16
 297:Core/Src/ir_acquisition.c ****                               IR_BASELINE_TRACK_DIVISOR;
 1595              		.loc 1 297 59 view .LVU490
 1596 0232 5B48     		ldr	r0, .L121+128
 1597 0234 0168     		ldr	r1, [r0]
 1598 0236 6D1A     		subs	r5, r5, r1
 297:Core/Src/ir_acquisition.c ****                               IR_BASELINE_TRACK_DIVISOR;
 1599              		.loc 1 297 81 view .LVU491
 1600 0238 EB17     		asrs	r3, r5, #31
 1601 023a 5B05     		lsls	r3, r3, #21
ARM GAS  C:\Users\24705\AppData\Local\Temp\ccUe9770.s 			page 37


 1602 023c 5B0D     		lsrs	r3, r3, #21
 1603 023e 5B19     		adds	r3, r3, r5
 1604 0240 DB12     		asrs	r3, r3, #11
 297:Core/Src/ir_acquisition.c ****                               IR_BASELINE_TRACK_DIVISOR;
 1605              		.loc 1 297 32 view .LVU492
 1606 0242 C918     		adds	r1, r1, r3
 1607 0244 0160     		str	r1, [r0]
 1608              	.L104:
 299:Core/Src/ir_acquisition.c ****             (rebase_ms != 0U && rear_detector.age >= rebase_ms * 20U))
 1609              		.loc 1 299 9 is_stmt 1 view .LVU493
 299:Core/Src/ir_acquisition.c ****             (rebase_ms != 0U && rear_detector.age >= rebase_ms * 20U))
 1610              		.loc 1 299 28 is_stmt 0 view .LVU494
 1611 0246 534B     		ldr	r3, .L121+116
 1612 0248 2C21     		movs	r1, #44
 1613 024a 5B5C     		ldrb	r3, [r3, r1]
 299:Core/Src/ir_acquisition.c ****             (rebase_ms != 0U && rear_detector.age >= rebase_ms * 20U))
 1614              		.loc 1 299 12 view .LVU495
 1615 024c 002B     		cmp	r3, #0
 1616 024e 03D1     		bne	.L105
 299:Core/Src/ir_acquisition.c ****             (rebase_ms != 0U && rear_detector.age >= rebase_ms * 20U))
 1617              		.loc 1 299 52 discriminator 1 view .LVU496
 1618 0250 504B     		ldr	r3, .L121+116
 1619 0252 5B8C     		ldrh	r3, [r3, #34]
 299:Core/Src/ir_acquisition.c ****             (rebase_ms != 0U && rear_detector.age >= rebase_ms * 20U))
 1620              		.loc 1 299 36 discriminator 1 view .LVU497
 1621 0254 002B     		cmp	r3, #0
 1622 0256 08D0     		beq	.L106
 1623              	.L105:
 299:Core/Src/ir_acquisition.c ****             (rebase_ms != 0U && rear_detector.age >= rebase_ms * 20U))
 1624              		.loc 1 299 68 discriminator 3 view .LVU498
 1625 0258 002A     		cmp	r2, #0
 1626 025a 12D0     		beq	.L107
 300:Core/Src/ir_acquisition.c ****             rear_baseline_q16 += (((int32_t)rear << 16) - rear_baseline_q16) /
 1627              		.loc 1 300 46 view .LVU499
 1628 025c 4D4B     		ldr	r3, .L121+116
 1629 025e 996A     		ldr	r1, [r3, #40]
 300:Core/Src/ir_acquisition.c ****             rear_baseline_q16 += (((int32_t)rear << 16) - rear_baseline_q16) /
 1630              		.loc 1 300 64 view .LVU500
 1631 0260 9300     		lsls	r3, r2, #2
 1632 0262 9B18     		adds	r3, r3, r2
 1633 0264 9B00     		lsls	r3, r3, #2
 300:Core/Src/ir_acquisition.c ****             rear_baseline_q16 += (((int32_t)rear << 16) - rear_baseline_q16) /
 1634              		.loc 1 300 30 view .LVU501
 1635 0266 9942     		cmp	r1, r3
 1636 0268 0BD3     		bcc	.L107
 1637              	.L106:
 301:Core/Src/ir_acquisition.c ****                              IR_BASELINE_TRACK_DIVISOR;
 1638              		.loc 1 301 13 is_stmt 1 view .LVU502
 301:Core/Src/ir_acquisition.c ****                              IR_BASELINE_TRACK_DIVISOR;
 1639              		.loc 1 301 50 is_stmt 0 view .LVU503
 1640 026a 4B46     		mov	r3, r9
 1641 026c 1C04     		lsls	r4, r3, #16
 301:Core/Src/ir_acquisition.c ****                              IR_BASELINE_TRACK_DIVISOR;
 1642              		.loc 1 301 57 view .LVU504
 1643 026e 4D49     		ldr	r1, .L121+132
 1644 0270 0A68     		ldr	r2, [r1]
 1645              	.LVL147:
ARM GAS  C:\Users\24705\AppData\Local\Temp\ccUe9770.s 			page 38


 301:Core/Src/ir_acquisition.c ****                              IR_BASELINE_TRACK_DIVISOR;
 1646              		.loc 1 301 57 view .LVU505
 1647 0272 A41A     		subs	r4, r4, r2
 301:Core/Src/ir_acquisition.c ****                              IR_BASELINE_TRACK_DIVISOR;
 1648              		.loc 1 301 78 view .LVU506
 1649 0274 E317     		asrs	r3, r4, #31
 1650 0276 5B05     		lsls	r3, r3, #21
 1651 0278 5B0D     		lsrs	r3, r3, #21
 1652 027a 1B19     		adds	r3, r3, r4
 1653 027c DB12     		asrs	r3, r3, #11
 301:Core/Src/ir_acquisition.c ****                              IR_BASELINE_TRACK_DIVISOR;
 1654              		.loc 1 301 31 view .LVU507
 1655 027e D218     		adds	r2, r2, r3
 1656 0280 0A60     		str	r2, [r1]
 1657              	.L107:
 1658              	.LBE17:
 259:Core/Src/ir_acquisition.c ****         uint32_t sample_index = (uint32_t)offset + (uint32_t)(2U * i);
 1659              		.loc 1 259 29 is_stmt 1 discriminator 2 view .LVU508
 1660 0282 0136     		adds	r6, r6, #1
 1661              	.LVL148:
 259:Core/Src/ir_acquisition.c ****         uint32_t sample_index = (uint32_t)offset + (uint32_t)(2U * i);
 1662              		.loc 1 259 29 is_stmt 0 discriminator 2 view .LVU509
 1663 0284 B6B2     		uxth	r6, r6
 1664              	.LVL149:
 1665              	.L86:
 259:Core/Src/ir_acquisition.c ****         uint32_t sample_index = (uint32_t)offset + (uint32_t)(2U * i);
 1666              		.loc 1 259 20 is_stmt 1 discriminator 1 view .LVU510
 1667 0286 072E     		cmp	r6, #7
 1668 0288 00D9     		bls	.LCB1571
 1669 028a 7FE7     		b	.L72	@long jump
 1670              	.LCB1571:
 1671              	.LBB18:
 260:Core/Src/ir_acquisition.c ****         uint16_t front = adc_dma_buf[sample_index];
 1672              		.loc 1 260 9 view .LVU511
 260:Core/Src/ir_acquisition.c ****         uint16_t front = adc_dma_buf[sample_index];
 1673              		.loc 1 260 66 is_stmt 0 view .LVU512
 1674 028c 7300     		lsls	r3, r6, #1
 260:Core/Src/ir_acquisition.c ****         uint16_t front = adc_dma_buf[sample_index];
 1675              		.loc 1 260 18 view .LVU513
 1676 028e FB18     		adds	r3, r7, r3
 1677              	.LVL150:
 261:Core/Src/ir_acquisition.c ****         uint16_t rear = adc_dma_buf[sample_index + 1U];
 1678              		.loc 1 261 9 is_stmt 1 view .LVU514
 261:Core/Src/ir_acquisition.c ****         uint16_t rear = adc_dma_buf[sample_index + 1U];
 1679              		.loc 1 261 18 is_stmt 0 view .LVU515
 1680 0290 294A     		ldr	r2, .L121+24
 1681 0292 5900     		lsls	r1, r3, #1
 1682 0294 8D5A     		ldrh	r5, [r1, r2]
 1683 0296 A9B2     		uxth	r1, r5
 1684 0298 8A46     		mov	r10, r1
 1685              	.LVL151:
 262:Core/Src/ir_acquisition.c ****         uint16_t rear_baseline = (uint16_t)(rear_baseline_q16 >> 16);
 1686              		.loc 1 262 9 is_stmt 1 view .LVU516
 262:Core/Src/ir_acquisition.c ****         uint16_t rear_baseline = (uint16_t)(rear_baseline_q16 >> 16);
 1687              		.loc 1 262 50 is_stmt 0 view .LVU517
 1688 029a 0133     		adds	r3, r3, #1
 1689              	.LVL152:
ARM GAS  C:\Users\24705\AppData\Local\Temp\ccUe9770.s 			page 39


 262:Core/Src/ir_acquisition.c ****         uint16_t rear_baseline = (uint16_t)(rear_baseline_q16 >> 16);
 1690              		.loc 1 262 18 view .LVU518
 1691 029c 5B00     		lsls	r3, r3, #1
 1692              	.LVL153:
 262:Core/Src/ir_acquisition.c ****         uint16_t rear_baseline = (uint16_t)(rear_baseline_q16 >> 16);
 1693              		.loc 1 262 18 view .LVU519
 1694 029e 9C5A     		ldrh	r4, [r3, r2]
 1695 02a0 A3B2     		uxth	r3, r4
 1696 02a2 9946     		mov	r9, r3
 1697              	.LVL154:
 263:Core/Src/ir_acquisition.c ****         uint16_t front_baseline = (uint16_t)(front_baseline_q16 >> 16);
 1698              		.loc 1 263 9 is_stmt 1 view .LVU520
 263:Core/Src/ir_acquisition.c ****         uint16_t front_baseline = (uint16_t)(front_baseline_q16 >> 16);
 1699              		.loc 1 263 63 is_stmt 0 view .LVU521
 1700 02a4 3F4B     		ldr	r3, .L121+132
 1701 02a6 1968     		ldr	r1, [r3]
 263:Core/Src/ir_acquisition.c ****         uint16_t front_baseline = (uint16_t)(front_baseline_q16 >> 16);
 1702              		.loc 1 263 18 view .LVU522
 1703 02a8 0A0C     		lsrs	r2, r1, #16
 1704              	.LVL155:
 264:Core/Src/ir_acquisition.c ****         uint16_t rear_threshold = (uint16_t)(rear_baseline + IR_TRIGGER_DELTA > 4095U ?
 1705              		.loc 1 264 9 is_stmt 1 view .LVU523
 264:Core/Src/ir_acquisition.c ****         uint16_t rear_threshold = (uint16_t)(rear_baseline + IR_TRIGGER_DELTA > 4095U ?
 1706              		.loc 1 264 65 is_stmt 0 view .LVU524
 1707 02aa 3D4B     		ldr	r3, .L121+128
 1708 02ac 1B68     		ldr	r3, [r3]
 264:Core/Src/ir_acquisition.c ****         uint16_t rear_threshold = (uint16_t)(rear_baseline + IR_TRIGGER_DELTA > 4095U ?
 1709              		.loc 1 264 18 view .LVU525
 1710 02ae 180C     		lsrs	r0, r3, #16
 1711 02b0 8046     		mov	r8, r0
 1712              	.LVL156:
 265:Core/Src/ir_acquisition.c ****                                              4095U : rear_baseline + IR_TRIGGER_DELTA);
 1713              		.loc 1 265 9 is_stmt 1 view .LVU526
 265:Core/Src/ir_acquisition.c ****                                              4095U : rear_baseline + IR_TRIGGER_DELTA);
 1714              		.loc 1 265 60 is_stmt 0 view .LVU527
 1715 02b2 1100     		movs	r1, r2
 1716 02b4 2D31     		adds	r1, r1, #45
 265:Core/Src/ir_acquisition.c ****                                              4095U : rear_baseline + IR_TRIGGER_DELTA);
 1717              		.loc 1 265 35 view .LVU528
 1718 02b6 8020     		movs	r0, #128
 1719 02b8 4001     		lsls	r0, r0, #5
 1720 02ba 8142     		cmp	r1, r0
 1721 02bc 00D3     		bcc	.LCB1612
 1722 02be 6DE7     		b	.L110	@long jump
 1723              	.LCB1612:
 265:Core/Src/ir_acquisition.c ****                                              4095U : rear_baseline + IR_TRIGGER_DELTA);
 1724              		.loc 1 265 35 discriminator 1 view .LVU529
 1725 02c0 89B2     		uxth	r1, r1
 1726              	.L93:
 1727              	.LVL157:
 267:Core/Src/ir_acquisition.c ****                                               4095U : front_baseline + IR_TRIGGER_DELTA);
 1728              		.loc 1 267 9 is_stmt 1 view .LVU530
 267:Core/Src/ir_acquisition.c ****                                               4095U : front_baseline + IR_TRIGGER_DELTA);
 1729              		.loc 1 267 62 is_stmt 0 view .LVU531
 1730 02c2 1B0C     		lsrs	r3, r3, #16
 1731 02c4 2D33     		adds	r3, r3, #45
 267:Core/Src/ir_acquisition.c ****                                               4095U : front_baseline + IR_TRIGGER_DELTA);
ARM GAS  C:\Users\24705\AppData\Local\Temp\ccUe9770.s 			page 40


 1732              		.loc 1 267 36 view .LVU532
 1733 02c6 8020     		movs	r0, #128
 1734 02c8 4001     		lsls	r0, r0, #5
 1735 02ca 8342     		cmp	r3, r0
 1736 02cc 00D3     		bcc	.LCB1623
 1737 02ce 67E7     		b	.L111	@long jump
 1738              	.LCB1623:
 267:Core/Src/ir_acquisition.c ****                                               4095U : front_baseline + IR_TRIGGER_DELTA);
 1739              		.loc 1 267 36 discriminator 1 view .LVU533
 1740 02d0 4346     		mov	r3, r8
 1741 02d2 2D33     		adds	r3, r3, #45
 1742 02d4 9BB2     		uxth	r3, r3
 1743              	.L94:
 1744              	.LVL158:
 269:Core/Src/ir_acquisition.c ****         g_dbg_front_baseline = rear_baseline;
 1745              		.loc 1 269 9 is_stmt 1 view .LVU534
 269:Core/Src/ir_acquisition.c ****         g_dbg_front_baseline = rear_baseline;
 1746              		.loc 1 269 29 is_stmt 0 view .LVU535
 1747 02d6 3448     		ldr	r0, .L121+136
 1748 02d8 4446     		mov	r4, r8
 1749 02da 0480     		strh	r4, [r0]
 270:Core/Src/ir_acquisition.c ****         g_dbg_rear_threshold = front_threshold;
 1750              		.loc 1 270 9 is_stmt 1 view .LVU536
 270:Core/Src/ir_acquisition.c ****         g_dbg_rear_threshold = front_threshold;
 1751              		.loc 1 270 30 is_stmt 0 view .LVU537
 1752 02dc 3348     		ldr	r0, .L121+140
 1753 02de 0280     		strh	r2, [r0]
 271:Core/Src/ir_acquisition.c ****         g_dbg_front_threshold = rear_threshold;
 1754              		.loc 1 271 9 is_stmt 1 view .LVU538
 271:Core/Src/ir_acquisition.c ****         g_dbg_front_threshold = rear_threshold;
 1755              		.loc 1 271 30 is_stmt 0 view .LVU539
 1756 02e0 3348     		ldr	r0, .L121+144
 1757 02e2 0380     		strh	r3, [r0]
 272:Core/Src/ir_acquisition.c ****         sample_tick++;
 1758              		.loc 1 272 9 is_stmt 1 view .LVU540
 272:Core/Src/ir_acquisition.c ****         sample_tick++;
 1759              		.loc 1 272 31 is_stmt 0 view .LVU541
 1760 02e4 334B     		ldr	r3, .L121+148
 1761              	.LVL159:
 272:Core/Src/ir_acquisition.c ****         sample_tick++;
 1762              		.loc 1 272 31 view .LVU542
 1763 02e6 1980     		strh	r1, [r3]
 1764              	.LVL160:
 273:Core/Src/ir_acquisition.c ****         uint32_t timeout = ir_pair_timeout_ms > 60000U ? 60000U : ir_pair_timeout_ms;
 1765              		.loc 1 273 9 is_stmt 1 view .LVU543
 273:Core/Src/ir_acquisition.c ****         uint32_t timeout = ir_pair_timeout_ms > 60000U ? 60000U : ir_pair_timeout_ms;
 1766              		.loc 1 273 20 is_stmt 0 view .LVU544
 1767 02e8 334B     		ldr	r3, .L121+152
 1768 02ea 1C68     		ldr	r4, [r3]
 1769 02ec 0134     		adds	r4, r4, #1
 1770 02ee 1C60     		str	r4, [r3]
 274:Core/Src/ir_acquisition.c ****         while (pair_tail != pair_head && sample_tick - pair_ticks[pair_tail] > timeout * 20U) {
 1771              		.loc 1 274 9 is_stmt 1 view .LVU545
 274:Core/Src/ir_acquisition.c ****         while (pair_tail != pair_head && sample_tick - pair_ticks[pair_tail] > timeout * 20U) {
 1772              		.loc 1 274 47 is_stmt 0 view .LVU546
 1773 02f0 324B     		ldr	r3, .L121+156
 1774 02f2 1968     		ldr	r1, [r3]
ARM GAS  C:\Users\24705\AppData\Local\Temp\ccUe9770.s 			page 41


 1775              	.LVL161:
 274:Core/Src/ir_acquisition.c ****         while (pair_tail != pair_head && sample_tick - pair_ticks[pair_tail] > timeout * 20U) {
 1776              		.loc 1 274 65 view .LVU547
 1777 02f4 224B     		ldr	r3, .L121+96
 1778 02f6 9942     		cmp	r1, r3
 1779 02f8 00D9     		bls	.LCB1656
 1780 02fa 53E7     		b	.L112	@long jump
 1781              	.LCB1656:
 274:Core/Src/ir_acquisition.c ****         while (pair_tail != pair_head && sample_tick - pair_ticks[pair_tail] > timeout * 20U) {
 1782              		.loc 1 274 65 discriminator 1 view .LVU548
 1783 02fc 2F4B     		ldr	r3, .L121+156
 1784 02fe 1868     		ldr	r0, [r3]
 1785 0300 5BE7     		b	.L96
 1786              	.LVL162:
 1787              	.L119:
 280:Core/Src/ir_acquisition.c ****             ir_rear_event_sample = sample_tick;
 1788              		.loc 1 280 13 is_stmt 1 view .LVU549
 280:Core/Src/ir_acquisition.c ****             ir_rear_event_sample = sample_tick;
 1789              		.loc 1 280 32 is_stmt 0 view .LVU550
 1790 0302 2F4A     		ldr	r2, .L121+160
 1791 0304 1368     		ldr	r3, [r2]
 1792 0306 0133     		adds	r3, r3, #1
 1793 0308 1360     		str	r3, [r2]
 281:Core/Src/ir_acquisition.c ****             ir_rear_event_pending = true;
 1794              		.loc 1 281 13 is_stmt 1 view .LVU551
 281:Core/Src/ir_acquisition.c ****             ir_rear_event_pending = true;
 1795              		.loc 1 281 34 is_stmt 0 view .LVU552
 1796 030a 2B4B     		ldr	r3, .L121+152
 1797 030c 1A68     		ldr	r2, [r3]
 1798 030e 2D4B     		ldr	r3, .L121+164
 1799 0310 1A60     		str	r2, [r3]
 282:Core/Src/ir_acquisition.c ****             IR_PairEvent(false);
 1800              		.loc 1 282 13 is_stmt 1 view .LVU553
 282:Core/Src/ir_acquisition.c ****             IR_PairEvent(false);
 1801              		.loc 1 282 35 is_stmt 0 view .LVU554
 1802 0312 2D4B     		ldr	r3, .L121+168
 1803 0314 0122     		movs	r2, #1
 1804 0316 1A70     		strb	r2, [r3]
 283:Core/Src/ir_acquisition.c ****         }
 1805              		.loc 1 283 13 is_stmt 1 view .LVU555
 1806 0318 0020     		movs	r0, #0
 1807 031a FFF7FEFF 		bl	IR_PairEvent
 1808              	.LVL163:
 1809 031e 63E7     		b	.L99
 1810              	.L122:
 1811              		.align	2
 1812              	.L121:
 1813 0320 00000000 		.word	adc_max_window_tick
 1814 0324 87130000 		.word	4999
 1815 0328 00000000 		.word	ir_front_adc_max_5s
 1816 032c 00000000 		.word	ir_rear_adc_max_5s
 1817 0330 00000000 		.word	ir_front_pp_max_5s
 1818 0334 00000000 		.word	ir_rear_pp_max_5s
 1819 0338 00000000 		.word	adc_dma_buf
 1820 033c 00000000 		.word	ir_extrema_reset_request
 1821 0340 00000000 		.word	ir_front_raw_min
 1822 0344 FF0F0000 		.word	4095
ARM GAS  C:\Users\24705\AppData\Local\Temp\ccUe9770.s 			page 42


 1823 0348 00000000 		.word	ir_front_raw_max
 1824 034c 00000000 		.word	ir_rear_raw_min
 1825 0350 00000000 		.word	ir_rear_raw_max
 1826 0354 00000000 		.word	ir_front_raw_reference
 1827 0358 00000000 		.word	ir_rear_raw_reference
 1828 035c 00000000 		.word	ir_extrema_sample_count
 1829 0360 00000000 		.word	ir_extrema_reset_count
 1830 0364 00000000 		.word	ir_extrema_hold
 1831 0368 00000000 		.word	baseline_ready
 1832 036c 00000000 		.word	calibration_sample_count
 1833 0370 00000000 		.word	front_histogram
 1834 0374 FFFF0000 		.word	65535
 1835 0378 00000000 		.word	rear_histogram
 1836 037c 00000000 		.word	calibration_start_tick
 1837 0380 60EA0000 		.word	60000
 1838 0384 00000000 		.word	pair_tail
 1839 0388 00000000 		.word	ir_pair_timeout_count
 1840 038c 00000000 		.word	pair_head
 1841 0390 00000000 		.word	pair_ticks
 1842 0394 00000000 		.word	rear_detector
 1843 0398 00000000 		.word	front_detector
 1844 039c 00000000 		.word	ir_rebase_after_ms
 1845 03a0 00000000 		.word	front_baseline_q16
 1846 03a4 00000000 		.word	rear_baseline_q16
 1847 03a8 00000000 		.word	g_dbg_rear_baseline
 1848 03ac 00000000 		.word	g_dbg_front_baseline
 1849 03b0 00000000 		.word	g_dbg_rear_threshold
 1850 03b4 00000000 		.word	g_dbg_front_threshold
 1851 03b8 00000000 		.word	sample_tick
 1852 03bc 00000000 		.word	ir_pair_timeout_ms
 1853 03c0 00000000 		.word	ir_rear_event_count
 1854 03c4 00000000 		.word	ir_rear_event_sample
 1855 03c8 00000000 		.word	ir_rear_event_pending
 1856              	.L120:
 286:Core/Src/ir_acquisition.c ****             ir_front_event_sample = sample_tick;
 1857              		.loc 1 286 13 view .LVU556
 286:Core/Src/ir_acquisition.c ****             ir_front_event_sample = sample_tick;
 1858              		.loc 1 286 33 is_stmt 0 view .LVU557
 1859 03cc 084A     		ldr	r2, .L123
 1860 03ce 1368     		ldr	r3, [r2]
 1861 03d0 0133     		adds	r3, r3, #1
 1862 03d2 1360     		str	r3, [r2]
 287:Core/Src/ir_acquisition.c ****             ir_front_event_pending = true;
 1863              		.loc 1 287 13 is_stmt 1 view .LVU558
 287:Core/Src/ir_acquisition.c ****             ir_front_event_pending = true;
 1864              		.loc 1 287 35 is_stmt 0 view .LVU559
 1865 03d4 074B     		ldr	r3, .L123+4
 1866 03d6 1A68     		ldr	r2, [r3]
 1867 03d8 074B     		ldr	r3, .L123+8
 1868 03da 1A60     		str	r2, [r3]
 288:Core/Src/ir_acquisition.c ****             IR_PairEvent(true);
 1869              		.loc 1 288 13 is_stmt 1 view .LVU560
 288:Core/Src/ir_acquisition.c ****             IR_PairEvent(true);
 1870              		.loc 1 288 36 is_stmt 0 view .LVU561
 1871 03dc 074B     		ldr	r3, .L123+12
 1872 03de 0122     		movs	r2, #1
 1873 03e0 1A70     		strb	r2, [r3]
ARM GAS  C:\Users\24705\AppData\Local\Temp\ccUe9770.s 			page 43


 289:Core/Src/ir_acquisition.c ****         }
 1874              		.loc 1 289 13 is_stmt 1 view .LVU562
 1875 03e2 0120     		movs	r0, #1
 1876 03e4 FFF7FEFF 		bl	IR_PairEvent
 1877              	.LVL164:
 1878 03e8 07E7     		b	.L100
 1879              	.L113:
 294:Core/Src/ir_acquisition.c ****         if ((!front_detector.active && front_detector.confirm == 0U) ||
 1880              		.loc 1 294 67 is_stmt 0 discriminator 2 view .LVU563
 1881 03ea 054A     		ldr	r2, .L123+16
 1882 03ec 0DE7     		b	.L101
 1883              	.L124:
 1884 03ee C046     		.align	2
 1885              	.L123:
 1886 03f0 00000000 		.word	ir_front_event_count
 1887 03f4 00000000 		.word	sample_tick
 1888 03f8 00000000 		.word	ir_front_event_sample
 1889 03fc 00000000 		.word	ir_front_event_pending
 1890 0400 60EA0000 		.word	60000
 1891              	.LBE18:
 1892              		.cfi_endproc
 1893              	.LFE44:
 1895              		.section	.text.IR_Acquisition_SetDacCodes,"ax",%progbits
 1896              		.align	1
 1897              		.global	IR_Acquisition_SetDacCodes
 1898              		.syntax unified
 1899              		.code	16
 1900              		.thumb_func
 1902              	IR_Acquisition_SetDacCodes:
 1903              	.LVL165:
 1904              	.LFB46:
 305:Core/Src/ir_acquisition.c **** 
 306:Core/Src/ir_acquisition.c **** HAL_StatusTypeDef IR_Acquisition_Init(void)
 307:Core/Src/ir_acquisition.c **** {
 308:Core/Src/ir_acquisition.c ****     ADC_ChannelConfTypeDef channel = {0};
 309:Core/Src/ir_acquisition.c ****     DAC_ChannelConfTypeDef dac = {0};
 310:Core/Src/ir_acquisition.c ****     TIM_MasterConfigTypeDef master = {0};
 311:Core/Src/ir_acquisition.c ****     dac.DAC_Trigger = DAC_TRIGGER_NONE;
 312:Core/Src/ir_acquisition.c ****     dac.DAC_OutputBuffer = DAC_OUTPUTBUFFER_ENABLE;
 313:Core/Src/ir_acquisition.c ****     if (HAL_DAC_ConfigChannel(&hdac, &dac, DAC_CHANNEL_1) != HAL_OK ||
 314:Core/Src/ir_acquisition.c ****         HAL_DAC_ConfigChannel(&hdac, &dac, DAC_CHANNEL_2) != HAL_OK) return HAL_ERROR;
 315:Core/Src/ir_acquisition.c ****     if (IR_Acquisition_SetDacCodes(ir_dac1_code, ir_dac2_code) != HAL_OK) {
 316:Core/Src/ir_acquisition.c ****         return HAL_ERROR;
 317:Core/Src/ir_acquisition.c ****     }
 318:Core/Src/ir_acquisition.c ****     if (HAL_DAC_Start(&hdac, DAC_CHANNEL_1) != HAL_OK ||
 319:Core/Src/ir_acquisition.c ****         HAL_DAC_Start(&hdac, DAC_CHANNEL_2) != HAL_OK) return HAL_ERROR;
 320:Core/Src/ir_acquisition.c **** 
 321:Core/Src/ir_acquisition.c ****     __HAL_RCC_TIM3_CLK_ENABLE();
 322:Core/Src/ir_acquisition.c ****     htim3.Instance = TIM3;
 323:Core/Src/ir_acquisition.c ****     htim3.Init.Prescaler = 0U;
 324:Core/Src/ir_acquisition.c ****     htim3.Init.CounterMode = TIM_COUNTERMODE_UP;
 325:Core/Src/ir_acquisition.c ****     htim3.Init.Period = 2399U; /* 48 MHz / 2400 = 20 kHz per channel. */
 326:Core/Src/ir_acquisition.c ****     htim3.Init.ClockDivision = TIM_CLOCKDIVISION_DIV1;
 327:Core/Src/ir_acquisition.c ****     htim3.Init.AutoReloadPreload = TIM_AUTORELOAD_PRELOAD_DISABLE;
 328:Core/Src/ir_acquisition.c ****     if (HAL_TIM_Base_Init(&htim3) != HAL_OK) return HAL_ERROR;
 329:Core/Src/ir_acquisition.c ****     master.MasterOutputTrigger = TIM_TRGO_UPDATE;
 330:Core/Src/ir_acquisition.c ****     master.MasterSlaveMode = TIM_MASTERSLAVEMODE_DISABLE;
ARM GAS  C:\Users\24705\AppData\Local\Temp\ccUe9770.s 			page 44


 331:Core/Src/ir_acquisition.c ****     if (HAL_TIMEx_MasterConfigSynchronization(&htim3, &master) != HAL_OK) return HAL_ERROR;
 332:Core/Src/ir_acquisition.c **** 
 333:Core/Src/ir_acquisition.c ****     hadc.Instance = ADC1;
 334:Core/Src/ir_acquisition.c ****     hadc.Init.ClockPrescaler = ADC_CLOCK_SYNC_PCLK_DIV4;
 335:Core/Src/ir_acquisition.c ****     hadc.Init.Resolution = ADC_RESOLUTION_12B;
 336:Core/Src/ir_acquisition.c ****     hadc.Init.DataAlign = ADC_DATAALIGN_RIGHT;
 337:Core/Src/ir_acquisition.c ****     hadc.Init.ScanConvMode = ADC_SCAN_DIRECTION_FORWARD;
 338:Core/Src/ir_acquisition.c ****     hadc.Init.EOCSelection = ADC_EOC_SEQ_CONV;
 339:Core/Src/ir_acquisition.c ****     hadc.Init.LowPowerAutoWait = DISABLE;
 340:Core/Src/ir_acquisition.c ****     hadc.Init.LowPowerAutoPowerOff = DISABLE;
 341:Core/Src/ir_acquisition.c ****     hadc.Init.ContinuousConvMode = DISABLE;
 342:Core/Src/ir_acquisition.c ****     hadc.Init.DiscontinuousConvMode = DISABLE;
 343:Core/Src/ir_acquisition.c ****     hadc.Init.ExternalTrigConv = ADC_EXTERNALTRIGCONV_T3_TRGO;
 344:Core/Src/ir_acquisition.c ****     hadc.Init.ExternalTrigConvEdge = ADC_EXTERNALTRIGCONVEDGE_RISING;
 345:Core/Src/ir_acquisition.c ****     hadc.Init.DMAContinuousRequests = ENABLE;
 346:Core/Src/ir_acquisition.c ****     hadc.Init.Overrun = ADC_OVR_DATA_PRESERVED;
 347:Core/Src/ir_acquisition.c ****     if (HAL_ADC_Init(&hadc) != HAL_OK) return HAL_ERROR;
 348:Core/Src/ir_acquisition.c ****     /* 2 * (239.5 + 12.5) / 12 MHz = 42 us, below the 50 us trigger period. */
 349:Core/Src/ir_acquisition.c ****     channel.SamplingTime = ADC_SAMPLETIME_239CYCLES_5;
 350:Core/Src/ir_acquisition.c ****     channel.Rank = ADC_RANK_CHANNEL_NUMBER;
 351:Core/Src/ir_acquisition.c ****     channel.Channel = ADC_CHANNEL_1;
 352:Core/Src/ir_acquisition.c ****     if (HAL_ADC_ConfigChannel(&hadc, &channel) != HAL_OK) return HAL_ERROR;
 353:Core/Src/ir_acquisition.c ****     channel.Channel = ADC_CHANNEL_3;
 354:Core/Src/ir_acquisition.c ****     if (HAL_ADC_ConfigChannel(&hadc, &channel) != HAL_OK) return HAL_ERROR;
 355:Core/Src/ir_acquisition.c ****     if (HAL_ADCEx_Calibration_Start(&hadc) != HAL_OK) return HAL_ERROR;
 356:Core/Src/ir_acquisition.c ****     if (HAL_ADC_Start_DMA(&hadc, (uint32_t *)adc_dma_buf, IR_ADC_DMA_LENGTH) != HAL_OK) return HAL_
 357:Core/Src/ir_acquisition.c ****     if (HAL_TIM_Base_Start(&htim3) != HAL_OK) return HAL_ERROR;
 358:Core/Src/ir_acquisition.c ****     ir_acquisition_ready = true;
 359:Core/Src/ir_acquisition.c ****     g_sensor_detection_ready = false;
 360:Core/Src/ir_acquisition.c ****     baseline_ready = false;
 361:Core/Src/ir_acquisition.c ****     calibration_start_tick = HAL_GetTick();
 362:Core/Src/ir_acquisition.c ****     calibration_sample_count = 0U;
 363:Core/Src/ir_acquisition.c ****     for (uint16_t i = 0U; i < 256U; ++i) {
 364:Core/Src/ir_acquisition.c ****         rear_histogram[i] = 0U;
 365:Core/Src/ir_acquisition.c ****         front_histogram[i] = 0U;
 366:Core/Src/ir_acquisition.c ****     }
 367:Core/Src/ir_acquisition.c ****     ir_rear_event_pending = false;
 368:Core/Src/ir_acquisition.c ****     ir_front_event_pending = false;
 369:Core/Src/ir_acquisition.c ****     return HAL_OK;
 370:Core/Src/ir_acquisition.c **** }
 371:Core/Src/ir_acquisition.c **** 
 372:Core/Src/ir_acquisition.c **** HAL_StatusTypeDef IR_Acquisition_SetDacCodes(uint16_t dac1_code, uint16_t dac2_code)
 373:Core/Src/ir_acquisition.c **** {
 1905              		.loc 1 373 1 is_stmt 1 view -0
 1906              		.cfi_startproc
 1907              		@ args = 0, pretend = 0, frame = 0
 1908              		@ frame_needed = 0, uses_anonymous_args = 0
 1909              		.loc 1 373 1 is_stmt 0 view .LVU565
 1910 0000 10B5     		push	{r4, lr}
 1911              	.LCFI7:
 1912              		.cfi_def_cfa_offset 8
 1913              		.cfi_offset 4, -8
 1914              		.cfi_offset 14, -4
 374:Core/Src/ir_acquisition.c ****     ir_dac1_code = dac1_code > 4095U ? 4095U : dac1_code;
 1915              		.loc 1 374 5 is_stmt 1 view .LVU566
 1916              		.loc 1 374 46 is_stmt 0 view .LVU567
 1917 0002 031C     		adds	r3, r0, #0
ARM GAS  C:\Users\24705\AppData\Local\Temp\ccUe9770.s 			page 45


 1918 0004 8022     		movs	r2, #128
 1919 0006 5201     		lsls	r2, r2, #5
 1920 0008 9042     		cmp	r0, r2
 1921 000a 00D3     		bcc	.L126
 1922 000c 184B     		ldr	r3, .L132
 1923              	.L126:
 1924              		.loc 1 374 18 view .LVU568
 1925 000e 194A     		ldr	r2, .L132+4
 1926 0010 1380     		strh	r3, [r2]
 375:Core/Src/ir_acquisition.c ****     ir_dac2_code = dac2_code > 4095U ? 4095U : dac2_code;
 1927              		.loc 1 375 5 is_stmt 1 view .LVU569
 1928              		.loc 1 375 46 is_stmt 0 view .LVU570
 1929 0012 0B1C     		adds	r3, r1, #0
 1930 0014 8022     		movs	r2, #128
 1931 0016 5201     		lsls	r2, r2, #5
 1932 0018 9142     		cmp	r1, r2
 1933 001a 00D3     		bcc	.L127
 1934              		.loc 1 375 46 view .LVU571
 1935 001c 144B     		ldr	r3, .L132
 1936              	.L127:
 1937              		.loc 1 375 18 view .LVU572
 1938 001e 164A     		ldr	r2, .L132+8
 1939 0020 1380     		strh	r3, [r2]
 376:Core/Src/ir_acquisition.c ****     if (HAL_DAC_SetValue(&hdac, DAC_CHANNEL_1, DAC_ALIGN_12B_R, ir_dac1_code) != HAL_OK ||
 1940              		.loc 1 376 5 is_stmt 1 view .LVU573
 1941              		.loc 1 376 9 is_stmt 0 view .LVU574
 1942 0022 144B     		ldr	r3, .L132+4
 1943 0024 1B88     		ldrh	r3, [r3]
 1944 0026 9BB2     		uxth	r3, r3
 1945 0028 1448     		ldr	r0, .L132+12
 1946              	.LVL166:
 1947              		.loc 1 376 9 view .LVU575
 1948 002a 0022     		movs	r2, #0
 1949 002c 0021     		movs	r1, #0
 1950              	.LVL167:
 1951              		.loc 1 376 9 view .LVU576
 1952 002e FFF7FEFF 		bl	HAL_DAC_SetValue
 1953              	.LVL168:
 1954              		.loc 1 376 8 discriminator 1 view .LVU577
 1955 0032 0028     		cmp	r0, #0
 1956 0034 08D0     		beq	.L131
 1957              	.L128:
 377:Core/Src/ir_acquisition.c ****         HAL_DAC_SetValue(&hdac, DAC_CHANNEL_2, DAC_ALIGN_12B_R, ir_dac2_code) != HAL_OK) {
 378:Core/Src/ir_acquisition.c ****         adc_error_count++;
 1958              		.loc 1 378 9 is_stmt 1 view .LVU578
 1959              		.loc 1 378 24 is_stmt 0 view .LVU579
 1960 0036 124A     		ldr	r2, .L132+16
 1961 0038 1368     		ldr	r3, [r2]
 1962 003a 0133     		adds	r3, r3, #1
 1963 003c 1360     		str	r3, [r2]
 379:Core/Src/ir_acquisition.c ****         ir_acquisition_ready = false;
 1964              		.loc 1 379 9 is_stmt 1 view .LVU580
 1965              		.loc 1 379 30 is_stmt 0 view .LVU581
 1966 003e 114B     		ldr	r3, .L132+20
 1967 0040 0022     		movs	r2, #0
 1968 0042 1A70     		strb	r2, [r3]
 380:Core/Src/ir_acquisition.c ****         return HAL_ERROR;
ARM GAS  C:\Users\24705\AppData\Local\Temp\ccUe9770.s 			page 46


 1969              		.loc 1 380 9 is_stmt 1 view .LVU582
 1970              		.loc 1 380 16 is_stmt 0 view .LVU583
 1971 0044 0120     		movs	r0, #1
 1972              	.L130:
 381:Core/Src/ir_acquisition.c ****     }
 382:Core/Src/ir_acquisition.c ****     applied_dac1 = ir_dac1_code;
 383:Core/Src/ir_acquisition.c ****     applied_dac2 = ir_dac2_code;
 384:Core/Src/ir_acquisition.c ****     return HAL_OK;
 385:Core/Src/ir_acquisition.c **** }
 1973              		.loc 1 385 1 view .LVU584
 1974              		@ sp needed
 1975 0046 10BD     		pop	{r4, pc}
 1976              	.L131:
 377:Core/Src/ir_acquisition.c ****         adc_error_count++;
 1977              		.loc 1 377 9 view .LVU585
 1978 0048 0B4B     		ldr	r3, .L132+8
 1979 004a 1B88     		ldrh	r3, [r3]
 1980 004c 9BB2     		uxth	r3, r3
 1981 004e 0B48     		ldr	r0, .L132+12
 1982 0050 0022     		movs	r2, #0
 1983 0052 1021     		movs	r1, #16
 1984 0054 FFF7FEFF 		bl	HAL_DAC_SetValue
 1985              	.LVL169:
 376:Core/Src/ir_acquisition.c ****         HAL_DAC_SetValue(&hdac, DAC_CHANNEL_2, DAC_ALIGN_12B_R, ir_dac2_code) != HAL_OK) {
 1986              		.loc 1 376 89 discriminator 1 view .LVU586
 1987 0058 0028     		cmp	r0, #0
 1988 005a ECD1     		bne	.L128
 382:Core/Src/ir_acquisition.c ****     applied_dac2 = ir_dac2_code;
 1989              		.loc 1 382 5 is_stmt 1 view .LVU587
 382:Core/Src/ir_acquisition.c ****     applied_dac2 = ir_dac2_code;
 1990              		.loc 1 382 18 is_stmt 0 view .LVU588
 1991 005c 054B     		ldr	r3, .L132+4
 1992 005e 1A88     		ldrh	r2, [r3]
 1993 0060 094B     		ldr	r3, .L132+24
 1994 0062 1A80     		strh	r2, [r3]
 383:Core/Src/ir_acquisition.c ****     return HAL_OK;
 1995              		.loc 1 383 5 is_stmt 1 view .LVU589
 383:Core/Src/ir_acquisition.c ****     return HAL_OK;
 1996              		.loc 1 383 18 is_stmt 0 view .LVU590
 1997 0064 044B     		ldr	r3, .L132+8
 1998 0066 1A88     		ldrh	r2, [r3]
 1999 0068 084B     		ldr	r3, .L132+28
 2000 006a 1A80     		strh	r2, [r3]
 384:Core/Src/ir_acquisition.c **** }
 2001              		.loc 1 384 5 is_stmt 1 view .LVU591
 384:Core/Src/ir_acquisition.c **** }
 2002              		.loc 1 384 12 is_stmt 0 view .LVU592
 2003 006c EBE7     		b	.L130
 2004              	.L133:
 2005 006e C046     		.align	2
 2006              	.L132:
 2007 0070 FF0F0000 		.word	4095
 2008 0074 00000000 		.word	ir_dac1_code
 2009 0078 00000000 		.word	ir_dac2_code
 2010 007c 00000000 		.word	hdac
 2011 0080 00000000 		.word	adc_error_count
 2012 0084 00000000 		.word	ir_acquisition_ready
ARM GAS  C:\Users\24705\AppData\Local\Temp\ccUe9770.s 			page 47


 2013 0088 00000000 		.word	applied_dac1
 2014 008c 00000000 		.word	applied_dac2
 2015              		.cfi_endproc
 2016              	.LFE46:
 2018              		.section	.text.IR_Acquisition_Init,"ax",%progbits
 2019              		.align	1
 2020              		.global	IR_Acquisition_Init
 2021              		.syntax unified
 2022              		.code	16
 2023              		.thumb_func
 2025              	IR_Acquisition_Init:
 2026              	.LFB45:
 307:Core/Src/ir_acquisition.c ****     ADC_ChannelConfTypeDef channel = {0};
 2027              		.loc 1 307 1 is_stmt 1 view -0
 2028              		.cfi_startproc
 2029              		@ args = 0, pretend = 0, frame = 32
 2030              		@ frame_needed = 0, uses_anonymous_args = 0
 2031 0000 30B5     		push	{r4, r5, lr}
 2032              	.LCFI8:
 2033              		.cfi_def_cfa_offset 12
 2034              		.cfi_offset 4, -12
 2035              		.cfi_offset 5, -8
 2036              		.cfi_offset 14, -4
 2037 0002 89B0     		sub	sp, sp, #36
 2038              	.LCFI9:
 2039              		.cfi_def_cfa_offset 48
 308:Core/Src/ir_acquisition.c ****     DAC_ChannelConfTypeDef dac = {0};
 2040              		.loc 1 308 5 view .LVU594
 308:Core/Src/ir_acquisition.c ****     DAC_ChannelConfTypeDef dac = {0};
 2041              		.loc 1 308 28 is_stmt 0 view .LVU595
 2042 0004 0C22     		movs	r2, #12
 2043 0006 0021     		movs	r1, #0
 2044 0008 05A8     		add	r0, sp, #20
 2045 000a FFF7FEFF 		bl	memset
 2046              	.LVL170:
 309:Core/Src/ir_acquisition.c ****     TIM_MasterConfigTypeDef master = {0};
 2047              		.loc 1 309 5 is_stmt 1 view .LVU596
 309:Core/Src/ir_acquisition.c ****     TIM_MasterConfigTypeDef master = {0};
 2048              		.loc 1 309 28 is_stmt 0 view .LVU597
 2049 000e 03AC     		add	r4, sp, #12
 2050 0010 0822     		movs	r2, #8
 2051 0012 0021     		movs	r1, #0
 2052 0014 2000     		movs	r0, r4
 2053 0016 FFF7FEFF 		bl	memset
 2054              	.LVL171:
 310:Core/Src/ir_acquisition.c ****     dac.DAC_Trigger = DAC_TRIGGER_NONE;
 2055              		.loc 1 310 5 is_stmt 1 view .LVU598
 310:Core/Src/ir_acquisition.c ****     dac.DAC_Trigger = DAC_TRIGGER_NONE;
 2056              		.loc 1 310 29 is_stmt 0 view .LVU599
 2057 001a 0822     		movs	r2, #8
 2058 001c 0021     		movs	r1, #0
 2059 001e 01A8     		add	r0, sp, #4
 2060 0020 FFF7FEFF 		bl	memset
 2061              	.LVL172:
 311:Core/Src/ir_acquisition.c ****     dac.DAC_OutputBuffer = DAC_OUTPUTBUFFER_ENABLE;
 2062              		.loc 1 311 5 is_stmt 1 view .LVU600
 312:Core/Src/ir_acquisition.c ****     if (HAL_DAC_ConfigChannel(&hdac, &dac, DAC_CHANNEL_1) != HAL_OK ||
ARM GAS  C:\Users\24705\AppData\Local\Temp\ccUe9770.s 			page 48


 2063              		.loc 1 312 5 view .LVU601
 313:Core/Src/ir_acquisition.c ****         HAL_DAC_ConfigChannel(&hdac, &dac, DAC_CHANNEL_2) != HAL_OK) return HAL_ERROR;
 2064              		.loc 1 313 5 view .LVU602
 313:Core/Src/ir_acquisition.c ****         HAL_DAC_ConfigChannel(&hdac, &dac, DAC_CHANNEL_2) != HAL_OK) return HAL_ERROR;
 2065              		.loc 1 313 9 is_stmt 0 view .LVU603
 2066 0024 5F48     		ldr	r0, .L162
 2067 0026 0022     		movs	r2, #0
 2068 0028 2100     		movs	r1, r4
 2069 002a FFF7FEFF 		bl	HAL_DAC_ConfigChannel
 2070              	.LVL173:
 313:Core/Src/ir_acquisition.c ****         HAL_DAC_ConfigChannel(&hdac, &dac, DAC_CHANNEL_2) != HAL_OK) return HAL_ERROR;
 2071              		.loc 1 313 8 discriminator 1 view .LVU604
 2072 002e 0028     		cmp	r0, #0
 2073 0030 03D0     		beq	.L151
 2074              	.L135:
 314:Core/Src/ir_acquisition.c ****     if (IR_Acquisition_SetDacCodes(ir_dac1_code, ir_dac2_code) != HAL_OK) {
 2075              		.loc 1 314 70 is_stmt 1 view .LVU605
 314:Core/Src/ir_acquisition.c ****     if (IR_Acquisition_SetDacCodes(ir_dac1_code, ir_dac2_code) != HAL_OK) {
 2076              		.loc 1 314 77 is_stmt 0 view .LVU606
 2077 0032 0124     		movs	r4, #1
 2078              	.L137:
 370:Core/Src/ir_acquisition.c **** 
 2079              		.loc 1 370 1 view .LVU607
 2080 0034 2000     		movs	r0, r4
 2081 0036 09B0     		add	sp, sp, #36
 2082              		@ sp needed
 2083 0038 30BD     		pop	{r4, r5, pc}
 2084              	.L151:
 314:Core/Src/ir_acquisition.c ****     if (IR_Acquisition_SetDacCodes(ir_dac1_code, ir_dac2_code) != HAL_OK) {
 2085              		.loc 1 314 9 view .LVU608
 2086 003a 5A48     		ldr	r0, .L162
 2087 003c 1022     		movs	r2, #16
 2088 003e 2100     		movs	r1, r4
 2089 0040 FFF7FEFF 		bl	HAL_DAC_ConfigChannel
 2090              	.LVL174:
 313:Core/Src/ir_acquisition.c ****         HAL_DAC_ConfigChannel(&hdac, &dac, DAC_CHANNEL_2) != HAL_OK) return HAL_ERROR;
 2091              		.loc 1 313 69 discriminator 1 view .LVU609
 2092 0044 0028     		cmp	r0, #0
 2093 0046 F4D1     		bne	.L135
 315:Core/Src/ir_acquisition.c ****         return HAL_ERROR;
 2094              		.loc 1 315 5 is_stmt 1 view .LVU610
 315:Core/Src/ir_acquisition.c ****         return HAL_ERROR;
 2095              		.loc 1 315 9 is_stmt 0 view .LVU611
 2096 0048 574B     		ldr	r3, .L162+4
 2097 004a 1888     		ldrh	r0, [r3]
 2098 004c 80B2     		uxth	r0, r0
 2099 004e 574B     		ldr	r3, .L162+8
 2100 0050 1988     		ldrh	r1, [r3]
 2101 0052 89B2     		uxth	r1, r1
 2102 0054 FFF7FEFF 		bl	IR_Acquisition_SetDacCodes
 2103              	.LVL175:
 315:Core/Src/ir_acquisition.c ****         return HAL_ERROR;
 2104              		.loc 1 315 8 discriminator 1 view .LVU612
 2105 0058 0028     		cmp	r0, #0
 2106 005a 01D0     		beq	.L152
 316:Core/Src/ir_acquisition.c ****     }
 2107              		.loc 1 316 16 view .LVU613
ARM GAS  C:\Users\24705\AppData\Local\Temp\ccUe9770.s 			page 49


 2108 005c 0124     		movs	r4, #1
 2109 005e E9E7     		b	.L137
 2110              	.L152:
 318:Core/Src/ir_acquisition.c ****         HAL_DAC_Start(&hdac, DAC_CHANNEL_2) != HAL_OK) return HAL_ERROR;
 2111              		.loc 1 318 5 is_stmt 1 view .LVU614
 318:Core/Src/ir_acquisition.c ****         HAL_DAC_Start(&hdac, DAC_CHANNEL_2) != HAL_OK) return HAL_ERROR;
 2112              		.loc 1 318 9 is_stmt 0 view .LVU615
 2113 0060 5048     		ldr	r0, .L162
 2114 0062 0021     		movs	r1, #0
 2115 0064 FFF7FEFF 		bl	HAL_DAC_Start
 2116              	.LVL176:
 318:Core/Src/ir_acquisition.c ****         HAL_DAC_Start(&hdac, DAC_CHANNEL_2) != HAL_OK) return HAL_ERROR;
 2117              		.loc 1 318 8 discriminator 1 view .LVU616
 2118 0068 0028     		cmp	r0, #0
 2119 006a 01D0     		beq	.L153
 2120              	.L138:
 319:Core/Src/ir_acquisition.c **** 
 2121              		.loc 1 319 56 is_stmt 1 view .LVU617
 319:Core/Src/ir_acquisition.c **** 
 2122              		.loc 1 319 63 is_stmt 0 view .LVU618
 2123 006c 0124     		movs	r4, #1
 2124 006e E1E7     		b	.L137
 2125              	.L153:
 319:Core/Src/ir_acquisition.c **** 
 2126              		.loc 1 319 9 view .LVU619
 2127 0070 4C48     		ldr	r0, .L162
 2128 0072 1021     		movs	r1, #16
 2129 0074 FFF7FEFF 		bl	HAL_DAC_Start
 2130              	.LVL177:
 318:Core/Src/ir_acquisition.c ****         HAL_DAC_Start(&hdac, DAC_CHANNEL_2) != HAL_OK) return HAL_ERROR;
 2131              		.loc 1 318 55 discriminator 1 view .LVU620
 2132 0078 0028     		cmp	r0, #0
 2133 007a F7D1     		bne	.L138
 321:Core/Src/ir_acquisition.c ****     htim3.Instance = TIM3;
 2134              		.loc 1 321 5 is_stmt 1 view .LVU621
 2135              	.LBB19:
 321:Core/Src/ir_acquisition.c ****     htim3.Instance = TIM3;
 2136              		.loc 1 321 5 view .LVU622
 321:Core/Src/ir_acquisition.c ****     htim3.Instance = TIM3;
 2137              		.loc 1 321 5 view .LVU623
 2138 007c 4C4A     		ldr	r2, .L162+12
 2139 007e D169     		ldr	r1, [r2, #28]
 2140 0080 0223     		movs	r3, #2
 2141 0082 1943     		orrs	r1, r3
 2142 0084 D161     		str	r1, [r2, #28]
 321:Core/Src/ir_acquisition.c ****     htim3.Instance = TIM3;
 2143              		.loc 1 321 5 view .LVU624
 2144 0086 D269     		ldr	r2, [r2, #28]
 2145 0088 1340     		ands	r3, r2
 2146 008a 0093     		str	r3, [sp]
 321:Core/Src/ir_acquisition.c ****     htim3.Instance = TIM3;
 2147              		.loc 1 321 5 view .LVU625
 2148 008c 009B     		ldr	r3, [sp]
 2149              	.LBE19:
 321:Core/Src/ir_acquisition.c ****     htim3.Instance = TIM3;
 2150              		.loc 1 321 5 view .LVU626
 322:Core/Src/ir_acquisition.c ****     htim3.Init.Prescaler = 0U;
ARM GAS  C:\Users\24705\AppData\Local\Temp\ccUe9770.s 			page 50


 2151              		.loc 1 322 5 view .LVU627
 322:Core/Src/ir_acquisition.c ****     htim3.Init.Prescaler = 0U;
 2152              		.loc 1 322 20 is_stmt 0 view .LVU628
 2153 008e 4948     		ldr	r0, .L162+16
 2154 0090 494B     		ldr	r3, .L162+20
 2155 0092 0360     		str	r3, [r0]
 323:Core/Src/ir_acquisition.c ****     htim3.Init.CounterMode = TIM_COUNTERMODE_UP;
 2156              		.loc 1 323 5 is_stmt 1 view .LVU629
 323:Core/Src/ir_acquisition.c ****     htim3.Init.CounterMode = TIM_COUNTERMODE_UP;
 2157              		.loc 1 323 26 is_stmt 0 view .LVU630
 2158 0094 0023     		movs	r3, #0
 2159 0096 4360     		str	r3, [r0, #4]
 324:Core/Src/ir_acquisition.c ****     htim3.Init.Period = 2399U; /* 48 MHz / 2400 = 20 kHz per channel. */
 2160              		.loc 1 324 5 is_stmt 1 view .LVU631
 324:Core/Src/ir_acquisition.c ****     htim3.Init.Period = 2399U; /* 48 MHz / 2400 = 20 kHz per channel. */
 2161              		.loc 1 324 28 is_stmt 0 view .LVU632
 2162 0098 8360     		str	r3, [r0, #8]
 325:Core/Src/ir_acquisition.c ****     htim3.Init.ClockDivision = TIM_CLOCKDIVISION_DIV1;
 2163              		.loc 1 325 5 is_stmt 1 view .LVU633
 325:Core/Src/ir_acquisition.c ****     htim3.Init.ClockDivision = TIM_CLOCKDIVISION_DIV1;
 2164              		.loc 1 325 23 is_stmt 0 view .LVU634
 2165 009a 484A     		ldr	r2, .L162+24
 2166 009c C260     		str	r2, [r0, #12]
 326:Core/Src/ir_acquisition.c ****     htim3.Init.AutoReloadPreload = TIM_AUTORELOAD_PRELOAD_DISABLE;
 2167              		.loc 1 326 5 is_stmt 1 view .LVU635
 326:Core/Src/ir_acquisition.c ****     htim3.Init.AutoReloadPreload = TIM_AUTORELOAD_PRELOAD_DISABLE;
 2168              		.loc 1 326 30 is_stmt 0 view .LVU636
 2169 009e 0361     		str	r3, [r0, #16]
 327:Core/Src/ir_acquisition.c ****     if (HAL_TIM_Base_Init(&htim3) != HAL_OK) return HAL_ERROR;
 2170              		.loc 1 327 5 is_stmt 1 view .LVU637
 327:Core/Src/ir_acquisition.c ****     if (HAL_TIM_Base_Init(&htim3) != HAL_OK) return HAL_ERROR;
 2171              		.loc 1 327 34 is_stmt 0 view .LVU638
 2172 00a0 8361     		str	r3, [r0, #24]
 328:Core/Src/ir_acquisition.c ****     master.MasterOutputTrigger = TIM_TRGO_UPDATE;
 2173              		.loc 1 328 5 is_stmt 1 view .LVU639
 328:Core/Src/ir_acquisition.c ****     master.MasterOutputTrigger = TIM_TRGO_UPDATE;
 2174              		.loc 1 328 9 is_stmt 0 view .LVU640
 2175 00a2 FFF7FEFF 		bl	HAL_TIM_Base_Init
 2176              	.LVL178:
 328:Core/Src/ir_acquisition.c ****     master.MasterOutputTrigger = TIM_TRGO_UPDATE;
 2177              		.loc 1 328 8 discriminator 1 view .LVU641
 2178 00a6 0028     		cmp	r0, #0
 2179 00a8 01D0     		beq	.L154
 328:Core/Src/ir_acquisition.c ****     master.MasterOutputTrigger = TIM_TRGO_UPDATE;
 2180              		.loc 1 328 53 discriminator 1 view .LVU642
 2181 00aa 0124     		movs	r4, #1
 2182 00ac C2E7     		b	.L137
 2183              	.L154:
 329:Core/Src/ir_acquisition.c ****     master.MasterSlaveMode = TIM_MASTERSLAVEMODE_DISABLE;
 2184              		.loc 1 329 5 is_stmt 1 view .LVU643
 329:Core/Src/ir_acquisition.c ****     master.MasterSlaveMode = TIM_MASTERSLAVEMODE_DISABLE;
 2185              		.loc 1 329 32 is_stmt 0 view .LVU644
 2186 00ae 01A9     		add	r1, sp, #4
 2187 00b0 2023     		movs	r3, #32
 2188 00b2 0193     		str	r3, [sp, #4]
 330:Core/Src/ir_acquisition.c ****     if (HAL_TIMEx_MasterConfigSynchronization(&htim3, &master) != HAL_OK) return HAL_ERROR;
 2189              		.loc 1 330 5 is_stmt 1 view .LVU645
ARM GAS  C:\Users\24705\AppData\Local\Temp\ccUe9770.s 			page 51


 330:Core/Src/ir_acquisition.c ****     if (HAL_TIMEx_MasterConfigSynchronization(&htim3, &master) != HAL_OK) return HAL_ERROR;
 2190              		.loc 1 330 28 is_stmt 0 view .LVU646
 2191 00b4 0023     		movs	r3, #0
 2192 00b6 4B60     		str	r3, [r1, #4]
 331:Core/Src/ir_acquisition.c **** 
 2193              		.loc 1 331 5 is_stmt 1 view .LVU647
 331:Core/Src/ir_acquisition.c **** 
 2194              		.loc 1 331 9 is_stmt 0 view .LVU648
 2195 00b8 3E48     		ldr	r0, .L162+16
 2196 00ba FFF7FEFF 		bl	HAL_TIMEx_MasterConfigSynchronization
 2197              	.LVL179:
 331:Core/Src/ir_acquisition.c **** 
 2198              		.loc 1 331 8 discriminator 1 view .LVU649
 2199 00be 0028     		cmp	r0, #0
 2200 00c0 01D0     		beq	.L155
 331:Core/Src/ir_acquisition.c **** 
 2201              		.loc 1 331 82 discriminator 1 view .LVU650
 2202 00c2 0124     		movs	r4, #1
 2203 00c4 B6E7     		b	.L137
 2204              	.L155:
 333:Core/Src/ir_acquisition.c ****     hadc.Init.ClockPrescaler = ADC_CLOCK_SYNC_PCLK_DIV4;
 2205              		.loc 1 333 5 is_stmt 1 view .LVU651
 333:Core/Src/ir_acquisition.c ****     hadc.Init.ClockPrescaler = ADC_CLOCK_SYNC_PCLK_DIV4;
 2206              		.loc 1 333 19 is_stmt 0 view .LVU652
 2207 00c6 3E48     		ldr	r0, .L162+28
 2208 00c8 3E4B     		ldr	r3, .L162+32
 2209 00ca 0360     		str	r3, [r0]
 334:Core/Src/ir_acquisition.c ****     hadc.Init.Resolution = ADC_RESOLUTION_12B;
 2210              		.loc 1 334 5 is_stmt 1 view .LVU653
 334:Core/Src/ir_acquisition.c ****     hadc.Init.Resolution = ADC_RESOLUTION_12B;
 2211              		.loc 1 334 30 is_stmt 0 view .LVU654
 2212 00cc 8023     		movs	r3, #128
 2213 00ce 1B06     		lsls	r3, r3, #24
 2214 00d0 4360     		str	r3, [r0, #4]
 335:Core/Src/ir_acquisition.c ****     hadc.Init.DataAlign = ADC_DATAALIGN_RIGHT;
 2215              		.loc 1 335 5 is_stmt 1 view .LVU655
 335:Core/Src/ir_acquisition.c ****     hadc.Init.DataAlign = ADC_DATAALIGN_RIGHT;
 2216              		.loc 1 335 26 is_stmt 0 view .LVU656
 2217 00d2 0023     		movs	r3, #0
 2218 00d4 8360     		str	r3, [r0, #8]
 336:Core/Src/ir_acquisition.c ****     hadc.Init.ScanConvMode = ADC_SCAN_DIRECTION_FORWARD;
 2219              		.loc 1 336 5 is_stmt 1 view .LVU657
 336:Core/Src/ir_acquisition.c ****     hadc.Init.ScanConvMode = ADC_SCAN_DIRECTION_FORWARD;
 2220              		.loc 1 336 25 is_stmt 0 view .LVU658
 2221 00d6 C360     		str	r3, [r0, #12]
 337:Core/Src/ir_acquisition.c ****     hadc.Init.EOCSelection = ADC_EOC_SEQ_CONV;
 2222              		.loc 1 337 5 is_stmt 1 view .LVU659
 337:Core/Src/ir_acquisition.c ****     hadc.Init.EOCSelection = ADC_EOC_SEQ_CONV;
 2223              		.loc 1 337 28 is_stmt 0 view .LVU660
 2224 00d8 0122     		movs	r2, #1
 2225 00da 0261     		str	r2, [r0, #16]
 338:Core/Src/ir_acquisition.c ****     hadc.Init.LowPowerAutoWait = DISABLE;
 2226              		.loc 1 338 5 is_stmt 1 view .LVU661
 338:Core/Src/ir_acquisition.c ****     hadc.Init.LowPowerAutoWait = DISABLE;
 2227              		.loc 1 338 28 is_stmt 0 view .LVU662
 2228 00dc 0821     		movs	r1, #8
 2229 00de 4161     		str	r1, [r0, #20]
ARM GAS  C:\Users\24705\AppData\Local\Temp\ccUe9770.s 			page 52


 339:Core/Src/ir_acquisition.c ****     hadc.Init.LowPowerAutoPowerOff = DISABLE;
 2230              		.loc 1 339 5 is_stmt 1 view .LVU663
 339:Core/Src/ir_acquisition.c ****     hadc.Init.LowPowerAutoPowerOff = DISABLE;
 2231              		.loc 1 339 32 is_stmt 0 view .LVU664
 2232 00e0 0376     		strb	r3, [r0, #24]
 340:Core/Src/ir_acquisition.c ****     hadc.Init.ContinuousConvMode = DISABLE;
 2233              		.loc 1 340 5 is_stmt 1 view .LVU665
 340:Core/Src/ir_acquisition.c ****     hadc.Init.ContinuousConvMode = DISABLE;
 2234              		.loc 1 340 36 is_stmt 0 view .LVU666
 2235 00e2 4376     		strb	r3, [r0, #25]
 341:Core/Src/ir_acquisition.c ****     hadc.Init.DiscontinuousConvMode = DISABLE;
 2236              		.loc 1 341 5 is_stmt 1 view .LVU667
 341:Core/Src/ir_acquisition.c ****     hadc.Init.DiscontinuousConvMode = DISABLE;
 2237              		.loc 1 341 34 is_stmt 0 view .LVU668
 2238 00e4 8376     		strb	r3, [r0, #26]
 342:Core/Src/ir_acquisition.c ****     hadc.Init.ExternalTrigConv = ADC_EXTERNALTRIGCONV_T3_TRGO;
 2239              		.loc 1 342 5 is_stmt 1 view .LVU669
 342:Core/Src/ir_acquisition.c ****     hadc.Init.ExternalTrigConv = ADC_EXTERNALTRIGCONV_T3_TRGO;
 2240              		.loc 1 342 37 is_stmt 0 view .LVU670
 2241 00e6 C376     		strb	r3, [r0, #27]
 343:Core/Src/ir_acquisition.c ****     hadc.Init.ExternalTrigConvEdge = ADC_EXTERNALTRIGCONVEDGE_RISING;
 2242              		.loc 1 343 5 is_stmt 1 view .LVU671
 343:Core/Src/ir_acquisition.c ****     hadc.Init.ExternalTrigConvEdge = ADC_EXTERNALTRIGCONVEDGE_RISING;
 2243              		.loc 1 343 32 is_stmt 0 view .LVU672
 2244 00e8 C033     		adds	r3, r3, #192
 2245 00ea C361     		str	r3, [r0, #28]
 344:Core/Src/ir_acquisition.c ****     hadc.Init.DMAContinuousRequests = ENABLE;
 2246              		.loc 1 344 5 is_stmt 1 view .LVU673
 344:Core/Src/ir_acquisition.c ****     hadc.Init.DMAContinuousRequests = ENABLE;
 2247              		.loc 1 344 36 is_stmt 0 view .LVU674
 2248 00ec 8023     		movs	r3, #128
 2249 00ee DB00     		lsls	r3, r3, #3
 2250 00f0 0362     		str	r3, [r0, #32]
 345:Core/Src/ir_acquisition.c ****     hadc.Init.Overrun = ADC_OVR_DATA_PRESERVED;
 2251              		.loc 1 345 5 is_stmt 1 view .LVU675
 345:Core/Src/ir_acquisition.c ****     hadc.Init.Overrun = ADC_OVR_DATA_PRESERVED;
 2252              		.loc 1 345 37 is_stmt 0 view .LVU676
 2253 00f2 2423     		movs	r3, #36
 2254 00f4 C254     		strb	r2, [r0, r3]
 346:Core/Src/ir_acquisition.c ****     if (HAL_ADC_Init(&hadc) != HAL_OK) return HAL_ERROR;
 2255              		.loc 1 346 5 is_stmt 1 view .LVU677
 346:Core/Src/ir_acquisition.c ****     if (HAL_ADC_Init(&hadc) != HAL_OK) return HAL_ERROR;
 2256              		.loc 1 346 23 is_stmt 0 view .LVU678
 2257 00f6 8262     		str	r2, [r0, #40]
 347:Core/Src/ir_acquisition.c ****     /* 2 * (239.5 + 12.5) / 12 MHz = 42 us, below the 50 us trigger period. */
 2258              		.loc 1 347 5 is_stmt 1 view .LVU679
 347:Core/Src/ir_acquisition.c ****     /* 2 * (239.5 + 12.5) / 12 MHz = 42 us, below the 50 us trigger period. */
 2259              		.loc 1 347 9 is_stmt 0 view .LVU680
 2260 00f8 FFF7FEFF 		bl	HAL_ADC_Init
 2261              	.LVL180:
 347:Core/Src/ir_acquisition.c ****     /* 2 * (239.5 + 12.5) / 12 MHz = 42 us, below the 50 us trigger period. */
 2262              		.loc 1 347 8 discriminator 1 view .LVU681
 2263 00fc 0028     		cmp	r0, #0
 2264 00fe 01D0     		beq	.L156
 347:Core/Src/ir_acquisition.c ****     /* 2 * (239.5 + 12.5) / 12 MHz = 42 us, below the 50 us trigger period. */
 2265              		.loc 1 347 47 discriminator 1 view .LVU682
 2266 0100 0124     		movs	r4, #1
ARM GAS  C:\Users\24705\AppData\Local\Temp\ccUe9770.s 			page 53


 2267 0102 97E7     		b	.L137
 2268              	.L156:
 349:Core/Src/ir_acquisition.c ****     channel.Rank = ADC_RANK_CHANNEL_NUMBER;
 2269              		.loc 1 349 5 is_stmt 1 view .LVU683
 349:Core/Src/ir_acquisition.c ****     channel.Rank = ADC_RANK_CHANNEL_NUMBER;
 2270              		.loc 1 349 26 is_stmt 0 view .LVU684
 2271 0104 05A9     		add	r1, sp, #20
 2272 0106 0723     		movs	r3, #7
 2273 0108 8B60     		str	r3, [r1, #8]
 350:Core/Src/ir_acquisition.c ****     channel.Channel = ADC_CHANNEL_1;
 2274              		.loc 1 350 5 is_stmt 1 view .LVU685
 350:Core/Src/ir_acquisition.c ****     channel.Channel = ADC_CHANNEL_1;
 2275              		.loc 1 350 18 is_stmt 0 view .LVU686
 2276 010a 8023     		movs	r3, #128
 2277 010c 5B01     		lsls	r3, r3, #5
 2278 010e 4B60     		str	r3, [r1, #4]
 351:Core/Src/ir_acquisition.c ****     if (HAL_ADC_ConfigChannel(&hadc, &channel) != HAL_OK) return HAL_ERROR;
 2279              		.loc 1 351 5 is_stmt 1 view .LVU687
 351:Core/Src/ir_acquisition.c ****     if (HAL_ADC_ConfigChannel(&hadc, &channel) != HAL_OK) return HAL_ERROR;
 2280              		.loc 1 351 21 is_stmt 0 view .LVU688
 2281 0110 0123     		movs	r3, #1
 2282 0112 0593     		str	r3, [sp, #20]
 352:Core/Src/ir_acquisition.c ****     channel.Channel = ADC_CHANNEL_3;
 2283              		.loc 1 352 5 is_stmt 1 view .LVU689
 352:Core/Src/ir_acquisition.c ****     channel.Channel = ADC_CHANNEL_3;
 2284              		.loc 1 352 9 is_stmt 0 view .LVU690
 2285 0114 2A48     		ldr	r0, .L162+28
 2286 0116 FFF7FEFF 		bl	HAL_ADC_ConfigChannel
 2287              	.LVL181:
 352:Core/Src/ir_acquisition.c ****     channel.Channel = ADC_CHANNEL_3;
 2288              		.loc 1 352 8 discriminator 1 view .LVU691
 2289 011a 0028     		cmp	r0, #0
 2290 011c 01D0     		beq	.L157
 352:Core/Src/ir_acquisition.c ****     channel.Channel = ADC_CHANNEL_3;
 2291              		.loc 1 352 66 discriminator 1 view .LVU692
 2292 011e 0124     		movs	r4, #1
 2293 0120 88E7     		b	.L137
 2294              	.L157:
 353:Core/Src/ir_acquisition.c ****     if (HAL_ADC_ConfigChannel(&hadc, &channel) != HAL_OK) return HAL_ERROR;
 2295              		.loc 1 353 5 is_stmt 1 view .LVU693
 353:Core/Src/ir_acquisition.c ****     if (HAL_ADC_ConfigChannel(&hadc, &channel) != HAL_OK) return HAL_ERROR;
 2296              		.loc 1 353 21 is_stmt 0 view .LVU694
 2297 0122 0323     		movs	r3, #3
 2298 0124 0593     		str	r3, [sp, #20]
 354:Core/Src/ir_acquisition.c ****     if (HAL_ADCEx_Calibration_Start(&hadc) != HAL_OK) return HAL_ERROR;
 2299              		.loc 1 354 5 is_stmt 1 view .LVU695
 354:Core/Src/ir_acquisition.c ****     if (HAL_ADCEx_Calibration_Start(&hadc) != HAL_OK) return HAL_ERROR;
 2300              		.loc 1 354 9 is_stmt 0 view .LVU696
 2301 0126 2648     		ldr	r0, .L162+28
 2302 0128 05A9     		add	r1, sp, #20
 2303 012a FFF7FEFF 		bl	HAL_ADC_ConfigChannel
 2304              	.LVL182:
 354:Core/Src/ir_acquisition.c ****     if (HAL_ADCEx_Calibration_Start(&hadc) != HAL_OK) return HAL_ERROR;
 2305              		.loc 1 354 8 discriminator 1 view .LVU697
 2306 012e 0028     		cmp	r0, #0
 2307 0130 01D0     		beq	.L158
 354:Core/Src/ir_acquisition.c ****     if (HAL_ADCEx_Calibration_Start(&hadc) != HAL_OK) return HAL_ERROR;
ARM GAS  C:\Users\24705\AppData\Local\Temp\ccUe9770.s 			page 54


 2308              		.loc 1 354 66 discriminator 1 view .LVU698
 2309 0132 0124     		movs	r4, #1
 2310 0134 7EE7     		b	.L137
 2311              	.L158:
 355:Core/Src/ir_acquisition.c ****     if (HAL_ADC_Start_DMA(&hadc, (uint32_t *)adc_dma_buf, IR_ADC_DMA_LENGTH) != HAL_OK) return HAL_
 2312              		.loc 1 355 5 is_stmt 1 view .LVU699
 355:Core/Src/ir_acquisition.c ****     if (HAL_ADC_Start_DMA(&hadc, (uint32_t *)adc_dma_buf, IR_ADC_DMA_LENGTH) != HAL_OK) return HAL_
 2313              		.loc 1 355 9 is_stmt 0 view .LVU700
 2314 0136 2248     		ldr	r0, .L162+28
 2315 0138 FFF7FEFF 		bl	HAL_ADCEx_Calibration_Start
 2316              	.LVL183:
 355:Core/Src/ir_acquisition.c ****     if (HAL_ADC_Start_DMA(&hadc, (uint32_t *)adc_dma_buf, IR_ADC_DMA_LENGTH) != HAL_OK) return HAL_
 2317              		.loc 1 355 8 discriminator 1 view .LVU701
 2318 013c 0028     		cmp	r0, #0
 2319 013e 01D0     		beq	.L159
 355:Core/Src/ir_acquisition.c ****     if (HAL_ADC_Start_DMA(&hadc, (uint32_t *)adc_dma_buf, IR_ADC_DMA_LENGTH) != HAL_OK) return HAL_
 2320              		.loc 1 355 62 discriminator 1 view .LVU702
 2321 0140 0124     		movs	r4, #1
 2322 0142 77E7     		b	.L137
 2323              	.L159:
 356:Core/Src/ir_acquisition.c ****     if (HAL_TIM_Base_Start(&htim3) != HAL_OK) return HAL_ERROR;
 2324              		.loc 1 356 5 is_stmt 1 view .LVU703
 356:Core/Src/ir_acquisition.c ****     if (HAL_TIM_Base_Start(&htim3) != HAL_OK) return HAL_ERROR;
 2325              		.loc 1 356 9 is_stmt 0 view .LVU704
 2326 0144 2049     		ldr	r1, .L162+36
 2327 0146 1E48     		ldr	r0, .L162+28
 2328 0148 2022     		movs	r2, #32
 2329 014a FFF7FEFF 		bl	HAL_ADC_Start_DMA
 2330              	.LVL184:
 356:Core/Src/ir_acquisition.c ****     if (HAL_TIM_Base_Start(&htim3) != HAL_OK) return HAL_ERROR;
 2331              		.loc 1 356 8 discriminator 1 view .LVU705
 2332 014e 0028     		cmp	r0, #0
 2333 0150 01D0     		beq	.L160
 356:Core/Src/ir_acquisition.c ****     if (HAL_TIM_Base_Start(&htim3) != HAL_OK) return HAL_ERROR;
 2334              		.loc 1 356 96 discriminator 1 view .LVU706
 2335 0152 0124     		movs	r4, #1
 2336 0154 6EE7     		b	.L137
 2337              	.L160:
 357:Core/Src/ir_acquisition.c ****     ir_acquisition_ready = true;
 2338              		.loc 1 357 5 is_stmt 1 view .LVU707
 357:Core/Src/ir_acquisition.c ****     ir_acquisition_ready = true;
 2339              		.loc 1 357 9 is_stmt 0 view .LVU708
 2340 0156 1748     		ldr	r0, .L162+16
 2341 0158 FFF7FEFF 		bl	HAL_TIM_Base_Start
 2342              	.LVL185:
 2343 015c 041E     		subs	r4, r0, #0
 357:Core/Src/ir_acquisition.c ****     ir_acquisition_ready = true;
 2344              		.loc 1 357 8 discriminator 1 view .LVU709
 2345 015e 01D0     		beq	.L161
 357:Core/Src/ir_acquisition.c ****     ir_acquisition_ready = true;
 2346              		.loc 1 357 54 discriminator 1 view .LVU710
 2347 0160 0124     		movs	r4, #1
 2348 0162 67E7     		b	.L137
 2349              	.L161:
 358:Core/Src/ir_acquisition.c ****     g_sensor_detection_ready = false;
 2350              		.loc 1 358 5 is_stmt 1 view .LVU711
 358:Core/Src/ir_acquisition.c ****     g_sensor_detection_ready = false;
ARM GAS  C:\Users\24705\AppData\Local\Temp\ccUe9770.s 			page 55


 2351              		.loc 1 358 26 is_stmt 0 view .LVU712
 2352 0164 194B     		ldr	r3, .L162+40
 2353 0166 0122     		movs	r2, #1
 2354 0168 1A70     		strb	r2, [r3]
 359:Core/Src/ir_acquisition.c ****     baseline_ready = false;
 2355              		.loc 1 359 5 is_stmt 1 view .LVU713
 359:Core/Src/ir_acquisition.c ****     baseline_ready = false;
 2356              		.loc 1 359 30 is_stmt 0 view .LVU714
 2357 016a 194B     		ldr	r3, .L162+44
 2358 016c 0025     		movs	r5, #0
 2359 016e 1D70     		strb	r5, [r3]
 360:Core/Src/ir_acquisition.c ****     calibration_start_tick = HAL_GetTick();
 2360              		.loc 1 360 5 is_stmt 1 view .LVU715
 360:Core/Src/ir_acquisition.c ****     calibration_start_tick = HAL_GetTick();
 2361              		.loc 1 360 20 is_stmt 0 view .LVU716
 2362 0170 184B     		ldr	r3, .L162+48
 2363 0172 1D70     		strb	r5, [r3]
 361:Core/Src/ir_acquisition.c ****     calibration_sample_count = 0U;
 2364              		.loc 1 361 5 is_stmt 1 view .LVU717
 361:Core/Src/ir_acquisition.c ****     calibration_sample_count = 0U;
 2365              		.loc 1 361 30 is_stmt 0 view .LVU718
 2366 0174 FFF7FEFF 		bl	HAL_GetTick
 2367              	.LVL186:
 361:Core/Src/ir_acquisition.c ****     calibration_sample_count = 0U;
 2368              		.loc 1 361 28 discriminator 1 view .LVU719
 2369 0178 174B     		ldr	r3, .L162+52
 2370 017a 1860     		str	r0, [r3]
 362:Core/Src/ir_acquisition.c ****     for (uint16_t i = 0U; i < 256U; ++i) {
 2371              		.loc 1 362 5 is_stmt 1 view .LVU720
 362:Core/Src/ir_acquisition.c ****     for (uint16_t i = 0U; i < 256U; ++i) {
 2372              		.loc 1 362 30 is_stmt 0 view .LVU721
 2373 017c 174B     		ldr	r3, .L162+56
 2374 017e 1D60     		str	r5, [r3]
 363:Core/Src/ir_acquisition.c ****         rear_histogram[i] = 0U;
 2375              		.loc 1 363 5 is_stmt 1 view .LVU722
 2376              	.LBB20:
 363:Core/Src/ir_acquisition.c ****         rear_histogram[i] = 0U;
 2377              		.loc 1 363 10 view .LVU723
 2378              	.LVL187:
 363:Core/Src/ir_acquisition.c ****         rear_histogram[i] = 0U;
 2379              		.loc 1 363 19 is_stmt 0 view .LVU724
 2380 0180 2B00     		movs	r3, r5
 363:Core/Src/ir_acquisition.c ****         rear_histogram[i] = 0U;
 2381              		.loc 1 363 5 view .LVU725
 2382 0182 07E0     		b	.L140
 2383              	.LVL188:
 2384              	.L141:
 364:Core/Src/ir_acquisition.c ****         front_histogram[i] = 0U;
 2385              		.loc 1 364 9 is_stmt 1 view .LVU726
 364:Core/Src/ir_acquisition.c ****         front_histogram[i] = 0U;
 2386              		.loc 1 364 27 is_stmt 0 view .LVU727
 2387 0184 164A     		ldr	r2, .L162+60
 2388 0186 5900     		lsls	r1, r3, #1
 2389 0188 0020     		movs	r0, #0
 2390 018a 8852     		strh	r0, [r1, r2]
 365:Core/Src/ir_acquisition.c ****     }
 2391              		.loc 1 365 9 is_stmt 1 view .LVU728
ARM GAS  C:\Users\24705\AppData\Local\Temp\ccUe9770.s 			page 56


 365:Core/Src/ir_acquisition.c ****     }
 2392              		.loc 1 365 28 is_stmt 0 view .LVU729
 2393 018c 154A     		ldr	r2, .L162+64
 2394 018e 8852     		strh	r0, [r1, r2]
 363:Core/Src/ir_acquisition.c ****         rear_histogram[i] = 0U;
 2395              		.loc 1 363 37 is_stmt 1 discriminator 3 view .LVU730
 2396 0190 0133     		adds	r3, r3, #1
 2397              	.LVL189:
 363:Core/Src/ir_acquisition.c ****         rear_histogram[i] = 0U;
 2398              		.loc 1 363 37 is_stmt 0 discriminator 3 view .LVU731
 2399 0192 9BB2     		uxth	r3, r3
 2400              	.LVL190:
 2401              	.L140:
 363:Core/Src/ir_acquisition.c ****         rear_histogram[i] = 0U;
 2402              		.loc 1 363 29 is_stmt 1 discriminator 1 view .LVU732
 2403 0194 FF2B     		cmp	r3, #255
 2404 0196 F5D9     		bls	.L141
 2405              	.LBE20:
 367:Core/Src/ir_acquisition.c ****     ir_front_event_pending = false;
 2406              		.loc 1 367 5 view .LVU733
 367:Core/Src/ir_acquisition.c ****     ir_front_event_pending = false;
 2407              		.loc 1 367 27 is_stmt 0 view .LVU734
 2408 0198 134B     		ldr	r3, .L162+68
 2409              	.LVL191:
 367:Core/Src/ir_acquisition.c ****     ir_front_event_pending = false;
 2410              		.loc 1 367 27 view .LVU735
 2411 019a 0022     		movs	r2, #0
 2412 019c 1A70     		strb	r2, [r3]
 368:Core/Src/ir_acquisition.c ****     return HAL_OK;
 2413              		.loc 1 368 5 is_stmt 1 view .LVU736
 368:Core/Src/ir_acquisition.c ****     return HAL_OK;
 2414              		.loc 1 368 28 is_stmt 0 view .LVU737
 2415 019e 134B     		ldr	r3, .L162+72
 2416 01a0 1A70     		strb	r2, [r3]
 369:Core/Src/ir_acquisition.c **** }
 2417              		.loc 1 369 5 is_stmt 1 view .LVU738
 369:Core/Src/ir_acquisition.c **** }
 2418              		.loc 1 369 12 is_stmt 0 view .LVU739
 2419 01a2 47E7     		b	.L137
 2420              	.L163:
 2421              		.align	2
 2422              	.L162:
 2423 01a4 00000000 		.word	hdac
 2424 01a8 00000000 		.word	ir_dac1_code
 2425 01ac 00000000 		.word	ir_dac2_code
 2426 01b0 00100240 		.word	1073876992
 2427 01b4 00000000 		.word	htim3
 2428 01b8 00040040 		.word	1073742848
 2429 01bc 5F090000 		.word	2399
 2430 01c0 00000000 		.word	hadc
 2431 01c4 00240140 		.word	1073816576
 2432 01c8 00000000 		.word	adc_dma_buf
 2433 01cc 00000000 		.word	ir_acquisition_ready
 2434 01d0 00000000 		.word	g_sensor_detection_ready
 2435 01d4 00000000 		.word	baseline_ready
 2436 01d8 00000000 		.word	calibration_start_tick
 2437 01dc 00000000 		.word	calibration_sample_count
ARM GAS  C:\Users\24705\AppData\Local\Temp\ccUe9770.s 			page 57


 2438 01e0 00000000 		.word	rear_histogram
 2439 01e4 00000000 		.word	front_histogram
 2440 01e8 00000000 		.word	ir_rear_event_pending
 2441 01ec 00000000 		.word	ir_front_event_pending
 2442              		.cfi_endproc
 2443              	.LFE45:
 2445              		.section	.text.IR_Acquisition_PublishLatest,"ax",%progbits
 2446              		.align	1
 2447              		.global	IR_Acquisition_PublishLatest
 2448              		.syntax unified
 2449              		.code	16
 2450              		.thumb_func
 2452              	IR_Acquisition_PublishLatest:
 2453              	.LFB47:
 386:Core/Src/ir_acquisition.c **** 
 387:Core/Src/ir_acquisition.c **** void IR_Acquisition_PublishLatest(void)
 388:Core/Src/ir_acquisition.c **** {
 2454              		.loc 1 388 1 is_stmt 1 view -0
 2455              		.cfi_startproc
 2456              		@ args = 0, pretend = 0, frame = 0
 2457              		@ frame_needed = 0, uses_anonymous_args = 0
 2458 0000 70B5     		push	{r4, r5, r6, lr}
 2459              	.LCFI10:
 2460              		.cfi_def_cfa_offset 16
 2461              		.cfi_offset 4, -16
 2462              		.cfi_offset 5, -12
 2463              		.cfi_offset 6, -8
 2464              		.cfi_offset 14, -4
 389:Core/Src/ir_acquisition.c ****     uint32_t sequence = completed_sequence;
 2465              		.loc 1 389 5 view .LVU741
 2466              		.loc 1 389 14 is_stmt 0 view .LVU742
 2467 0002 2E4B     		ldr	r3, .L173
 2468 0004 1868     		ldr	r0, [r3]
 2469              	.LVL192:
 390:Core/Src/ir_acquisition.c ****     uint16_t offset = completed_offset;
 2470              		.loc 1 390 5 is_stmt 1 view .LVU743
 2471              		.loc 1 390 14 is_stmt 0 view .LVU744
 2472 0006 2E4B     		ldr	r3, .L173+4
 2473 0008 1A88     		ldrh	r2, [r3]
 2474 000a 94B2     		uxth	r4, r2
 2475              	.LVL193:
 391:Core/Src/ir_acquisition.c ****     uint16_t remaining = (uint16_t)__HAL_DMA_GET_COUNTER(&hdma_adc);
 2476              		.loc 1 391 5 is_stmt 1 view .LVU745
 2477              		.loc 1 391 36 is_stmt 0 view .LVU746
 2478 000c 2D4B     		ldr	r3, .L173+8
 2479 000e 1968     		ldr	r1, [r3]
 2480 0010 4B68     		ldr	r3, [r1, #4]
 2481              		.loc 1 391 14 view .LVU747
 2482 0012 9BB2     		uxth	r3, r3
 2483              	.LVL194:
 392:Core/Src/ir_acquisition.c ****     /* Never read a half that DMA has already begun overwriting. */
 393:Core/Src/ir_acquisition.c ****     bool half_safe = offset == 0U ? (remaining > 0U && remaining <= IR_ADC_DMA_LENGTH / 2U)
 2484              		.loc 1 393 5 is_stmt 1 view .LVU748
 394:Core/Src/ir_acquisition.c ****                                  : (remaining > IR_ADC_DMA_LENGTH / 2U);
 2485              		.loc 1 394 34 is_stmt 0 view .LVU749
 2486 0014 002A     		cmp	r2, #0
 2487 0016 40D1     		bne	.L165
ARM GAS  C:\Users\24705\AppData\Local\Temp\ccUe9770.s 			page 58


 393:Core/Src/ir_acquisition.c ****                                  : (remaining > IR_ADC_DMA_LENGTH / 2U);
 2488              		.loc 1 393 53 view .LVU750
 2489 0018 013B     		subs	r3, r3, #1
 2490              	.LVL195:
 393:Core/Src/ir_acquisition.c ****                                  : (remaining > IR_ADC_DMA_LENGTH / 2U);
 2491              		.loc 1 393 53 view .LVU751
 2492 001a 9BB2     		uxth	r3, r3
 2493              	.LVL196:
 2494              		.loc 1 394 34 discriminator 1 view .LVU752
 2495 001c 0F25     		movs	r5, #15
 2496 001e 9D42     		cmp	r5, r3
 2497 0020 5241     		adcs	r2, r2, r2
 2498 0022 D2B2     		uxtb	r2, r2
 2499              	.L166:
 2500              	.LVL197:
 395:Core/Src/ir_acquisition.c ****     if (ir_acquisition_ready && sequence != published_sequence && half_safe) {
 2501              		.loc 1 395 5 is_stmt 1 view .LVU753
 2502              		.loc 1 395 9 is_stmt 0 view .LVU754
 2503 0024 284B     		ldr	r3, .L173+12
 2504 0026 1B78     		ldrb	r3, [r3]
 2505              		.loc 1 395 8 view .LVU755
 2506 0028 002B     		cmp	r3, #0
 2507 002a 21D0     		beq	.L167
 2508              		.loc 1 395 42 discriminator 1 view .LVU756
 2509 002c 274B     		ldr	r3, .L173+16
 2510 002e 1B68     		ldr	r3, [r3]
 2511              		.loc 1 395 30 discriminator 1 view .LVU757
 2512 0030 8342     		cmp	r3, r0
 2513 0032 1DD0     		beq	.L167
 2514              		.loc 1 395 64 discriminator 2 view .LVU758
 2515 0034 002A     		cmp	r2, #0
 2516 0036 1BD0     		beq	.L167
 2517              	.LBB21:
 396:Core/Src/ir_acquisition.c ****         uint16_t first = adc_dma_buf[offset + IR_ADC_DMA_LENGTH / 2U - 2U];
 2518              		.loc 1 396 9 is_stmt 1 view .LVU759
 2519              		.loc 1 396 70 is_stmt 0 view .LVU760
 2520 0038 2200     		movs	r2, r4
 2521              	.LVL198:
 2522              		.loc 1 396 70 view .LVU761
 2523 003a 0E32     		adds	r2, r2, #14
 2524              		.loc 1 396 18 view .LVU762
 2525 003c 244B     		ldr	r3, .L173+20
 2526 003e 5200     		lsls	r2, r2, #1
 2527 0040 D65A     		ldrh	r6, [r2, r3]
 2528 0042 B6B2     		uxth	r6, r6
 2529              	.LVL199:
 397:Core/Src/ir_acquisition.c ****         uint16_t second = adc_dma_buf[offset + IR_ADC_DMA_LENGTH / 2U - 1U];
 2530              		.loc 1 397 9 is_stmt 1 view .LVU763
 2531              		.loc 1 397 71 is_stmt 0 view .LVU764
 2532 0044 2200     		movs	r2, r4
 2533 0046 0F32     		adds	r2, r2, #15
 2534              		.loc 1 397 18 view .LVU765
 2535 0048 5200     		lsls	r2, r2, #1
 2536 004a D55A     		ldrh	r5, [r2, r3]
 2537 004c ADB2     		uxth	r5, r5
 2538              	.LVL200:
 398:Core/Src/ir_acquisition.c ****         uint16_t after = (uint16_t)__HAL_DMA_GET_COUNTER(&hdma_adc);
ARM GAS  C:\Users\24705\AppData\Local\Temp\ccUe9770.s 			page 59


 2539              		.loc 1 398 9 is_stmt 1 view .LVU766
 2540              		.loc 1 398 36 is_stmt 0 view .LVU767
 2541 004e 4A68     		ldr	r2, [r1, #4]
 2542              		.loc 1 398 18 view .LVU768
 2543 0050 92B2     		uxth	r2, r2
 2544              	.LVL201:
 399:Core/Src/ir_acquisition.c ****         bool still_safe = offset == 0U ? (after > 0U && after <= IR_ADC_DMA_LENGTH / 2U)
 2545              		.loc 1 399 9 is_stmt 1 view .LVU769
 400:Core/Src/ir_acquisition.c ****                                       : (after > IR_ADC_DMA_LENGTH / 2U);
 2546              		.loc 1 400 39 is_stmt 0 view .LVU770
 2547 0052 002C     		cmp	r4, #0
 2548 0054 26D1     		bne	.L168
 399:Core/Src/ir_acquisition.c ****         bool still_safe = offset == 0U ? (after > 0U && after <= IR_ADC_DMA_LENGTH / 2U)
 2549              		.loc 1 399 54 view .LVU771
 2550 0056 013A     		subs	r2, r2, #1
 2551              	.LVL202:
 399:Core/Src/ir_acquisition.c ****         bool still_safe = offset == 0U ? (after > 0U && after <= IR_ADC_DMA_LENGTH / 2U)
 2552              		.loc 1 399 54 view .LVU772
 2553 0058 92B2     		uxth	r2, r2
 2554              	.LVL203:
 2555              		.loc 1 400 39 discriminator 1 view .LVU773
 2556 005a 0023     		movs	r3, #0
 2557 005c 0F21     		movs	r1, #15
 2558 005e 9142     		cmp	r1, r2
 2559 0060 5B41     		adcs	r3, r3, r3
 2560 0062 DBB2     		uxtb	r3, r3
 2561              	.L169:
 2562              	.LVL204:
 401:Core/Src/ir_acquisition.c ****         if (still_safe && completed_sequence == sequence) {
 2563              		.loc 1 401 9 is_stmt 1 view .LVU774
 2564              		.loc 1 401 12 is_stmt 0 view .LVU775
 2565 0064 002B     		cmp	r3, #0
 2566 0066 03D0     		beq	.L167
 2567              		.loc 1 401 46 discriminator 1 view .LVU776
 2568 0068 144B     		ldr	r3, .L173
 2569              	.LVL205:
 2570              		.loc 1 401 46 discriminator 1 view .LVU777
 2571 006a 1B68     		ldr	r3, [r3]
 2572              		.loc 1 401 24 discriminator 1 view .LVU778
 2573 006c 8342     		cmp	r3, r0
 2574 006e 1ED0     		beq	.L172
 2575              	.LVL206:
 2576              	.L167:
 2577              		.loc 1 401 24 discriminator 1 view .LVU779
 2578              	.LBE21:
 402:Core/Src/ir_acquisition.c ****             et1_raw = first;
 403:Core/Src/ir_acquisition.c ****             et2_raw = second;
 404:Core/Src/ir_acquisition.c ****             published_sequence = sequence;
 405:Core/Src/ir_acquisition.c ****         }
 406:Core/Src/ir_acquisition.c ****     }
 407:Core/Src/ir_acquisition.c ****     if (applied_dac1 != ir_dac1_code || applied_dac2 != ir_dac2_code) {
 2579              		.loc 1 407 5 is_stmt 1 view .LVU780
 2580              		.loc 1 407 22 is_stmt 0 view .LVU781
 2581 0070 184B     		ldr	r3, .L173+24
 2582 0072 1B88     		ldrh	r3, [r3]
 2583 0074 184A     		ldr	r2, .L173+28
 2584 0076 1288     		ldrh	r2, [r2]
ARM GAS  C:\Users\24705\AppData\Local\Temp\ccUe9770.s 			page 60


 2585              		.loc 1 407 8 view .LVU782
 2586 0078 9A42     		cmp	r2, r3
 2587 007a 05D1     		bne	.L170
 2588              		.loc 1 407 54 discriminator 1 view .LVU783
 2589 007c 174B     		ldr	r3, .L173+32
 2590 007e 1B88     		ldrh	r3, [r3]
 2591 0080 174A     		ldr	r2, .L173+36
 2592 0082 1288     		ldrh	r2, [r2]
 2593              		.loc 1 407 38 discriminator 1 view .LVU784
 2594 0084 9A42     		cmp	r2, r3
 2595 0086 07D0     		beq	.L164
 2596              	.L170:
 408:Core/Src/ir_acquisition.c ****         (void)IR_Acquisition_SetDacCodes(ir_dac1_code, ir_dac2_code);
 2597              		.loc 1 408 9 is_stmt 1 view .LVU785
 2598              		.loc 1 408 15 is_stmt 0 view .LVU786
 2599 0088 134B     		ldr	r3, .L173+28
 2600 008a 1888     		ldrh	r0, [r3]
 2601              	.LVL207:
 2602              		.loc 1 408 15 view .LVU787
 2603 008c 80B2     		uxth	r0, r0
 2604 008e 144B     		ldr	r3, .L173+36
 2605 0090 1988     		ldrh	r1, [r3]
 2606 0092 89B2     		uxth	r1, r1
 2607 0094 FFF7FEFF 		bl	IR_Acquisition_SetDacCodes
 2608              	.LVL208:
 2609              	.L164:
 409:Core/Src/ir_acquisition.c ****     }
 410:Core/Src/ir_acquisition.c **** }
 2610              		.loc 1 410 1 view .LVU788
 2611              		@ sp needed
 2612              	.LVL209:
 2613              		.loc 1 410 1 view .LVU789
 2614 0098 70BD     		pop	{r4, r5, r6, pc}
 2615              	.LVL210:
 2616              	.L165:
 394:Core/Src/ir_acquisition.c ****     if (ir_acquisition_ready && sequence != published_sequence && half_safe) {
 2617              		.loc 1 394 34 discriminator 2 view .LVU790
 2618 009a 1022     		movs	r2, #16
 2619 009c 9A42     		cmp	r2, r3
 2620 009e 9241     		sbcs	r2, r2, r2
 2621 00a0 5242     		rsbs	r2, r2, #0
 2622 00a2 BFE7     		b	.L166
 2623              	.LVL211:
 2624              	.L168:
 2625              	.LBB22:
 400:Core/Src/ir_acquisition.c ****         if (still_safe && completed_sequence == sequence) {
 2626              		.loc 1 400 39 discriminator 2 view .LVU791
 2627 00a4 1023     		movs	r3, #16
 2628 00a6 9342     		cmp	r3, r2
 2629 00a8 9B41     		sbcs	r3, r3, r3
 2630 00aa 5B42     		rsbs	r3, r3, #0
 2631 00ac DAE7     		b	.L169
 2632              	.LVL212:
 2633              	.L172:
 402:Core/Src/ir_acquisition.c ****             et2_raw = second;
 2634              		.loc 1 402 13 is_stmt 1 view .LVU792
 402:Core/Src/ir_acquisition.c ****             et2_raw = second;
ARM GAS  C:\Users\24705\AppData\Local\Temp\ccUe9770.s 			page 61


 2635              		.loc 1 402 21 is_stmt 0 view .LVU793
 2636 00ae 0D4B     		ldr	r3, .L173+40
 2637 00b0 1E80     		strh	r6, [r3]
 403:Core/Src/ir_acquisition.c ****             published_sequence = sequence;
 2638              		.loc 1 403 13 is_stmt 1 view .LVU794
 403:Core/Src/ir_acquisition.c ****             published_sequence = sequence;
 2639              		.loc 1 403 21 is_stmt 0 view .LVU795
 2640 00b2 0D4B     		ldr	r3, .L173+44
 2641 00b4 1D80     		strh	r5, [r3]
 404:Core/Src/ir_acquisition.c ****         }
 2642              		.loc 1 404 13 is_stmt 1 view .LVU796
 404:Core/Src/ir_acquisition.c ****         }
 2643              		.loc 1 404 32 is_stmt 0 view .LVU797
 2644 00b6 054B     		ldr	r3, .L173+16
 2645 00b8 1860     		str	r0, [r3]
 2646 00ba D9E7     		b	.L167
 2647              	.L174:
 2648              		.align	2
 2649              	.L173:
 2650 00bc 00000000 		.word	completed_sequence
 2651 00c0 00000000 		.word	completed_offset
 2652 00c4 00000000 		.word	hdma_adc
 2653 00c8 00000000 		.word	ir_acquisition_ready
 2654 00cc 00000000 		.word	published_sequence
 2655 00d0 00000000 		.word	adc_dma_buf
 2656 00d4 00000000 		.word	applied_dac1
 2657 00d8 00000000 		.word	ir_dac1_code
 2658 00dc 00000000 		.word	applied_dac2
 2659 00e0 00000000 		.word	ir_dac2_code
 2660 00e4 00000000 		.word	et1_raw
 2661 00e8 00000000 		.word	et2_raw
 2662              	.LBE22:
 2663              		.cfi_endproc
 2664              	.LFE47:
 2666              		.section	.text.IR_Acquisition_TakeRearEvent,"ax",%progbits
 2667              		.align	1
 2668              		.global	IR_Acquisition_TakeRearEvent
 2669              		.syntax unified
 2670              		.code	16
 2671              		.thumb_func
 2673              	IR_Acquisition_TakeRearEvent:
 2674              	.LFB48:
 411:Core/Src/ir_acquisition.c **** 
 412:Core/Src/ir_acquisition.c **** bool IR_Acquisition_TakeRearEvent(void)
 413:Core/Src/ir_acquisition.c **** {
 2675              		.loc 1 413 1 is_stmt 1 view -0
 2676              		.cfi_startproc
 2677              		@ args = 0, pretend = 0, frame = 0
 2678              		@ frame_needed = 0, uses_anonymous_args = 0
 2679              		@ link register save eliminated.
 414:Core/Src/ir_acquisition.c ****     bool pending = ir_rear_event_pending;
 2680              		.loc 1 414 5 view .LVU799
 2681              		.loc 1 414 10 is_stmt 0 view .LVU800
 2682 0000 044B     		ldr	r3, .L177
 2683 0002 1B78     		ldrb	r3, [r3]
 2684 0004 D8B2     		uxtb	r0, r3
 2685              	.LVL213:
ARM GAS  C:\Users\24705\AppData\Local\Temp\ccUe9770.s 			page 62


 415:Core/Src/ir_acquisition.c ****     if (pending) {
 2686              		.loc 1 415 5 is_stmt 1 view .LVU801
 2687              		.loc 1 415 8 is_stmt 0 view .LVU802
 2688 0006 002B     		cmp	r3, #0
 2689 0008 02D0     		beq	.L176
 416:Core/Src/ir_acquisition.c ****         ir_rear_event_pending = false;
 2690              		.loc 1 416 9 is_stmt 1 view .LVU803
 2691              		.loc 1 416 31 is_stmt 0 view .LVU804
 2692 000a 024B     		ldr	r3, .L177
 2693 000c 0022     		movs	r2, #0
 2694 000e 1A70     		strb	r2, [r3]
 2695              	.L176:
 417:Core/Src/ir_acquisition.c ****     }
 418:Core/Src/ir_acquisition.c ****     return pending;
 2696              		.loc 1 418 5 is_stmt 1 view .LVU805
 419:Core/Src/ir_acquisition.c **** }
 2697              		.loc 1 419 1 is_stmt 0 view .LVU806
 2698              		@ sp needed
 2699 0010 7047     		bx	lr
 2700              	.L178:
 2701 0012 C046     		.align	2
 2702              	.L177:
 2703 0014 00000000 		.word	ir_rear_event_pending
 2704              		.cfi_endproc
 2705              	.LFE48:
 2707              		.section	.text.IR_Acquisition_TakeFrontEvent,"ax",%progbits
 2708              		.align	1
 2709              		.global	IR_Acquisition_TakeFrontEvent
 2710              		.syntax unified
 2711              		.code	16
 2712              		.thumb_func
 2714              	IR_Acquisition_TakeFrontEvent:
 2715              	.LFB49:
 420:Core/Src/ir_acquisition.c **** 
 421:Core/Src/ir_acquisition.c **** bool IR_Acquisition_TakeFrontEvent(void)
 422:Core/Src/ir_acquisition.c **** {
 2716              		.loc 1 422 1 is_stmt 1 view -0
 2717              		.cfi_startproc
 2718              		@ args = 0, pretend = 0, frame = 0
 2719              		@ frame_needed = 0, uses_anonymous_args = 0
 2720              		@ link register save eliminated.
 423:Core/Src/ir_acquisition.c ****     bool pending = ir_front_event_pending;
 2721              		.loc 1 423 5 view .LVU808
 2722              		.loc 1 423 10 is_stmt 0 view .LVU809
 2723 0000 044B     		ldr	r3, .L181
 2724 0002 1B78     		ldrb	r3, [r3]
 2725 0004 D8B2     		uxtb	r0, r3
 2726              	.LVL214:
 424:Core/Src/ir_acquisition.c ****     if (pending) {
 2727              		.loc 1 424 5 is_stmt 1 view .LVU810
 2728              		.loc 1 424 8 is_stmt 0 view .LVU811
 2729 0006 002B     		cmp	r3, #0
 2730 0008 02D0     		beq	.L180
 425:Core/Src/ir_acquisition.c ****         ir_front_event_pending = false;
 2731              		.loc 1 425 9 is_stmt 1 view .LVU812
 2732              		.loc 1 425 32 is_stmt 0 view .LVU813
 2733 000a 024B     		ldr	r3, .L181
ARM GAS  C:\Users\24705\AppData\Local\Temp\ccUe9770.s 			page 63


 2734 000c 0022     		movs	r2, #0
 2735 000e 1A70     		strb	r2, [r3]
 2736              	.L180:
 426:Core/Src/ir_acquisition.c ****     }
 427:Core/Src/ir_acquisition.c ****     return pending;
 2737              		.loc 1 427 5 is_stmt 1 view .LVU814
 428:Core/Src/ir_acquisition.c **** }
 2738              		.loc 1 428 1 is_stmt 0 view .LVU815
 2739              		@ sp needed
 2740 0010 7047     		bx	lr
 2741              	.L182:
 2742 0012 C046     		.align	2
 2743              	.L181:
 2744 0014 00000000 		.word	ir_front_event_pending
 2745              		.cfi_endproc
 2746              	.LFE49:
 2748              		.section	.text.HAL_ADC_ConvHalfCpltCallback,"ax",%progbits
 2749              		.align	1
 2750              		.global	HAL_ADC_ConvHalfCpltCallback
 2751              		.syntax unified
 2752              		.code	16
 2753              		.thumb_func
 2755              	HAL_ADC_ConvHalfCpltCallback:
 2756              	.LVL215:
 2757              	.LFB50:
 429:Core/Src/ir_acquisition.c **** 
 430:Core/Src/ir_acquisition.c **** void HAL_ADC_ConvHalfCpltCallback(ADC_HandleTypeDef *handle)
 431:Core/Src/ir_acquisition.c **** {
 2758              		.loc 1 431 1 is_stmt 1 view -0
 2759              		.cfi_startproc
 2760              		@ args = 0, pretend = 0, frame = 0
 2761              		@ frame_needed = 0, uses_anonymous_args = 0
 2762              		.loc 1 431 1 is_stmt 0 view .LVU817
 2763 0000 10B5     		push	{r4, lr}
 2764              	.LCFI11:
 2765              		.cfi_def_cfa_offset 8
 2766              		.cfi_offset 4, -8
 2767              		.cfi_offset 14, -4
 432:Core/Src/ir_acquisition.c ****     if (handle == &hadc) {
 2768              		.loc 1 432 5 is_stmt 1 view .LVU818
 2769              		.loc 1 432 8 is_stmt 0 view .LVU819
 2770 0002 094B     		ldr	r3, .L186
 2771 0004 8342     		cmp	r3, r0
 2772 0006 00D0     		beq	.L185
 2773              	.LVL216:
 2774              	.L183:
 433:Core/Src/ir_acquisition.c ****         adc_half_count++;
 434:Core/Src/ir_acquisition.c ****         completed_offset = 0U;
 435:Core/Src/ir_acquisition.c ****         completed_sequence++;
 436:Core/Src/ir_acquisition.c ****         IR_ScanCompletedBlock(0U);
 437:Core/Src/ir_acquisition.c ****     }
 438:Core/Src/ir_acquisition.c **** }
 2775              		.loc 1 438 1 view .LVU820
 2776              		@ sp needed
 2777 0008 10BD     		pop	{r4, pc}
 2778              	.LVL217:
 2779              	.L185:
ARM GAS  C:\Users\24705\AppData\Local\Temp\ccUe9770.s 			page 64


 433:Core/Src/ir_acquisition.c ****         adc_half_count++;
 2780              		.loc 1 433 9 is_stmt 1 view .LVU821
 433:Core/Src/ir_acquisition.c ****         adc_half_count++;
 2781              		.loc 1 433 23 is_stmt 0 view .LVU822
 2782 000a 084A     		ldr	r2, .L186+4
 2783 000c 1368     		ldr	r3, [r2]
 2784 000e 0133     		adds	r3, r3, #1
 2785 0010 1360     		str	r3, [r2]
 434:Core/Src/ir_acquisition.c ****         completed_sequence++;
 2786              		.loc 1 434 9 is_stmt 1 view .LVU823
 434:Core/Src/ir_acquisition.c ****         completed_sequence++;
 2787              		.loc 1 434 26 is_stmt 0 view .LVU824
 2788 0012 074B     		ldr	r3, .L186+8
 2789 0014 0022     		movs	r2, #0
 2790 0016 1A80     		strh	r2, [r3]
 435:Core/Src/ir_acquisition.c ****         IR_ScanCompletedBlock(0U);
 2791              		.loc 1 435 9 is_stmt 1 view .LVU825
 435:Core/Src/ir_acquisition.c ****         IR_ScanCompletedBlock(0U);
 2792              		.loc 1 435 27 is_stmt 0 view .LVU826
 2793 0018 064A     		ldr	r2, .L186+12
 2794 001a 1368     		ldr	r3, [r2]
 2795 001c 0133     		adds	r3, r3, #1
 2796 001e 1360     		str	r3, [r2]
 436:Core/Src/ir_acquisition.c ****     }
 2797              		.loc 1 436 9 is_stmt 1 view .LVU827
 2798 0020 0020     		movs	r0, #0
 2799              	.LVL218:
 436:Core/Src/ir_acquisition.c ****     }
 2800              		.loc 1 436 9 is_stmt 0 view .LVU828
 2801 0022 FFF7FEFF 		bl	IR_ScanCompletedBlock
 2802              	.LVL219:
 2803              		.loc 1 438 1 view .LVU829
 2804 0026 EFE7     		b	.L183
 2805              	.L187:
 2806              		.align	2
 2807              	.L186:
 2808 0028 00000000 		.word	hadc
 2809 002c 00000000 		.word	adc_half_count
 2810 0030 00000000 		.word	completed_offset
 2811 0034 00000000 		.word	completed_sequence
 2812              		.cfi_endproc
 2813              	.LFE50:
 2815              		.section	.text.HAL_ADC_ConvCpltCallback,"ax",%progbits
 2816              		.align	1
 2817              		.global	HAL_ADC_ConvCpltCallback
 2818              		.syntax unified
 2819              		.code	16
 2820              		.thumb_func
 2822              	HAL_ADC_ConvCpltCallback:
 2823              	.LVL220:
 2824              	.LFB51:
 439:Core/Src/ir_acquisition.c **** 
 440:Core/Src/ir_acquisition.c **** void HAL_ADC_ConvCpltCallback(ADC_HandleTypeDef *handle)
 441:Core/Src/ir_acquisition.c **** {
 2825              		.loc 1 441 1 is_stmt 1 view -0
 2826              		.cfi_startproc
 2827              		@ args = 0, pretend = 0, frame = 0
ARM GAS  C:\Users\24705\AppData\Local\Temp\ccUe9770.s 			page 65


 2828              		@ frame_needed = 0, uses_anonymous_args = 0
 2829              		.loc 1 441 1 is_stmt 0 view .LVU831
 2830 0000 10B5     		push	{r4, lr}
 2831              	.LCFI12:
 2832              		.cfi_def_cfa_offset 8
 2833              		.cfi_offset 4, -8
 2834              		.cfi_offset 14, -4
 442:Core/Src/ir_acquisition.c ****     if (handle == &hadc) {
 2835              		.loc 1 442 5 is_stmt 1 view .LVU832
 2836              		.loc 1 442 8 is_stmt 0 view .LVU833
 2837 0002 094B     		ldr	r3, .L191
 2838 0004 8342     		cmp	r3, r0
 2839 0006 00D0     		beq	.L190
 2840              	.LVL221:
 2841              	.L188:
 443:Core/Src/ir_acquisition.c ****         adc_full_count++;
 444:Core/Src/ir_acquisition.c ****         completed_offset = IR_ADC_DMA_LENGTH / 2U;
 445:Core/Src/ir_acquisition.c ****         completed_sequence++;
 446:Core/Src/ir_acquisition.c ****         IR_ScanCompletedBlock(IR_ADC_DMA_LENGTH / 2U);
 447:Core/Src/ir_acquisition.c ****     }
 448:Core/Src/ir_acquisition.c **** }
 2842              		.loc 1 448 1 view .LVU834
 2843              		@ sp needed
 2844 0008 10BD     		pop	{r4, pc}
 2845              	.LVL222:
 2846              	.L190:
 443:Core/Src/ir_acquisition.c ****         adc_full_count++;
 2847              		.loc 1 443 9 is_stmt 1 view .LVU835
 443:Core/Src/ir_acquisition.c ****         adc_full_count++;
 2848              		.loc 1 443 23 is_stmt 0 view .LVU836
 2849 000a 084A     		ldr	r2, .L191+4
 2850 000c 1368     		ldr	r3, [r2]
 2851 000e 0133     		adds	r3, r3, #1
 2852 0010 1360     		str	r3, [r2]
 444:Core/Src/ir_acquisition.c ****         completed_sequence++;
 2853              		.loc 1 444 9 is_stmt 1 view .LVU837
 444:Core/Src/ir_acquisition.c ****         completed_sequence++;
 2854              		.loc 1 444 26 is_stmt 0 view .LVU838
 2855 0012 074B     		ldr	r3, .L191+8
 2856 0014 1022     		movs	r2, #16
 2857 0016 1A80     		strh	r2, [r3]
 445:Core/Src/ir_acquisition.c ****         IR_ScanCompletedBlock(IR_ADC_DMA_LENGTH / 2U);
 2858              		.loc 1 445 9 is_stmt 1 view .LVU839
 445:Core/Src/ir_acquisition.c ****         IR_ScanCompletedBlock(IR_ADC_DMA_LENGTH / 2U);
 2859              		.loc 1 445 27 is_stmt 0 view .LVU840
 2860 0018 064A     		ldr	r2, .L191+12
 2861 001a 1368     		ldr	r3, [r2]
 2862 001c 0133     		adds	r3, r3, #1
 2863 001e 1360     		str	r3, [r2]
 446:Core/Src/ir_acquisition.c ****     }
 2864              		.loc 1 446 9 is_stmt 1 view .LVU841
 2865 0020 1020     		movs	r0, #16
 2866              	.LVL223:
 446:Core/Src/ir_acquisition.c ****     }
 2867              		.loc 1 446 9 is_stmt 0 view .LVU842
 2868 0022 FFF7FEFF 		bl	IR_ScanCompletedBlock
 2869              	.LVL224:
ARM GAS  C:\Users\24705\AppData\Local\Temp\ccUe9770.s 			page 66


 2870              		.loc 1 448 1 view .LVU843
 2871 0026 EFE7     		b	.L188
 2872              	.L192:
 2873              		.align	2
 2874              	.L191:
 2875 0028 00000000 		.word	hadc
 2876 002c 00000000 		.word	adc_full_count
 2877 0030 00000000 		.word	completed_offset
 2878 0034 00000000 		.word	completed_sequence
 2879              		.cfi_endproc
 2880              	.LFE51:
 2882              		.section	.text.HAL_ADC_ErrorCallback,"ax",%progbits
 2883              		.align	1
 2884              		.global	HAL_ADC_ErrorCallback
 2885              		.syntax unified
 2886              		.code	16
 2887              		.thumb_func
 2889              	HAL_ADC_ErrorCallback:
 2890              	.LVL225:
 2891              	.LFB52:
 449:Core/Src/ir_acquisition.c **** 
 450:Core/Src/ir_acquisition.c **** void HAL_ADC_ErrorCallback(ADC_HandleTypeDef *handle)
 451:Core/Src/ir_acquisition.c **** {
 2892              		.loc 1 451 1 is_stmt 1 view -0
 2893              		.cfi_startproc
 2894              		@ args = 0, pretend = 0, frame = 0
 2895              		@ frame_needed = 0, uses_anonymous_args = 0
 2896              		@ link register save eliminated.
 452:Core/Src/ir_acquisition.c ****     if (handle == &hadc) {
 2897              		.loc 1 452 5 view .LVU845
 2898              		.loc 1 452 8 is_stmt 0 view .LVU846
 2899 0000 054B     		ldr	r3, .L196
 2900 0002 8342     		cmp	r3, r0
 2901 0004 00D0     		beq	.L195
 2902              	.L193:
 453:Core/Src/ir_acquisition.c ****         adc_error_count++;
 454:Core/Src/ir_acquisition.c ****         ir_acquisition_ready = false;
 455:Core/Src/ir_acquisition.c ****     }
 456:Core/Src/ir_acquisition.c **** }
 2903              		.loc 1 456 1 view .LVU847
 2904              		@ sp needed
 2905 0006 7047     		bx	lr
 2906              	.L195:
 453:Core/Src/ir_acquisition.c ****         adc_error_count++;
 2907              		.loc 1 453 9 is_stmt 1 view .LVU848
 453:Core/Src/ir_acquisition.c ****         adc_error_count++;
 2908              		.loc 1 453 24 is_stmt 0 view .LVU849
 2909 0008 044A     		ldr	r2, .L196+4
 2910 000a 1368     		ldr	r3, [r2]
 2911 000c 0133     		adds	r3, r3, #1
 2912 000e 1360     		str	r3, [r2]
 454:Core/Src/ir_acquisition.c ****     }
 2913              		.loc 1 454 9 is_stmt 1 view .LVU850
 454:Core/Src/ir_acquisition.c ****     }
 2914              		.loc 1 454 30 is_stmt 0 view .LVU851
 2915 0010 034B     		ldr	r3, .L196+8
 2916 0012 0022     		movs	r2, #0
ARM GAS  C:\Users\24705\AppData\Local\Temp\ccUe9770.s 			page 67


 2917 0014 1A70     		strb	r2, [r3]
 2918              		.loc 1 456 1 view .LVU852
 2919 0016 F6E7     		b	.L193
 2920              	.L197:
 2921              		.align	2
 2922              	.L196:
 2923 0018 00000000 		.word	hadc
 2924 001c 00000000 		.word	adc_error_count
 2925 0020 00000000 		.word	ir_acquisition_ready
 2926              		.cfi_endproc
 2927              	.LFE52:
 2929              		.section	.bss.front_baseline_q16,"aw",%nobits
 2930              		.align	2
 2933              	front_baseline_q16:
 2934 0000 00000000 		.space	4
 2935              		.section	.bss.rear_baseline_q16,"aw",%nobits
 2936              		.align	2
 2939              	rear_baseline_q16:
 2940 0000 00000000 		.space	4
 2941              		.section	.bss.front_histogram,"aw",%nobits
 2942              		.align	2
 2945              	front_histogram:
 2946 0000 00000000 		.space	512
 2946      00000000 
 2946      00000000 
 2946      00000000 
 2946      00000000 
 2947              		.section	.bss.rear_histogram,"aw",%nobits
 2948              		.align	2
 2951              	rear_histogram:
 2952 0000 00000000 		.space	512
 2952      00000000 
 2952      00000000 
 2952      00000000 
 2952      00000000 
 2953              		.section	.bss.calibration_sample_count,"aw",%nobits
 2954              		.align	2
 2957              	calibration_sample_count:
 2958 0000 00000000 		.space	4
 2959              		.section	.bss.calibration_start_tick,"aw",%nobits
 2960              		.align	2
 2963              	calibration_start_tick:
 2964 0000 00000000 		.space	4
 2965              		.section	.bss.baseline_ready,"aw",%nobits
 2968              	baseline_ready:
 2969 0000 00       		.space	1
 2970              		.section	.bss.applied_dac2,"aw",%nobits
 2971              		.align	1
 2974              	applied_dac2:
 2975 0000 0000     		.space	2
 2976              		.section	.bss.applied_dac1,"aw",%nobits
 2977              		.align	1
 2980              	applied_dac1:
 2981 0000 0000     		.space	2
 2982              		.section	.bss.published_sequence,"aw",%nobits
 2983              		.align	2
 2986              	published_sequence:
ARM GAS  C:\Users\24705\AppData\Local\Temp\ccUe9770.s 			page 68


 2987 0000 00000000 		.space	4
 2988              		.section	.bss.completed_offset,"aw",%nobits
 2989              		.align	1
 2992              	completed_offset:
 2993 0000 0000     		.space	2
 2994              		.section	.bss.completed_sequence,"aw",%nobits
 2995              		.align	2
 2998              	completed_sequence:
 2999 0000 00000000 		.space	4
 3000              		.section	.bss.rear_detector,"aw",%nobits
 3001              		.align	2
 3004              	rear_detector:
 3005 0000 00000000 		.space	48
 3005      00000000 
 3005      00000000 
 3005      00000000 
 3005      00000000 
 3006              		.section	.bss.front_detector,"aw",%nobits
 3007              		.align	2
 3010              	front_detector:
 3011 0000 00000000 		.space	48
 3011      00000000 
 3011      00000000 
 3011      00000000 
 3011      00000000 
 3012              		.section	.bss.pair_tail,"aw",%nobits
 3015              	pair_tail:
 3016 0000 00       		.space	1
 3017              		.section	.bss.pair_head,"aw",%nobits
 3020              	pair_head:
 3021 0000 00       		.space	1
 3022              		.section	.bss.pair_ticks,"aw",%nobits
 3023              		.align	2
 3026              	pair_ticks:
 3027 0000 00000000 		.space	32
 3027      00000000 
 3027      00000000 
 3027      00000000 
 3027      00000000 
 3028              		.section	.bss.sample_tick,"aw",%nobits
 3029              		.align	2
 3032              	sample_tick:
 3033 0000 00000000 		.space	4
 3034              		.global	ir_last_speed_mm_s
 3035              		.section	.bss.ir_last_speed_mm_s,"aw",%nobits
 3036              		.align	2
 3039              	ir_last_speed_mm_s:
 3040 0000 00000000 		.space	4
 3041              		.global	ir_last_pair_us
 3042              		.section	.bss.ir_last_pair_us,"aw",%nobits
 3043              		.align	2
 3046              	ir_last_pair_us:
 3047 0000 00000000 		.space	4
 3048              		.global	ir_unpaired_front_count
 3049              		.section	.bss.ir_unpaired_front_count,"aw",%nobits
 3050              		.align	2
 3053              	ir_unpaired_front_count:
ARM GAS  C:\Users\24705\AppData\Local\Temp\ccUe9770.s 			page 69


 3054 0000 00000000 		.space	4
 3055              		.global	ir_pair_dropped_count
 3056              		.section	.bss.ir_pair_dropped_count,"aw",%nobits
 3057              		.align	2
 3060              	ir_pair_dropped_count:
 3061 0000 00000000 		.space	4
 3062              		.global	ir_pair_timeout_count
 3063              		.section	.bss.ir_pair_timeout_count,"aw",%nobits
 3064              		.align	2
 3067              	ir_pair_timeout_count:
 3068 0000 00000000 		.space	4
 3069              		.global	ir_shot_count
 3070              		.section	.bss.ir_shot_count,"aw",%nobits
 3071              		.align	2
 3074              	ir_shot_count:
 3075 0000 00000000 		.space	4
 3076              		.global	ir_rear_active
 3077              		.section	.bss.ir_rear_active,"aw",%nobits
 3080              	ir_rear_active:
 3081 0000 00       		.space	1
 3082              		.global	ir_front_active
 3083              		.section	.bss.ir_front_active,"aw",%nobits
 3086              	ir_front_active:
 3087 0000 00       		.space	1
 3088              		.global	ir_rear_pp_max_5s
 3089              		.section	.bss.ir_rear_pp_max_5s,"aw",%nobits
 3090              		.align	1
 3093              	ir_rear_pp_max_5s:
 3094 0000 0000     		.space	2
 3095              		.global	ir_front_pp_max_5s
 3096              		.section	.bss.ir_front_pp_max_5s,"aw",%nobits
 3097              		.align	1
 3100              	ir_front_pp_max_5s:
 3101 0000 0000     		.space	2
 3102              		.global	ir_rear_pp
 3103              		.section	.bss.ir_rear_pp,"aw",%nobits
 3104              		.align	1
 3107              	ir_rear_pp:
 3108 0000 0000     		.space	2
 3109              		.global	ir_front_pp
 3110              		.section	.bss.ir_front_pp,"aw",%nobits
 3111              		.align	1
 3114              	ir_front_pp:
 3115 0000 0000     		.space	2
 3116              		.global	ir_distance_mm
 3117              		.section	.data.ir_distance_mm,"aw"
 3118              		.align	1
 3121              	ir_distance_mm:
 3122 0000 3200     		.short	50
 3123              		.global	ir_rebase_after_ms
 3124              		.section	.data.ir_rebase_after_ms,"aw"
 3125              		.align	2
 3128              	ir_rebase_after_ms:
 3129 0000 E8030000 		.word	1000
 3130              		.global	ir_pair_min_us
 3131              		.section	.data.ir_pair_min_us,"aw"
 3132              		.align	2
ARM GAS  C:\Users\24705\AppData\Local\Temp\ccUe9770.s 			page 70


 3135              	ir_pair_min_us:
 3136 0000 F4010000 		.word	500
 3137              		.global	ir_pair_timeout_ms
 3138              		.section	.data.ir_pair_timeout_ms,"aw"
 3139              		.align	2
 3142              	ir_pair_timeout_ms:
 3143 0000 D0070000 		.word	2000
 3144              		.global	ir_quiet_ms
 3145              		.section	.data.ir_quiet_ms,"aw"
 3146              		.align	2
 3149              	ir_quiet_ms:
 3150 0000 50000000 		.word	80
 3151              		.global	ir_release_percent
 3152              		.section	.data.ir_release_percent,"aw"
 3153              		.align	1
 3156              	ir_release_percent:
 3157 0000 3C00     		.short	60
 3158              		.global	ir_confirm_samples
 3159              		.section	.data.ir_confirm_samples,"aw"
 3160              		.align	1
 3163              	ir_confirm_samples:
 3164 0000 0200     		.short	2
 3165              		.global	ir_rear_level_threshold
 3166              		.section	.data.ir_rear_level_threshold,"aw"
 3167              		.align	1
 3170              	ir_rear_level_threshold:
 3171 0000 1E00     		.short	30
 3172              		.global	ir_front_level_threshold
 3173              		.section	.data.ir_front_level_threshold,"aw"
 3174              		.align	1
 3177              	ir_front_level_threshold:
 3178 0000 1E00     		.short	30
 3179              		.global	ir_rear_pp_threshold
 3180              		.section	.data.ir_rear_pp_threshold,"aw"
 3181              		.align	1
 3184              	ir_rear_pp_threshold:
 3185 0000 1E00     		.short	30
 3186              		.global	ir_front_pp_threshold
 3187              		.section	.data.ir_front_pp_threshold,"aw"
 3188              		.align	1
 3191              	ir_front_pp_threshold:
 3192 0000 1E00     		.short	30
 3193              		.global	ir_window_samples
 3194              		.section	.data.ir_window_samples,"aw"
 3195              		.align	1
 3198              	ir_window_samples:
 3199 0000 0800     		.short	8
 3200              		.section	.bss.adc_max_window_tick,"aw",%nobits
 3201              		.align	2
 3204              	adc_max_window_tick:
 3205 0000 00000000 		.space	4
 3206              		.global	ir_rear_adc_max_5s
 3207              		.section	.bss.ir_rear_adc_max_5s,"aw",%nobits
 3208              		.align	1
 3211              	ir_rear_adc_max_5s:
 3212 0000 0000     		.space	2
 3213              		.global	ir_front_adc_max_5s
ARM GAS  C:\Users\24705\AppData\Local\Temp\ccUe9770.s 			page 71


 3214              		.section	.bss.ir_front_adc_max_5s,"aw",%nobits
 3215              		.align	1
 3218              	ir_front_adc_max_5s:
 3219 0000 0000     		.space	2
 3220              		.global	ir_extrema_hold
 3221              		.section	.bss.ir_extrema_hold,"aw",%nobits
 3224              	ir_extrema_hold:
 3225 0000 00       		.space	1
 3226              		.global	ir_extrema_reset_request
 3227              		.section	.data.ir_extrema_reset_request,"aw"
 3230              	ir_extrema_reset_request:
 3231 0000 01       		.byte	1
 3232              		.global	ir_extrema_reset_count
 3233              		.section	.bss.ir_extrema_reset_count,"aw",%nobits
 3234              		.align	2
 3237              	ir_extrema_reset_count:
 3238 0000 00000000 		.space	4
 3239              		.global	ir_extrema_sample_count
 3240              		.section	.bss.ir_extrema_sample_count,"aw",%nobits
 3241              		.align	2
 3244              	ir_extrema_sample_count:
 3245 0000 00000000 		.space	4
 3246              		.global	ir_rear_raw_reference
 3247              		.section	.bss.ir_rear_raw_reference,"aw",%nobits
 3248              		.align	1
 3251              	ir_rear_raw_reference:
 3252 0000 0000     		.space	2
 3253              		.global	ir_front_raw_reference
 3254              		.section	.bss.ir_front_raw_reference,"aw",%nobits
 3255              		.align	1
 3258              	ir_front_raw_reference:
 3259 0000 0000     		.space	2
 3260              		.global	ir_rear_raw_max
 3261              		.section	.bss.ir_rear_raw_max,"aw",%nobits
 3262              		.align	1
 3265              	ir_rear_raw_max:
 3266 0000 0000     		.space	2
 3267              		.global	ir_rear_raw_min
 3268              		.section	.data.ir_rear_raw_min,"aw"
 3269              		.align	1
 3272              	ir_rear_raw_min:
 3273 0000 FF0F     		.short	4095
 3274              		.global	ir_front_raw_max
 3275              		.section	.bss.ir_front_raw_max,"aw",%nobits
 3276              		.align	1
 3279              	ir_front_raw_max:
 3280 0000 0000     		.space	2
 3281              		.global	ir_front_raw_min
 3282              		.section	.data.ir_front_raw_min,"aw"
 3283              		.align	1
 3286              	ir_front_raw_min:
 3287 0000 FF0F     		.short	4095
 3288              		.global	ir_front_event_pending
 3289              		.section	.bss.ir_front_event_pending,"aw",%nobits
 3292              	ir_front_event_pending:
 3293 0000 00       		.space	1
 3294              		.global	ir_rear_event_pending
ARM GAS  C:\Users\24705\AppData\Local\Temp\ccUe9770.s 			page 72


 3295              		.section	.bss.ir_rear_event_pending,"aw",%nobits
 3298              	ir_rear_event_pending:
 3299 0000 00       		.space	1
 3300              		.global	ir_front_event_sample
 3301              		.section	.bss.ir_front_event_sample,"aw",%nobits
 3302              		.align	2
 3305              	ir_front_event_sample:
 3306 0000 00000000 		.space	4
 3307              		.global	ir_rear_event_sample
 3308              		.section	.bss.ir_rear_event_sample,"aw",%nobits
 3309              		.align	2
 3312              	ir_rear_event_sample:
 3313 0000 00000000 		.space	4
 3314              		.global	ir_front_event_count
 3315              		.section	.bss.ir_front_event_count,"aw",%nobits
 3316              		.align	2
 3319              	ir_front_event_count:
 3320 0000 00000000 		.space	4
 3321              		.global	ir_rear_event_count
 3322              		.section	.bss.ir_rear_event_count,"aw",%nobits
 3323              		.align	2
 3326              	ir_rear_event_count:
 3327 0000 00000000 		.space	4
 3328              		.global	g_sensor_detection_ready
 3329              		.section	.bss.g_sensor_detection_ready,"aw",%nobits
 3332              	g_sensor_detection_ready:
 3333 0000 00       		.space	1
 3334              		.global	ir_acquisition_ready
 3335              		.section	.bss.ir_acquisition_ready,"aw",%nobits
 3338              	ir_acquisition_ready:
 3339 0000 00       		.space	1
 3340              		.global	ir_dac2_code
 3341              		.section	.data.ir_dac2_code,"aw"
 3342              		.align	1
 3345              	ir_dac2_code:
 3346 0000 0E06     		.short	1550
 3347              		.global	ir_dac1_code
 3348              		.section	.data.ir_dac1_code,"aw"
 3349              		.align	1
 3352              	ir_dac1_code:
 3353 0000 0E06     		.short	1550
 3354              		.global	adc_error_count
 3355              		.section	.bss.adc_error_count,"aw",%nobits
 3356              		.align	2
 3359              	adc_error_count:
 3360 0000 00000000 		.space	4
 3361              		.global	adc_full_count
 3362              		.section	.bss.adc_full_count,"aw",%nobits
 3363              		.align	2
 3366              	adc_full_count:
 3367 0000 00000000 		.space	4
 3368              		.global	adc_half_count
 3369              		.section	.bss.adc_half_count,"aw",%nobits
 3370              		.align	2
 3373              	adc_half_count:
 3374 0000 00000000 		.space	4
 3375              		.global	et2_raw
ARM GAS  C:\Users\24705\AppData\Local\Temp\ccUe9770.s 			page 73


 3376              		.section	.bss.et2_raw,"aw",%nobits
 3377              		.align	1
 3380              	et2_raw:
 3381 0000 0000     		.space	2
 3382              		.global	et1_raw
 3383              		.section	.bss.et1_raw,"aw",%nobits
 3384              		.align	1
 3387              	et1_raw:
 3388 0000 0000     		.space	2
 3389              		.global	adc_dma_buf
 3390              		.section	.bss.adc_dma_buf,"aw",%nobits
 3391              		.align	2
 3394              	adc_dma_buf:
 3395 0000 00000000 		.space	64
 3395      00000000 
 3395      00000000 
 3395      00000000 
 3395      00000000 
 3396              		.text
 3397              	.Letext0:
 3398              		.file 2 "E:\\STM32CubeCLT_1.21.0\\GNU-tools-for-STM32\\bin/../lib/gcc/arm-none-eabi/14.3.1/../../.
 3399              		.file 3 "E:\\STM32CubeCLT_1.21.0\\GNU-tools-for-STM32\\bin/../lib/gcc/arm-none-eabi/14.3.1/../../.
 3400              		.file 4 "Drivers/CMSIS/Device/ST/STM32F0xx/Include/stm32f072xb.h"
 3401              		.file 5 "Drivers/CMSIS/Device/ST/STM32F0xx/Include/stm32f0xx.h"
 3402              		.file 6 "Drivers/STM32F0xx_HAL_Driver/Inc/stm32f0xx_hal_def.h"
 3403              		.file 7 "Drivers/STM32F0xx_HAL_Driver/Inc/stm32f0xx_hal_dma.h"
 3404              		.file 8 "Drivers/STM32F0xx_HAL_Driver/Inc/stm32f0xx_hal_adc.h"
 3405              		.file 9 "Drivers/STM32F0xx_HAL_Driver/Inc/stm32f0xx_hal_dac.h"
 3406              		.file 10 "Drivers/STM32F0xx_HAL_Driver/Inc/stm32f0xx_hal_tim.h"
 3407              		.file 11 "Core/Inc/ir_acquisition.h"
 3408              		.file 12 "Drivers/STM32F0xx_HAL_Driver/Inc/stm32f0xx_hal_adc_ex.h"
 3409              		.file 13 "Drivers/STM32F0xx_HAL_Driver/Inc/stm32f0xx_hal_tim_ex.h"
 3410              		.file 14 "Drivers/STM32F0xx_HAL_Driver/Inc/stm32f0xx_hal.h"
 3411              		.file 15 "<built-in>"
ARM GAS  C:\Users\24705\AppData\Local\Temp\ccUe9770.s 			page 74


DEFINED SYMBOLS
                            *ABS*:00000000 ir_acquisition.c
C:\Users\24705\AppData\Local\Temp\ccUe9770.s:19     .text.IR_PairEvent:00000000 $t
C:\Users\24705\AppData\Local\Temp\ccUe9770.s:24     .text.IR_PairEvent:00000000 IR_PairEvent
C:\Users\24705\AppData\Local\Temp\ccUe9770.s:214    .text.IR_PairEvent:000000b0 $d
C:\Users\24705\AppData\Local\Temp\ccUe9770.s:3020   .bss.pair_head:00000000 pair_head
C:\Users\24705\AppData\Local\Temp\ccUe9770.s:3015   .bss.pair_tail:00000000 pair_tail
C:\Users\24705\AppData\Local\Temp\ccUe9770.s:3026   .bss.pair_ticks:00000000 pair_ticks
C:\Users\24705\AppData\Local\Temp\ccUe9770.s:3032   .bss.sample_tick:00000000 sample_tick
C:\Users\24705\AppData\Local\Temp\ccUe9770.s:3060   .bss.ir_pair_dropped_count:00000000 ir_pair_dropped_count
C:\Users\24705\AppData\Local\Temp\ccUe9770.s:3135   .data.ir_pair_min_us:00000000 ir_pair_min_us
C:\Users\24705\AppData\Local\Temp\ccUe9770.s:3046   .bss.ir_last_pair_us:00000000 ir_last_pair_us
C:\Users\24705\AppData\Local\Temp\ccUe9770.s:3121   .data.ir_distance_mm:00000000 ir_distance_mm
C:\Users\24705\AppData\Local\Temp\ccUe9770.s:3039   .bss.ir_last_speed_mm_s:00000000 ir_last_speed_mm_s
C:\Users\24705\AppData\Local\Temp\ccUe9770.s:3074   .bss.ir_shot_count:00000000 ir_shot_count
C:\Users\24705\AppData\Local\Temp\ccUe9770.s:3053   .bss.ir_unpaired_front_count:00000000 ir_unpaired_front_count
C:\Users\24705\AppData\Local\Temp\ccUe9770.s:231    .text.IR_DetectSample:00000000 $t
C:\Users\24705\AppData\Local\Temp\ccUe9770.s:236    .text.IR_DetectSample:00000000 IR_DetectSample
C:\Users\24705\AppData\Local\Temp\ccUe9770.s:797    .text.IR_DetectSample:000001cc $d
C:\Users\24705\AppData\Local\Temp\ccUe9770.s:3198   .data.ir_window_samples:00000000 ir_window_samples
C:\Users\24705\AppData\Local\Temp\ccUe9770.s:3191   .data.ir_front_pp_threshold:00000000 ir_front_pp_threshold
C:\Users\24705\AppData\Local\Temp\ccUe9770.s:3177   .data.ir_front_level_threshold:00000000 ir_front_level_threshold
C:\Users\24705\AppData\Local\Temp\ccUe9770.s:3156   .data.ir_release_percent:00000000 ir_release_percent
C:\Users\24705\AppData\Local\Temp\ccUe9770.s:3184   .data.ir_rear_pp_threshold:00000000 ir_rear_pp_threshold
C:\Users\24705\AppData\Local\Temp\ccUe9770.s:3170   .data.ir_rear_level_threshold:00000000 ir_rear_level_threshold
C:\Users\24705\AppData\Local\Temp\ccUe9770.s:3114   .bss.ir_front_pp:00000000 ir_front_pp
C:\Users\24705\AppData\Local\Temp\ccUe9770.s:3100   .bss.ir_front_pp_max_5s:00000000 ir_front_pp_max_5s
C:\Users\24705\AppData\Local\Temp\ccUe9770.s:3163   .data.ir_confirm_samples:00000000 ir_confirm_samples
C:\Users\24705\AppData\Local\Temp\ccUe9770.s:3107   .bss.ir_rear_pp:00000000 ir_rear_pp
C:\Users\24705\AppData\Local\Temp\ccUe9770.s:3093   .bss.ir_rear_pp_max_5s:00000000 ir_rear_pp_max_5s
C:\Users\24705\AppData\Local\Temp\ccUe9770.s:3149   .data.ir_quiet_ms:00000000 ir_quiet_ms
C:\Users\24705\AppData\Local\Temp\ccUe9770.s:3086   .bss.ir_front_active:00000000 ir_front_active
C:\Users\24705\AppData\Local\Temp\ccUe9770.s:3080   .bss.ir_rear_active:00000000 ir_rear_active
C:\Users\24705\AppData\Local\Temp\ccUe9770.s:817    .text.IR_HistogramMedian:00000000 $t
C:\Users\24705\AppData\Local\Temp\ccUe9770.s:822    .text.IR_HistogramMedian:00000000 IR_HistogramMedian
C:\Users\24705\AppData\Local\Temp\ccUe9770.s:888    .text.IR_FinishStartupCalibration:00000000 $t
C:\Users\24705\AppData\Local\Temp\ccUe9770.s:893    .text.IR_FinishStartupCalibration:00000000 IR_FinishStartupCalibration
C:\Users\24705\AppData\Local\Temp\ccUe9770.s:1017   .text.IR_FinishStartupCalibration:00000078 $d
C:\Users\24705\AppData\Local\Temp\ccUe9770.s:2957   .bss.calibration_sample_count:00000000 calibration_sample_count
C:\Users\24705\AppData\Local\Temp\ccUe9770.s:2951   .bss.rear_histogram:00000000 rear_histogram
C:\Users\24705\AppData\Local\Temp\ccUe9770.s:2945   .bss.front_histogram:00000000 front_histogram
C:\Users\24705\AppData\Local\Temp\ccUe9770.s:2939   .bss.rear_baseline_q16:00000000 rear_baseline_q16
C:\Users\24705\AppData\Local\Temp\ccUe9770.s:2933   .bss.front_baseline_q16:00000000 front_baseline_q16
C:\Users\24705\AppData\Local\Temp\ccUe9770.s:2968   .bss.baseline_ready:00000000 baseline_ready
C:\Users\24705\AppData\Local\Temp\ccUe9770.s:3332   .bss.g_sensor_detection_ready:00000000 g_sensor_detection_ready
C:\Users\24705\AppData\Local\Temp\ccUe9770.s:1033   .text.IR_ScanCompletedBlock:00000000 $t
C:\Users\24705\AppData\Local\Temp\ccUe9770.s:1038   .text.IR_ScanCompletedBlock:00000000 IR_ScanCompletedBlock
C:\Users\24705\AppData\Local\Temp\ccUe9770.s:1813   .text.IR_ScanCompletedBlock:00000320 $d
C:\Users\24705\AppData\Local\Temp\ccUe9770.s:3204   .bss.adc_max_window_tick:00000000 adc_max_window_tick
C:\Users\24705\AppData\Local\Temp\ccUe9770.s:3218   .bss.ir_front_adc_max_5s:00000000 ir_front_adc_max_5s
C:\Users\24705\AppData\Local\Temp\ccUe9770.s:3211   .bss.ir_rear_adc_max_5s:00000000 ir_rear_adc_max_5s
C:\Users\24705\AppData\Local\Temp\ccUe9770.s:3394   .bss.adc_dma_buf:00000000 adc_dma_buf
C:\Users\24705\AppData\Local\Temp\ccUe9770.s:3230   .data.ir_extrema_reset_request:00000000 ir_extrema_reset_request
C:\Users\24705\AppData\Local\Temp\ccUe9770.s:3286   .data.ir_front_raw_min:00000000 ir_front_raw_min
C:\Users\24705\AppData\Local\Temp\ccUe9770.s:3279   .bss.ir_front_raw_max:00000000 ir_front_raw_max
C:\Users\24705\AppData\Local\Temp\ccUe9770.s:3272   .data.ir_rear_raw_min:00000000 ir_rear_raw_min
C:\Users\24705\AppData\Local\Temp\ccUe9770.s:3265   .bss.ir_rear_raw_max:00000000 ir_rear_raw_max
ARM GAS  C:\Users\24705\AppData\Local\Temp\ccUe9770.s 			page 75


C:\Users\24705\AppData\Local\Temp\ccUe9770.s:3258   .bss.ir_front_raw_reference:00000000 ir_front_raw_reference
C:\Users\24705\AppData\Local\Temp\ccUe9770.s:3251   .bss.ir_rear_raw_reference:00000000 ir_rear_raw_reference
C:\Users\24705\AppData\Local\Temp\ccUe9770.s:3244   .bss.ir_extrema_sample_count:00000000 ir_extrema_sample_count
C:\Users\24705\AppData\Local\Temp\ccUe9770.s:3237   .bss.ir_extrema_reset_count:00000000 ir_extrema_reset_count
C:\Users\24705\AppData\Local\Temp\ccUe9770.s:3224   .bss.ir_extrema_hold:00000000 ir_extrema_hold
C:\Users\24705\AppData\Local\Temp\ccUe9770.s:2963   .bss.calibration_start_tick:00000000 calibration_start_tick
C:\Users\24705\AppData\Local\Temp\ccUe9770.s:3067   .bss.ir_pair_timeout_count:00000000 ir_pair_timeout_count
C:\Users\24705\AppData\Local\Temp\ccUe9770.s:3004   .bss.rear_detector:00000000 rear_detector
C:\Users\24705\AppData\Local\Temp\ccUe9770.s:3010   .bss.front_detector:00000000 front_detector
C:\Users\24705\AppData\Local\Temp\ccUe9770.s:3128   .data.ir_rebase_after_ms:00000000 ir_rebase_after_ms
C:\Users\24705\AppData\Local\Temp\ccUe9770.s:3142   .data.ir_pair_timeout_ms:00000000 ir_pair_timeout_ms
C:\Users\24705\AppData\Local\Temp\ccUe9770.s:3326   .bss.ir_rear_event_count:00000000 ir_rear_event_count
C:\Users\24705\AppData\Local\Temp\ccUe9770.s:3312   .bss.ir_rear_event_sample:00000000 ir_rear_event_sample
C:\Users\24705\AppData\Local\Temp\ccUe9770.s:3298   .bss.ir_rear_event_pending:00000000 ir_rear_event_pending
C:\Users\24705\AppData\Local\Temp\ccUe9770.s:1859   .text.IR_ScanCompletedBlock:000003cc $t
C:\Users\24705\AppData\Local\Temp\ccUe9770.s:1886   .text.IR_ScanCompletedBlock:000003f0 $d
C:\Users\24705\AppData\Local\Temp\ccUe9770.s:3319   .bss.ir_front_event_count:00000000 ir_front_event_count
C:\Users\24705\AppData\Local\Temp\ccUe9770.s:3305   .bss.ir_front_event_sample:00000000 ir_front_event_sample
C:\Users\24705\AppData\Local\Temp\ccUe9770.s:3292   .bss.ir_front_event_pending:00000000 ir_front_event_pending
C:\Users\24705\AppData\Local\Temp\ccUe9770.s:1896   .text.IR_Acquisition_SetDacCodes:00000000 $t
C:\Users\24705\AppData\Local\Temp\ccUe9770.s:1902   .text.IR_Acquisition_SetDacCodes:00000000 IR_Acquisition_SetDacCodes
C:\Users\24705\AppData\Local\Temp\ccUe9770.s:2007   .text.IR_Acquisition_SetDacCodes:00000070 $d
C:\Users\24705\AppData\Local\Temp\ccUe9770.s:3352   .data.ir_dac1_code:00000000 ir_dac1_code
C:\Users\24705\AppData\Local\Temp\ccUe9770.s:3345   .data.ir_dac2_code:00000000 ir_dac2_code
C:\Users\24705\AppData\Local\Temp\ccUe9770.s:3359   .bss.adc_error_count:00000000 adc_error_count
C:\Users\24705\AppData\Local\Temp\ccUe9770.s:3338   .bss.ir_acquisition_ready:00000000 ir_acquisition_ready
C:\Users\24705\AppData\Local\Temp\ccUe9770.s:2980   .bss.applied_dac1:00000000 applied_dac1
C:\Users\24705\AppData\Local\Temp\ccUe9770.s:2974   .bss.applied_dac2:00000000 applied_dac2
C:\Users\24705\AppData\Local\Temp\ccUe9770.s:2019   .text.IR_Acquisition_Init:00000000 $t
C:\Users\24705\AppData\Local\Temp\ccUe9770.s:2025   .text.IR_Acquisition_Init:00000000 IR_Acquisition_Init
C:\Users\24705\AppData\Local\Temp\ccUe9770.s:2423   .text.IR_Acquisition_Init:000001a4 $d
C:\Users\24705\AppData\Local\Temp\ccUe9770.s:2446   .text.IR_Acquisition_PublishLatest:00000000 $t
C:\Users\24705\AppData\Local\Temp\ccUe9770.s:2452   .text.IR_Acquisition_PublishLatest:00000000 IR_Acquisition_PublishLatest
C:\Users\24705\AppData\Local\Temp\ccUe9770.s:2650   .text.IR_Acquisition_PublishLatest:000000bc $d
C:\Users\24705\AppData\Local\Temp\ccUe9770.s:2998   .bss.completed_sequence:00000000 completed_sequence
C:\Users\24705\AppData\Local\Temp\ccUe9770.s:2992   .bss.completed_offset:00000000 completed_offset
C:\Users\24705\AppData\Local\Temp\ccUe9770.s:2986   .bss.published_sequence:00000000 published_sequence
C:\Users\24705\AppData\Local\Temp\ccUe9770.s:3387   .bss.et1_raw:00000000 et1_raw
C:\Users\24705\AppData\Local\Temp\ccUe9770.s:3380   .bss.et2_raw:00000000 et2_raw
C:\Users\24705\AppData\Local\Temp\ccUe9770.s:2667   .text.IR_Acquisition_TakeRearEvent:00000000 $t
C:\Users\24705\AppData\Local\Temp\ccUe9770.s:2673   .text.IR_Acquisition_TakeRearEvent:00000000 IR_Acquisition_TakeRearEvent
C:\Users\24705\AppData\Local\Temp\ccUe9770.s:2703   .text.IR_Acquisition_TakeRearEvent:00000014 $d
C:\Users\24705\AppData\Local\Temp\ccUe9770.s:2708   .text.IR_Acquisition_TakeFrontEvent:00000000 $t
C:\Users\24705\AppData\Local\Temp\ccUe9770.s:2714   .text.IR_Acquisition_TakeFrontEvent:00000000 IR_Acquisition_TakeFrontEvent
C:\Users\24705\AppData\Local\Temp\ccUe9770.s:2744   .text.IR_Acquisition_TakeFrontEvent:00000014 $d
C:\Users\24705\AppData\Local\Temp\ccUe9770.s:2749   .text.HAL_ADC_ConvHalfCpltCallback:00000000 $t
C:\Users\24705\AppData\Local\Temp\ccUe9770.s:2755   .text.HAL_ADC_ConvHalfCpltCallback:00000000 HAL_ADC_ConvHalfCpltCallback
C:\Users\24705\AppData\Local\Temp\ccUe9770.s:2808   .text.HAL_ADC_ConvHalfCpltCallback:00000028 $d
C:\Users\24705\AppData\Local\Temp\ccUe9770.s:3373   .bss.adc_half_count:00000000 adc_half_count
C:\Users\24705\AppData\Local\Temp\ccUe9770.s:2816   .text.HAL_ADC_ConvCpltCallback:00000000 $t
C:\Users\24705\AppData\Local\Temp\ccUe9770.s:2822   .text.HAL_ADC_ConvCpltCallback:00000000 HAL_ADC_ConvCpltCallback
C:\Users\24705\AppData\Local\Temp\ccUe9770.s:2875   .text.HAL_ADC_ConvCpltCallback:00000028 $d
C:\Users\24705\AppData\Local\Temp\ccUe9770.s:3366   .bss.adc_full_count:00000000 adc_full_count
C:\Users\24705\AppData\Local\Temp\ccUe9770.s:2883   .text.HAL_ADC_ErrorCallback:00000000 $t
C:\Users\24705\AppData\Local\Temp\ccUe9770.s:2889   .text.HAL_ADC_ErrorCallback:00000000 HAL_ADC_ErrorCallback
C:\Users\24705\AppData\Local\Temp\ccUe9770.s:2923   .text.HAL_ADC_ErrorCallback:00000018 $d
C:\Users\24705\AppData\Local\Temp\ccUe9770.s:2930   .bss.front_baseline_q16:00000000 $d
ARM GAS  C:\Users\24705\AppData\Local\Temp\ccUe9770.s 			page 76


C:\Users\24705\AppData\Local\Temp\ccUe9770.s:2936   .bss.rear_baseline_q16:00000000 $d
C:\Users\24705\AppData\Local\Temp\ccUe9770.s:2942   .bss.front_histogram:00000000 $d
C:\Users\24705\AppData\Local\Temp\ccUe9770.s:2948   .bss.rear_histogram:00000000 $d
C:\Users\24705\AppData\Local\Temp\ccUe9770.s:2954   .bss.calibration_sample_count:00000000 $d
C:\Users\24705\AppData\Local\Temp\ccUe9770.s:2960   .bss.calibration_start_tick:00000000 $d
C:\Users\24705\AppData\Local\Temp\ccUe9770.s:2969   .bss.baseline_ready:00000000 $d
C:\Users\24705\AppData\Local\Temp\ccUe9770.s:2971   .bss.applied_dac2:00000000 $d
C:\Users\24705\AppData\Local\Temp\ccUe9770.s:2977   .bss.applied_dac1:00000000 $d
C:\Users\24705\AppData\Local\Temp\ccUe9770.s:2983   .bss.published_sequence:00000000 $d
C:\Users\24705\AppData\Local\Temp\ccUe9770.s:2989   .bss.completed_offset:00000000 $d
C:\Users\24705\AppData\Local\Temp\ccUe9770.s:2995   .bss.completed_sequence:00000000 $d
C:\Users\24705\AppData\Local\Temp\ccUe9770.s:3001   .bss.rear_detector:00000000 $d
C:\Users\24705\AppData\Local\Temp\ccUe9770.s:3007   .bss.front_detector:00000000 $d
C:\Users\24705\AppData\Local\Temp\ccUe9770.s:3016   .bss.pair_tail:00000000 $d
C:\Users\24705\AppData\Local\Temp\ccUe9770.s:3021   .bss.pair_head:00000000 $d
C:\Users\24705\AppData\Local\Temp\ccUe9770.s:3023   .bss.pair_ticks:00000000 $d
C:\Users\24705\AppData\Local\Temp\ccUe9770.s:3029   .bss.sample_tick:00000000 $d
C:\Users\24705\AppData\Local\Temp\ccUe9770.s:3036   .bss.ir_last_speed_mm_s:00000000 $d
C:\Users\24705\AppData\Local\Temp\ccUe9770.s:3043   .bss.ir_last_pair_us:00000000 $d
C:\Users\24705\AppData\Local\Temp\ccUe9770.s:3050   .bss.ir_unpaired_front_count:00000000 $d
C:\Users\24705\AppData\Local\Temp\ccUe9770.s:3057   .bss.ir_pair_dropped_count:00000000 $d
C:\Users\24705\AppData\Local\Temp\ccUe9770.s:3064   .bss.ir_pair_timeout_count:00000000 $d
C:\Users\24705\AppData\Local\Temp\ccUe9770.s:3071   .bss.ir_shot_count:00000000 $d
C:\Users\24705\AppData\Local\Temp\ccUe9770.s:3081   .bss.ir_rear_active:00000000 $d
C:\Users\24705\AppData\Local\Temp\ccUe9770.s:3087   .bss.ir_front_active:00000000 $d
C:\Users\24705\AppData\Local\Temp\ccUe9770.s:3090   .bss.ir_rear_pp_max_5s:00000000 $d
C:\Users\24705\AppData\Local\Temp\ccUe9770.s:3097   .bss.ir_front_pp_max_5s:00000000 $d
C:\Users\24705\AppData\Local\Temp\ccUe9770.s:3104   .bss.ir_rear_pp:00000000 $d
C:\Users\24705\AppData\Local\Temp\ccUe9770.s:3111   .bss.ir_front_pp:00000000 $d
C:\Users\24705\AppData\Local\Temp\ccUe9770.s:3118   .data.ir_distance_mm:00000000 $d
C:\Users\24705\AppData\Local\Temp\ccUe9770.s:3125   .data.ir_rebase_after_ms:00000000 $d
C:\Users\24705\AppData\Local\Temp\ccUe9770.s:3132   .data.ir_pair_min_us:00000000 $d
C:\Users\24705\AppData\Local\Temp\ccUe9770.s:3139   .data.ir_pair_timeout_ms:00000000 $d
C:\Users\24705\AppData\Local\Temp\ccUe9770.s:3146   .data.ir_quiet_ms:00000000 $d
C:\Users\24705\AppData\Local\Temp\ccUe9770.s:3153   .data.ir_release_percent:00000000 $d
C:\Users\24705\AppData\Local\Temp\ccUe9770.s:3160   .data.ir_confirm_samples:00000000 $d
C:\Users\24705\AppData\Local\Temp\ccUe9770.s:3167   .data.ir_rear_level_threshold:00000000 $d
C:\Users\24705\AppData\Local\Temp\ccUe9770.s:3174   .data.ir_front_level_threshold:00000000 $d
C:\Users\24705\AppData\Local\Temp\ccUe9770.s:3181   .data.ir_rear_pp_threshold:00000000 $d
C:\Users\24705\AppData\Local\Temp\ccUe9770.s:3188   .data.ir_front_pp_threshold:00000000 $d
C:\Users\24705\AppData\Local\Temp\ccUe9770.s:3195   .data.ir_window_samples:00000000 $d
C:\Users\24705\AppData\Local\Temp\ccUe9770.s:3201   .bss.adc_max_window_tick:00000000 $d
C:\Users\24705\AppData\Local\Temp\ccUe9770.s:3208   .bss.ir_rear_adc_max_5s:00000000 $d
C:\Users\24705\AppData\Local\Temp\ccUe9770.s:3215   .bss.ir_front_adc_max_5s:00000000 $d
C:\Users\24705\AppData\Local\Temp\ccUe9770.s:3225   .bss.ir_extrema_hold:00000000 $d
C:\Users\24705\AppData\Local\Temp\ccUe9770.s:3234   .bss.ir_extrema_reset_count:00000000 $d
C:\Users\24705\AppData\Local\Temp\ccUe9770.s:3241   .bss.ir_extrema_sample_count:00000000 $d
C:\Users\24705\AppData\Local\Temp\ccUe9770.s:3248   .bss.ir_rear_raw_reference:00000000 $d
C:\Users\24705\AppData\Local\Temp\ccUe9770.s:3255   .bss.ir_front_raw_reference:00000000 $d
C:\Users\24705\AppData\Local\Temp\ccUe9770.s:3262   .bss.ir_rear_raw_max:00000000 $d
C:\Users\24705\AppData\Local\Temp\ccUe9770.s:3269   .data.ir_rear_raw_min:00000000 $d
C:\Users\24705\AppData\Local\Temp\ccUe9770.s:3276   .bss.ir_front_raw_max:00000000 $d
C:\Users\24705\AppData\Local\Temp\ccUe9770.s:3283   .data.ir_front_raw_min:00000000 $d
C:\Users\24705\AppData\Local\Temp\ccUe9770.s:3293   .bss.ir_front_event_pending:00000000 $d
C:\Users\24705\AppData\Local\Temp\ccUe9770.s:3299   .bss.ir_rear_event_pending:00000000 $d
C:\Users\24705\AppData\Local\Temp\ccUe9770.s:3302   .bss.ir_front_event_sample:00000000 $d
C:\Users\24705\AppData\Local\Temp\ccUe9770.s:3309   .bss.ir_rear_event_sample:00000000 $d
ARM GAS  C:\Users\24705\AppData\Local\Temp\ccUe9770.s 			page 77


C:\Users\24705\AppData\Local\Temp\ccUe9770.s:3316   .bss.ir_front_event_count:00000000 $d
C:\Users\24705\AppData\Local\Temp\ccUe9770.s:3323   .bss.ir_rear_event_count:00000000 $d
C:\Users\24705\AppData\Local\Temp\ccUe9770.s:3333   .bss.g_sensor_detection_ready:00000000 $d
C:\Users\24705\AppData\Local\Temp\ccUe9770.s:3339   .bss.ir_acquisition_ready:00000000 $d
C:\Users\24705\AppData\Local\Temp\ccUe9770.s:3342   .data.ir_dac2_code:00000000 $d
C:\Users\24705\AppData\Local\Temp\ccUe9770.s:3349   .data.ir_dac1_code:00000000 $d
C:\Users\24705\AppData\Local\Temp\ccUe9770.s:3356   .bss.adc_error_count:00000000 $d
C:\Users\24705\AppData\Local\Temp\ccUe9770.s:3363   .bss.adc_full_count:00000000 $d
C:\Users\24705\AppData\Local\Temp\ccUe9770.s:3370   .bss.adc_half_count:00000000 $d
C:\Users\24705\AppData\Local\Temp\ccUe9770.s:3377   .bss.et2_raw:00000000 $d
C:\Users\24705\AppData\Local\Temp\ccUe9770.s:3384   .bss.et1_raw:00000000 $d
C:\Users\24705\AppData\Local\Temp\ccUe9770.s:3391   .bss.adc_dma_buf:00000000 $d

UNDEFINED SYMBOLS
__aeabi_uidiv
g_dbg_rear_baseline
g_dbg_front_baseline
g_dbg_rear_threshold
g_dbg_front_threshold
HAL_GetTick
HAL_DAC_SetValue
hdac
memset
HAL_DAC_ConfigChannel
HAL_DAC_Start
HAL_TIM_Base_Init
HAL_TIMEx_MasterConfigSynchronization
HAL_ADC_Init
HAL_ADC_ConfigChannel
HAL_ADCEx_Calibration_Start
HAL_ADC_Start_DMA
HAL_TIM_Base_Start
htim3
hadc
hdma_adc
