ARM GAS  C:\Users\24705\AppData\Local\Temp\ccToMTbw.s 			page 1


   1              		.cpu cortex-m0
   2              		.arch armv6s-m
   3              		.fpu softvfp
   4              		.eabi_attribute 20, 1
   5              		.eabi_attribute 21, 1
   6              		.eabi_attribute 23, 3
   7              		.eabi_attribute 24, 1
   8              		.eabi_attribute 25, 1
   9              		.eabi_attribute 26, 1
  10              		.eabi_attribute 30, 1
  11              		.eabi_attribute 34, 0
  12              		.eabi_attribute 18, 4
  13              		.file	"reliability.c"
  14              		.text
  15              	.Ltext0:
  16              		.cfi_sections	.debug_frame
  17              		.file 1 "Core/Src/reliability.c"
  18              		.section	.text.__NVIC_SystemReset,"ax",%progbits
  19              		.align	1
  20              		.syntax unified
  21              		.code	16
  22              		.thumb_func
  24              	__NVIC_SystemReset:
  25              	.LFB37:
  26              		.file 2 "Drivers/CMSIS/Include/core_cm0.h"
   1:Drivers/CMSIS/Include/core_cm0.h **** /**************************************************************************//**
   2:Drivers/CMSIS/Include/core_cm0.h ****  * @file     core_cm0.h
   3:Drivers/CMSIS/Include/core_cm0.h ****  * @brief    CMSIS Cortex-M0 Core Peripheral Access Layer Header File
   4:Drivers/CMSIS/Include/core_cm0.h ****  * @version  V5.0.5
   5:Drivers/CMSIS/Include/core_cm0.h ****  * @date     28. May 2018
   6:Drivers/CMSIS/Include/core_cm0.h ****  ******************************************************************************/
   7:Drivers/CMSIS/Include/core_cm0.h **** /*
   8:Drivers/CMSIS/Include/core_cm0.h ****  * Copyright (c) 2009-2018 Arm Limited. All rights reserved.
   9:Drivers/CMSIS/Include/core_cm0.h ****  *
  10:Drivers/CMSIS/Include/core_cm0.h ****  * SPDX-License-Identifier: Apache-2.0
  11:Drivers/CMSIS/Include/core_cm0.h ****  *
  12:Drivers/CMSIS/Include/core_cm0.h ****  * Licensed under the Apache License, Version 2.0 (the License); you may
  13:Drivers/CMSIS/Include/core_cm0.h ****  * not use this file except in compliance with the License.
  14:Drivers/CMSIS/Include/core_cm0.h ****  * You may obtain a copy of the License at
  15:Drivers/CMSIS/Include/core_cm0.h ****  *
  16:Drivers/CMSIS/Include/core_cm0.h ****  * www.apache.org/licenses/LICENSE-2.0
  17:Drivers/CMSIS/Include/core_cm0.h ****  *
  18:Drivers/CMSIS/Include/core_cm0.h ****  * Unless required by applicable law or agreed to in writing, software
  19:Drivers/CMSIS/Include/core_cm0.h ****  * distributed under the License is distributed on an AS IS BASIS, WITHOUT
  20:Drivers/CMSIS/Include/core_cm0.h ****  * WARRANTIES OR CONDITIONS OF ANY KIND, either express or implied.
  21:Drivers/CMSIS/Include/core_cm0.h ****  * See the License for the specific language governing permissions and
  22:Drivers/CMSIS/Include/core_cm0.h ****  * limitations under the License.
  23:Drivers/CMSIS/Include/core_cm0.h ****  */
  24:Drivers/CMSIS/Include/core_cm0.h **** 
  25:Drivers/CMSIS/Include/core_cm0.h **** #if   defined ( __ICCARM__ )
  26:Drivers/CMSIS/Include/core_cm0.h ****   #pragma system_include         /* treat file as system include file for MISRA check */
  27:Drivers/CMSIS/Include/core_cm0.h **** #elif defined (__clang__)
  28:Drivers/CMSIS/Include/core_cm0.h ****   #pragma clang system_header   /* treat file as system include file */
  29:Drivers/CMSIS/Include/core_cm0.h **** #endif
  30:Drivers/CMSIS/Include/core_cm0.h **** 
  31:Drivers/CMSIS/Include/core_cm0.h **** #ifndef __CORE_CM0_H_GENERIC
  32:Drivers/CMSIS/Include/core_cm0.h **** #define __CORE_CM0_H_GENERIC
ARM GAS  C:\Users\24705\AppData\Local\Temp\ccToMTbw.s 			page 2


  33:Drivers/CMSIS/Include/core_cm0.h **** 
  34:Drivers/CMSIS/Include/core_cm0.h **** #include <stdint.h>
  35:Drivers/CMSIS/Include/core_cm0.h **** 
  36:Drivers/CMSIS/Include/core_cm0.h **** #ifdef __cplusplus
  37:Drivers/CMSIS/Include/core_cm0.h ****  extern "C" {
  38:Drivers/CMSIS/Include/core_cm0.h **** #endif
  39:Drivers/CMSIS/Include/core_cm0.h **** 
  40:Drivers/CMSIS/Include/core_cm0.h **** /**
  41:Drivers/CMSIS/Include/core_cm0.h ****   \page CMSIS_MISRA_Exceptions  MISRA-C:2004 Compliance Exceptions
  42:Drivers/CMSIS/Include/core_cm0.h ****   CMSIS violates the following MISRA-C:2004 rules:
  43:Drivers/CMSIS/Include/core_cm0.h **** 
  44:Drivers/CMSIS/Include/core_cm0.h ****    \li Required Rule 8.5, object/function definition in header file.<br>
  45:Drivers/CMSIS/Include/core_cm0.h ****      Function definitions in header files are used to allow 'inlining'.
  46:Drivers/CMSIS/Include/core_cm0.h **** 
  47:Drivers/CMSIS/Include/core_cm0.h ****    \li Required Rule 18.4, declaration of union type or object of union type: '{...}'.<br>
  48:Drivers/CMSIS/Include/core_cm0.h ****      Unions are used for effective representation of core registers.
  49:Drivers/CMSIS/Include/core_cm0.h **** 
  50:Drivers/CMSIS/Include/core_cm0.h ****    \li Advisory Rule 19.7, Function-like macro defined.<br>
  51:Drivers/CMSIS/Include/core_cm0.h ****      Function-like macros are used to allow more efficient code.
  52:Drivers/CMSIS/Include/core_cm0.h ****  */
  53:Drivers/CMSIS/Include/core_cm0.h **** 
  54:Drivers/CMSIS/Include/core_cm0.h **** 
  55:Drivers/CMSIS/Include/core_cm0.h **** /*******************************************************************************
  56:Drivers/CMSIS/Include/core_cm0.h ****  *                 CMSIS definitions
  57:Drivers/CMSIS/Include/core_cm0.h ****  ******************************************************************************/
  58:Drivers/CMSIS/Include/core_cm0.h **** /**
  59:Drivers/CMSIS/Include/core_cm0.h ****   \ingroup Cortex_M0
  60:Drivers/CMSIS/Include/core_cm0.h ****   @{
  61:Drivers/CMSIS/Include/core_cm0.h ****  */
  62:Drivers/CMSIS/Include/core_cm0.h **** 
  63:Drivers/CMSIS/Include/core_cm0.h **** #include "cmsis_version.h"
  64:Drivers/CMSIS/Include/core_cm0.h ****  
  65:Drivers/CMSIS/Include/core_cm0.h **** /*  CMSIS CM0 definitions */
  66:Drivers/CMSIS/Include/core_cm0.h **** #define __CM0_CMSIS_VERSION_MAIN  (__CM_CMSIS_VERSION_MAIN)              /*!< \deprecated [31:16] C
  67:Drivers/CMSIS/Include/core_cm0.h **** #define __CM0_CMSIS_VERSION_SUB   (__CM_CMSIS_VERSION_SUB)               /*!< \deprecated [15:0]  C
  68:Drivers/CMSIS/Include/core_cm0.h **** #define __CM0_CMSIS_VERSION       ((__CM0_CMSIS_VERSION_MAIN << 16U) | \
  69:Drivers/CMSIS/Include/core_cm0.h ****                                     __CM0_CMSIS_VERSION_SUB           )  /*!< \deprecated CMSIS HAL
  70:Drivers/CMSIS/Include/core_cm0.h **** 
  71:Drivers/CMSIS/Include/core_cm0.h **** #define __CORTEX_M                (0U)                                   /*!< Cortex-M Core */
  72:Drivers/CMSIS/Include/core_cm0.h **** 
  73:Drivers/CMSIS/Include/core_cm0.h **** /** __FPU_USED indicates whether an FPU is used or not.
  74:Drivers/CMSIS/Include/core_cm0.h ****     This core does not support an FPU at all
  75:Drivers/CMSIS/Include/core_cm0.h **** */
  76:Drivers/CMSIS/Include/core_cm0.h **** #define __FPU_USED       0U
  77:Drivers/CMSIS/Include/core_cm0.h **** 
  78:Drivers/CMSIS/Include/core_cm0.h **** #if defined ( __CC_ARM )
  79:Drivers/CMSIS/Include/core_cm0.h ****   #if defined __TARGET_FPU_VFP
  80:Drivers/CMSIS/Include/core_cm0.h ****     #error "Compiler generates FPU instructions for a device without an FPU (check __FPU_PRESENT)"
  81:Drivers/CMSIS/Include/core_cm0.h ****   #endif
  82:Drivers/CMSIS/Include/core_cm0.h **** 
  83:Drivers/CMSIS/Include/core_cm0.h **** #elif defined (__ARMCC_VERSION) && (__ARMCC_VERSION >= 6010050)
  84:Drivers/CMSIS/Include/core_cm0.h ****   #if defined __ARM_PCS_VFP
  85:Drivers/CMSIS/Include/core_cm0.h ****     #error "Compiler generates FPU instructions for a device without an FPU (check __FPU_PRESENT)"
  86:Drivers/CMSIS/Include/core_cm0.h ****   #endif
  87:Drivers/CMSIS/Include/core_cm0.h **** 
  88:Drivers/CMSIS/Include/core_cm0.h **** #elif defined ( __GNUC__ )
  89:Drivers/CMSIS/Include/core_cm0.h ****   #if defined (__VFP_FP__) && !defined(__SOFTFP__)
ARM GAS  C:\Users\24705\AppData\Local\Temp\ccToMTbw.s 			page 3


  90:Drivers/CMSIS/Include/core_cm0.h ****     #error "Compiler generates FPU instructions for a device without an FPU (check __FPU_PRESENT)"
  91:Drivers/CMSIS/Include/core_cm0.h ****   #endif
  92:Drivers/CMSIS/Include/core_cm0.h **** 
  93:Drivers/CMSIS/Include/core_cm0.h **** #elif defined ( __ICCARM__ )
  94:Drivers/CMSIS/Include/core_cm0.h ****   #if defined __ARMVFP__
  95:Drivers/CMSIS/Include/core_cm0.h ****     #error "Compiler generates FPU instructions for a device without an FPU (check __FPU_PRESENT)"
  96:Drivers/CMSIS/Include/core_cm0.h ****   #endif
  97:Drivers/CMSIS/Include/core_cm0.h **** 
  98:Drivers/CMSIS/Include/core_cm0.h **** #elif defined ( __TI_ARM__ )
  99:Drivers/CMSIS/Include/core_cm0.h ****   #if defined __TI_VFP_SUPPORT__
 100:Drivers/CMSIS/Include/core_cm0.h ****     #error "Compiler generates FPU instructions for a device without an FPU (check __FPU_PRESENT)"
 101:Drivers/CMSIS/Include/core_cm0.h ****   #endif
 102:Drivers/CMSIS/Include/core_cm0.h **** 
 103:Drivers/CMSIS/Include/core_cm0.h **** #elif defined ( __TASKING__ )
 104:Drivers/CMSIS/Include/core_cm0.h ****   #if defined __FPU_VFP__
 105:Drivers/CMSIS/Include/core_cm0.h ****     #error "Compiler generates FPU instructions for a device without an FPU (check __FPU_PRESENT)"
 106:Drivers/CMSIS/Include/core_cm0.h ****   #endif
 107:Drivers/CMSIS/Include/core_cm0.h **** 
 108:Drivers/CMSIS/Include/core_cm0.h **** #elif defined ( __CSMC__ )
 109:Drivers/CMSIS/Include/core_cm0.h ****   #if ( __CSMC__ & 0x400U)
 110:Drivers/CMSIS/Include/core_cm0.h ****     #error "Compiler generates FPU instructions for a device without an FPU (check __FPU_PRESENT)"
 111:Drivers/CMSIS/Include/core_cm0.h ****   #endif
 112:Drivers/CMSIS/Include/core_cm0.h **** 
 113:Drivers/CMSIS/Include/core_cm0.h **** #endif
 114:Drivers/CMSIS/Include/core_cm0.h **** 
 115:Drivers/CMSIS/Include/core_cm0.h **** #include "cmsis_compiler.h"               /* CMSIS compiler specific defines */
 116:Drivers/CMSIS/Include/core_cm0.h **** 
 117:Drivers/CMSIS/Include/core_cm0.h **** 
 118:Drivers/CMSIS/Include/core_cm0.h **** #ifdef __cplusplus
 119:Drivers/CMSIS/Include/core_cm0.h **** }
 120:Drivers/CMSIS/Include/core_cm0.h **** #endif
 121:Drivers/CMSIS/Include/core_cm0.h **** 
 122:Drivers/CMSIS/Include/core_cm0.h **** #endif /* __CORE_CM0_H_GENERIC */
 123:Drivers/CMSIS/Include/core_cm0.h **** 
 124:Drivers/CMSIS/Include/core_cm0.h **** #ifndef __CMSIS_GENERIC
 125:Drivers/CMSIS/Include/core_cm0.h **** 
 126:Drivers/CMSIS/Include/core_cm0.h **** #ifndef __CORE_CM0_H_DEPENDANT
 127:Drivers/CMSIS/Include/core_cm0.h **** #define __CORE_CM0_H_DEPENDANT
 128:Drivers/CMSIS/Include/core_cm0.h **** 
 129:Drivers/CMSIS/Include/core_cm0.h **** #ifdef __cplusplus
 130:Drivers/CMSIS/Include/core_cm0.h ****  extern "C" {
 131:Drivers/CMSIS/Include/core_cm0.h **** #endif
 132:Drivers/CMSIS/Include/core_cm0.h **** 
 133:Drivers/CMSIS/Include/core_cm0.h **** /* check device defines and use defaults */
 134:Drivers/CMSIS/Include/core_cm0.h **** #if defined __CHECK_DEVICE_DEFINES
 135:Drivers/CMSIS/Include/core_cm0.h ****   #ifndef __CM0_REV
 136:Drivers/CMSIS/Include/core_cm0.h ****     #define __CM0_REV               0x0000U
 137:Drivers/CMSIS/Include/core_cm0.h ****     #warning "__CM0_REV not defined in device header file; using default!"
 138:Drivers/CMSIS/Include/core_cm0.h ****   #endif
 139:Drivers/CMSIS/Include/core_cm0.h **** 
 140:Drivers/CMSIS/Include/core_cm0.h ****   #ifndef __NVIC_PRIO_BITS
 141:Drivers/CMSIS/Include/core_cm0.h ****     #define __NVIC_PRIO_BITS          2U
 142:Drivers/CMSIS/Include/core_cm0.h ****     #warning "__NVIC_PRIO_BITS not defined in device header file; using default!"
 143:Drivers/CMSIS/Include/core_cm0.h ****   #endif
 144:Drivers/CMSIS/Include/core_cm0.h **** 
 145:Drivers/CMSIS/Include/core_cm0.h ****   #ifndef __Vendor_SysTickConfig
 146:Drivers/CMSIS/Include/core_cm0.h ****     #define __Vendor_SysTickConfig    0U
ARM GAS  C:\Users\24705\AppData\Local\Temp\ccToMTbw.s 			page 4


 147:Drivers/CMSIS/Include/core_cm0.h ****     #warning "__Vendor_SysTickConfig not defined in device header file; using default!"
 148:Drivers/CMSIS/Include/core_cm0.h ****   #endif
 149:Drivers/CMSIS/Include/core_cm0.h **** #endif
 150:Drivers/CMSIS/Include/core_cm0.h **** 
 151:Drivers/CMSIS/Include/core_cm0.h **** /* IO definitions (access restrictions to peripheral registers) */
 152:Drivers/CMSIS/Include/core_cm0.h **** /**
 153:Drivers/CMSIS/Include/core_cm0.h ****     \defgroup CMSIS_glob_defs CMSIS Global Defines
 154:Drivers/CMSIS/Include/core_cm0.h **** 
 155:Drivers/CMSIS/Include/core_cm0.h ****     <strong>IO Type Qualifiers</strong> are used
 156:Drivers/CMSIS/Include/core_cm0.h ****     \li to specify the access to peripheral variables.
 157:Drivers/CMSIS/Include/core_cm0.h ****     \li for automatic generation of peripheral register debug information.
 158:Drivers/CMSIS/Include/core_cm0.h **** */
 159:Drivers/CMSIS/Include/core_cm0.h **** #ifdef __cplusplus
 160:Drivers/CMSIS/Include/core_cm0.h ****   #define   __I     volatile             /*!< Defines 'read only' permissions */
 161:Drivers/CMSIS/Include/core_cm0.h **** #else
 162:Drivers/CMSIS/Include/core_cm0.h ****   #define   __I     volatile const       /*!< Defines 'read only' permissions */
 163:Drivers/CMSIS/Include/core_cm0.h **** #endif
 164:Drivers/CMSIS/Include/core_cm0.h **** #define     __O     volatile             /*!< Defines 'write only' permissions */
 165:Drivers/CMSIS/Include/core_cm0.h **** #define     __IO    volatile             /*!< Defines 'read / write' permissions */
 166:Drivers/CMSIS/Include/core_cm0.h **** 
 167:Drivers/CMSIS/Include/core_cm0.h **** /* following defines should be used for structure members */
 168:Drivers/CMSIS/Include/core_cm0.h **** #define     __IM     volatile const      /*! Defines 'read only' structure member permissions */
 169:Drivers/CMSIS/Include/core_cm0.h **** #define     __OM     volatile            /*! Defines 'write only' structure member permissions */
 170:Drivers/CMSIS/Include/core_cm0.h **** #define     __IOM    volatile            /*! Defines 'read / write' structure member permissions */
 171:Drivers/CMSIS/Include/core_cm0.h **** 
 172:Drivers/CMSIS/Include/core_cm0.h **** /*@} end of group Cortex_M0 */
 173:Drivers/CMSIS/Include/core_cm0.h **** 
 174:Drivers/CMSIS/Include/core_cm0.h **** 
 175:Drivers/CMSIS/Include/core_cm0.h **** 
 176:Drivers/CMSIS/Include/core_cm0.h **** /*******************************************************************************
 177:Drivers/CMSIS/Include/core_cm0.h ****  *                 Register Abstraction
 178:Drivers/CMSIS/Include/core_cm0.h ****   Core Register contain:
 179:Drivers/CMSIS/Include/core_cm0.h ****   - Core Register
 180:Drivers/CMSIS/Include/core_cm0.h ****   - Core NVIC Register
 181:Drivers/CMSIS/Include/core_cm0.h ****   - Core SCB Register
 182:Drivers/CMSIS/Include/core_cm0.h ****   - Core SysTick Register
 183:Drivers/CMSIS/Include/core_cm0.h ****  ******************************************************************************/
 184:Drivers/CMSIS/Include/core_cm0.h **** /**
 185:Drivers/CMSIS/Include/core_cm0.h ****   \defgroup CMSIS_core_register Defines and Type Definitions
 186:Drivers/CMSIS/Include/core_cm0.h ****   \brief Type definitions and defines for Cortex-M processor based devices.
 187:Drivers/CMSIS/Include/core_cm0.h **** */
 188:Drivers/CMSIS/Include/core_cm0.h **** 
 189:Drivers/CMSIS/Include/core_cm0.h **** /**
 190:Drivers/CMSIS/Include/core_cm0.h ****   \ingroup    CMSIS_core_register
 191:Drivers/CMSIS/Include/core_cm0.h ****   \defgroup   CMSIS_CORE  Status and Control Registers
 192:Drivers/CMSIS/Include/core_cm0.h ****   \brief      Core Register type definitions.
 193:Drivers/CMSIS/Include/core_cm0.h ****   @{
 194:Drivers/CMSIS/Include/core_cm0.h ****  */
 195:Drivers/CMSIS/Include/core_cm0.h **** 
 196:Drivers/CMSIS/Include/core_cm0.h **** /**
 197:Drivers/CMSIS/Include/core_cm0.h ****   \brief  Union type to access the Application Program Status Register (APSR).
 198:Drivers/CMSIS/Include/core_cm0.h ****  */
 199:Drivers/CMSIS/Include/core_cm0.h **** typedef union
 200:Drivers/CMSIS/Include/core_cm0.h **** {
 201:Drivers/CMSIS/Include/core_cm0.h ****   struct
 202:Drivers/CMSIS/Include/core_cm0.h ****   {
 203:Drivers/CMSIS/Include/core_cm0.h ****     uint32_t _reserved0:28;              /*!< bit:  0..27  Reserved */
ARM GAS  C:\Users\24705\AppData\Local\Temp\ccToMTbw.s 			page 5


 204:Drivers/CMSIS/Include/core_cm0.h ****     uint32_t V:1;                        /*!< bit:     28  Overflow condition code flag */
 205:Drivers/CMSIS/Include/core_cm0.h ****     uint32_t C:1;                        /*!< bit:     29  Carry condition code flag */
 206:Drivers/CMSIS/Include/core_cm0.h ****     uint32_t Z:1;                        /*!< bit:     30  Zero condition code flag */
 207:Drivers/CMSIS/Include/core_cm0.h ****     uint32_t N:1;                        /*!< bit:     31  Negative condition code flag */
 208:Drivers/CMSIS/Include/core_cm0.h ****   } b;                                   /*!< Structure used for bit  access */
 209:Drivers/CMSIS/Include/core_cm0.h ****   uint32_t w;                            /*!< Type      used for word access */
 210:Drivers/CMSIS/Include/core_cm0.h **** } APSR_Type;
 211:Drivers/CMSIS/Include/core_cm0.h **** 
 212:Drivers/CMSIS/Include/core_cm0.h **** /* APSR Register Definitions */
 213:Drivers/CMSIS/Include/core_cm0.h **** #define APSR_N_Pos                         31U                                            /*!< APSR
 214:Drivers/CMSIS/Include/core_cm0.h **** #define APSR_N_Msk                         (1UL << APSR_N_Pos)                            /*!< APSR
 215:Drivers/CMSIS/Include/core_cm0.h **** 
 216:Drivers/CMSIS/Include/core_cm0.h **** #define APSR_Z_Pos                         30U                                            /*!< APSR
 217:Drivers/CMSIS/Include/core_cm0.h **** #define APSR_Z_Msk                         (1UL << APSR_Z_Pos)                            /*!< APSR
 218:Drivers/CMSIS/Include/core_cm0.h **** 
 219:Drivers/CMSIS/Include/core_cm0.h **** #define APSR_C_Pos                         29U                                            /*!< APSR
 220:Drivers/CMSIS/Include/core_cm0.h **** #define APSR_C_Msk                         (1UL << APSR_C_Pos)                            /*!< APSR
 221:Drivers/CMSIS/Include/core_cm0.h **** 
 222:Drivers/CMSIS/Include/core_cm0.h **** #define APSR_V_Pos                         28U                                            /*!< APSR
 223:Drivers/CMSIS/Include/core_cm0.h **** #define APSR_V_Msk                         (1UL << APSR_V_Pos)                            /*!< APSR
 224:Drivers/CMSIS/Include/core_cm0.h **** 
 225:Drivers/CMSIS/Include/core_cm0.h **** 
 226:Drivers/CMSIS/Include/core_cm0.h **** /**
 227:Drivers/CMSIS/Include/core_cm0.h ****   \brief  Union type to access the Interrupt Program Status Register (IPSR).
 228:Drivers/CMSIS/Include/core_cm0.h ****  */
 229:Drivers/CMSIS/Include/core_cm0.h **** typedef union
 230:Drivers/CMSIS/Include/core_cm0.h **** {
 231:Drivers/CMSIS/Include/core_cm0.h ****   struct
 232:Drivers/CMSIS/Include/core_cm0.h ****   {
 233:Drivers/CMSIS/Include/core_cm0.h ****     uint32_t ISR:9;                      /*!< bit:  0.. 8  Exception number */
 234:Drivers/CMSIS/Include/core_cm0.h ****     uint32_t _reserved0:23;              /*!< bit:  9..31  Reserved */
 235:Drivers/CMSIS/Include/core_cm0.h ****   } b;                                   /*!< Structure used for bit  access */
 236:Drivers/CMSIS/Include/core_cm0.h ****   uint32_t w;                            /*!< Type      used for word access */
 237:Drivers/CMSIS/Include/core_cm0.h **** } IPSR_Type;
 238:Drivers/CMSIS/Include/core_cm0.h **** 
 239:Drivers/CMSIS/Include/core_cm0.h **** /* IPSR Register Definitions */
 240:Drivers/CMSIS/Include/core_cm0.h **** #define IPSR_ISR_Pos                        0U                                            /*!< IPSR
 241:Drivers/CMSIS/Include/core_cm0.h **** #define IPSR_ISR_Msk                       (0x1FFUL /*<< IPSR_ISR_Pos*/)                  /*!< IPSR
 242:Drivers/CMSIS/Include/core_cm0.h **** 
 243:Drivers/CMSIS/Include/core_cm0.h **** 
 244:Drivers/CMSIS/Include/core_cm0.h **** /**
 245:Drivers/CMSIS/Include/core_cm0.h ****   \brief  Union type to access the Special-Purpose Program Status Registers (xPSR).
 246:Drivers/CMSIS/Include/core_cm0.h ****  */
 247:Drivers/CMSIS/Include/core_cm0.h **** typedef union
 248:Drivers/CMSIS/Include/core_cm0.h **** {
 249:Drivers/CMSIS/Include/core_cm0.h ****   struct
 250:Drivers/CMSIS/Include/core_cm0.h ****   {
 251:Drivers/CMSIS/Include/core_cm0.h ****     uint32_t ISR:9;                      /*!< bit:  0.. 8  Exception number */
 252:Drivers/CMSIS/Include/core_cm0.h ****     uint32_t _reserved0:15;              /*!< bit:  9..23  Reserved */
 253:Drivers/CMSIS/Include/core_cm0.h ****     uint32_t T:1;                        /*!< bit:     24  Thumb bit        (read 0) */
 254:Drivers/CMSIS/Include/core_cm0.h ****     uint32_t _reserved1:3;               /*!< bit: 25..27  Reserved */
 255:Drivers/CMSIS/Include/core_cm0.h ****     uint32_t V:1;                        /*!< bit:     28  Overflow condition code flag */
 256:Drivers/CMSIS/Include/core_cm0.h ****     uint32_t C:1;                        /*!< bit:     29  Carry condition code flag */
 257:Drivers/CMSIS/Include/core_cm0.h ****     uint32_t Z:1;                        /*!< bit:     30  Zero condition code flag */
 258:Drivers/CMSIS/Include/core_cm0.h ****     uint32_t N:1;                        /*!< bit:     31  Negative condition code flag */
 259:Drivers/CMSIS/Include/core_cm0.h ****   } b;                                   /*!< Structure used for bit  access */
 260:Drivers/CMSIS/Include/core_cm0.h ****   uint32_t w;                            /*!< Type      used for word access */
ARM GAS  C:\Users\24705\AppData\Local\Temp\ccToMTbw.s 			page 6


 261:Drivers/CMSIS/Include/core_cm0.h **** } xPSR_Type;
 262:Drivers/CMSIS/Include/core_cm0.h **** 
 263:Drivers/CMSIS/Include/core_cm0.h **** /* xPSR Register Definitions */
 264:Drivers/CMSIS/Include/core_cm0.h **** #define xPSR_N_Pos                         31U                                            /*!< xPSR
 265:Drivers/CMSIS/Include/core_cm0.h **** #define xPSR_N_Msk                         (1UL << xPSR_N_Pos)                            /*!< xPSR
 266:Drivers/CMSIS/Include/core_cm0.h **** 
 267:Drivers/CMSIS/Include/core_cm0.h **** #define xPSR_Z_Pos                         30U                                            /*!< xPSR
 268:Drivers/CMSIS/Include/core_cm0.h **** #define xPSR_Z_Msk                         (1UL << xPSR_Z_Pos)                            /*!< xPSR
 269:Drivers/CMSIS/Include/core_cm0.h **** 
 270:Drivers/CMSIS/Include/core_cm0.h **** #define xPSR_C_Pos                         29U                                            /*!< xPSR
 271:Drivers/CMSIS/Include/core_cm0.h **** #define xPSR_C_Msk                         (1UL << xPSR_C_Pos)                            /*!< xPSR
 272:Drivers/CMSIS/Include/core_cm0.h **** 
 273:Drivers/CMSIS/Include/core_cm0.h **** #define xPSR_V_Pos                         28U                                            /*!< xPSR
 274:Drivers/CMSIS/Include/core_cm0.h **** #define xPSR_V_Msk                         (1UL << xPSR_V_Pos)                            /*!< xPSR
 275:Drivers/CMSIS/Include/core_cm0.h **** 
 276:Drivers/CMSIS/Include/core_cm0.h **** #define xPSR_T_Pos                         24U                                            /*!< xPSR
 277:Drivers/CMSIS/Include/core_cm0.h **** #define xPSR_T_Msk                         (1UL << xPSR_T_Pos)                            /*!< xPSR
 278:Drivers/CMSIS/Include/core_cm0.h **** 
 279:Drivers/CMSIS/Include/core_cm0.h **** #define xPSR_ISR_Pos                        0U                                            /*!< xPSR
 280:Drivers/CMSIS/Include/core_cm0.h **** #define xPSR_ISR_Msk                       (0x1FFUL /*<< xPSR_ISR_Pos*/)                  /*!< xPSR
 281:Drivers/CMSIS/Include/core_cm0.h **** 
 282:Drivers/CMSIS/Include/core_cm0.h **** 
 283:Drivers/CMSIS/Include/core_cm0.h **** /**
 284:Drivers/CMSIS/Include/core_cm0.h ****   \brief  Union type to access the Control Registers (CONTROL).
 285:Drivers/CMSIS/Include/core_cm0.h ****  */
 286:Drivers/CMSIS/Include/core_cm0.h **** typedef union
 287:Drivers/CMSIS/Include/core_cm0.h **** {
 288:Drivers/CMSIS/Include/core_cm0.h ****   struct
 289:Drivers/CMSIS/Include/core_cm0.h ****   {
 290:Drivers/CMSIS/Include/core_cm0.h ****     uint32_t _reserved0:1;               /*!< bit:      0  Reserved */
 291:Drivers/CMSIS/Include/core_cm0.h ****     uint32_t SPSEL:1;                    /*!< bit:      1  Stack to be used */
 292:Drivers/CMSIS/Include/core_cm0.h ****     uint32_t _reserved1:30;              /*!< bit:  2..31  Reserved */
 293:Drivers/CMSIS/Include/core_cm0.h ****   } b;                                   /*!< Structure used for bit  access */
 294:Drivers/CMSIS/Include/core_cm0.h ****   uint32_t w;                            /*!< Type      used for word access */
 295:Drivers/CMSIS/Include/core_cm0.h **** } CONTROL_Type;
 296:Drivers/CMSIS/Include/core_cm0.h **** 
 297:Drivers/CMSIS/Include/core_cm0.h **** /* CONTROL Register Definitions */
 298:Drivers/CMSIS/Include/core_cm0.h **** #define CONTROL_SPSEL_Pos                   1U                                            /*!< CONT
 299:Drivers/CMSIS/Include/core_cm0.h **** #define CONTROL_SPSEL_Msk                  (1UL << CONTROL_SPSEL_Pos)                     /*!< CONT
 300:Drivers/CMSIS/Include/core_cm0.h **** 
 301:Drivers/CMSIS/Include/core_cm0.h **** /*@} end of group CMSIS_CORE */
 302:Drivers/CMSIS/Include/core_cm0.h **** 
 303:Drivers/CMSIS/Include/core_cm0.h **** 
 304:Drivers/CMSIS/Include/core_cm0.h **** /**
 305:Drivers/CMSIS/Include/core_cm0.h ****   \ingroup    CMSIS_core_register
 306:Drivers/CMSIS/Include/core_cm0.h ****   \defgroup   CMSIS_NVIC  Nested Vectored Interrupt Controller (NVIC)
 307:Drivers/CMSIS/Include/core_cm0.h ****   \brief      Type definitions for the NVIC Registers
 308:Drivers/CMSIS/Include/core_cm0.h ****   @{
 309:Drivers/CMSIS/Include/core_cm0.h ****  */
 310:Drivers/CMSIS/Include/core_cm0.h **** 
 311:Drivers/CMSIS/Include/core_cm0.h **** /**
 312:Drivers/CMSIS/Include/core_cm0.h ****   \brief  Structure type to access the Nested Vectored Interrupt Controller (NVIC).
 313:Drivers/CMSIS/Include/core_cm0.h ****  */
 314:Drivers/CMSIS/Include/core_cm0.h **** typedef struct
 315:Drivers/CMSIS/Include/core_cm0.h **** {
 316:Drivers/CMSIS/Include/core_cm0.h ****   __IOM uint32_t ISER[1U];               /*!< Offset: 0x000 (R/W)  Interrupt Set Enable Register */
 317:Drivers/CMSIS/Include/core_cm0.h ****         uint32_t RESERVED0[31U];
ARM GAS  C:\Users\24705\AppData\Local\Temp\ccToMTbw.s 			page 7


 318:Drivers/CMSIS/Include/core_cm0.h ****   __IOM uint32_t ICER[1U];               /*!< Offset: 0x080 (R/W)  Interrupt Clear Enable Register 
 319:Drivers/CMSIS/Include/core_cm0.h ****         uint32_t RSERVED1[31U];
 320:Drivers/CMSIS/Include/core_cm0.h ****   __IOM uint32_t ISPR[1U];               /*!< Offset: 0x100 (R/W)  Interrupt Set Pending Register *
 321:Drivers/CMSIS/Include/core_cm0.h ****         uint32_t RESERVED2[31U];
 322:Drivers/CMSIS/Include/core_cm0.h ****   __IOM uint32_t ICPR[1U];               /*!< Offset: 0x180 (R/W)  Interrupt Clear Pending Register
 323:Drivers/CMSIS/Include/core_cm0.h ****         uint32_t RESERVED3[31U];
 324:Drivers/CMSIS/Include/core_cm0.h ****         uint32_t RESERVED4[64U];
 325:Drivers/CMSIS/Include/core_cm0.h ****   __IOM uint32_t IP[8U];                 /*!< Offset: 0x300 (R/W)  Interrupt Priority Register */
 326:Drivers/CMSIS/Include/core_cm0.h **** }  NVIC_Type;
 327:Drivers/CMSIS/Include/core_cm0.h **** 
 328:Drivers/CMSIS/Include/core_cm0.h **** /*@} end of group CMSIS_NVIC */
 329:Drivers/CMSIS/Include/core_cm0.h **** 
 330:Drivers/CMSIS/Include/core_cm0.h **** 
 331:Drivers/CMSIS/Include/core_cm0.h **** /**
 332:Drivers/CMSIS/Include/core_cm0.h ****   \ingroup  CMSIS_core_register
 333:Drivers/CMSIS/Include/core_cm0.h ****   \defgroup CMSIS_SCB     System Control Block (SCB)
 334:Drivers/CMSIS/Include/core_cm0.h ****   \brief    Type definitions for the System Control Block Registers
 335:Drivers/CMSIS/Include/core_cm0.h ****   @{
 336:Drivers/CMSIS/Include/core_cm0.h ****  */
 337:Drivers/CMSIS/Include/core_cm0.h **** 
 338:Drivers/CMSIS/Include/core_cm0.h **** /**
 339:Drivers/CMSIS/Include/core_cm0.h ****   \brief  Structure type to access the System Control Block (SCB).
 340:Drivers/CMSIS/Include/core_cm0.h ****  */
 341:Drivers/CMSIS/Include/core_cm0.h **** typedef struct
 342:Drivers/CMSIS/Include/core_cm0.h **** {
 343:Drivers/CMSIS/Include/core_cm0.h ****   __IM  uint32_t CPUID;                  /*!< Offset: 0x000 (R/ )  CPUID Base Register */
 344:Drivers/CMSIS/Include/core_cm0.h ****   __IOM uint32_t ICSR;                   /*!< Offset: 0x004 (R/W)  Interrupt Control and State Regi
 345:Drivers/CMSIS/Include/core_cm0.h ****         uint32_t RESERVED0;
 346:Drivers/CMSIS/Include/core_cm0.h ****   __IOM uint32_t AIRCR;                  /*!< Offset: 0x00C (R/W)  Application Interrupt and Reset 
 347:Drivers/CMSIS/Include/core_cm0.h ****   __IOM uint32_t SCR;                    /*!< Offset: 0x010 (R/W)  System Control Register */
 348:Drivers/CMSIS/Include/core_cm0.h ****   __IOM uint32_t CCR;                    /*!< Offset: 0x014 (R/W)  Configuration Control Register *
 349:Drivers/CMSIS/Include/core_cm0.h ****         uint32_t RESERVED1;
 350:Drivers/CMSIS/Include/core_cm0.h ****   __IOM uint32_t SHP[2U];                /*!< Offset: 0x01C (R/W)  System Handlers Priority Registe
 351:Drivers/CMSIS/Include/core_cm0.h ****   __IOM uint32_t SHCSR;                  /*!< Offset: 0x024 (R/W)  System Handler Control and State
 352:Drivers/CMSIS/Include/core_cm0.h **** } SCB_Type;
 353:Drivers/CMSIS/Include/core_cm0.h **** 
 354:Drivers/CMSIS/Include/core_cm0.h **** /* SCB CPUID Register Definitions */
 355:Drivers/CMSIS/Include/core_cm0.h **** #define SCB_CPUID_IMPLEMENTER_Pos          24U                                            /*!< SCB 
 356:Drivers/CMSIS/Include/core_cm0.h **** #define SCB_CPUID_IMPLEMENTER_Msk          (0xFFUL << SCB_CPUID_IMPLEMENTER_Pos)          /*!< SCB 
 357:Drivers/CMSIS/Include/core_cm0.h **** 
 358:Drivers/CMSIS/Include/core_cm0.h **** #define SCB_CPUID_VARIANT_Pos              20U                                            /*!< SCB 
 359:Drivers/CMSIS/Include/core_cm0.h **** #define SCB_CPUID_VARIANT_Msk              (0xFUL << SCB_CPUID_VARIANT_Pos)               /*!< SCB 
 360:Drivers/CMSIS/Include/core_cm0.h **** 
 361:Drivers/CMSIS/Include/core_cm0.h **** #define SCB_CPUID_ARCHITECTURE_Pos         16U                                            /*!< SCB 
 362:Drivers/CMSIS/Include/core_cm0.h **** #define SCB_CPUID_ARCHITECTURE_Msk         (0xFUL << SCB_CPUID_ARCHITECTURE_Pos)          /*!< SCB 
 363:Drivers/CMSIS/Include/core_cm0.h **** 
 364:Drivers/CMSIS/Include/core_cm0.h **** #define SCB_CPUID_PARTNO_Pos                4U                                            /*!< SCB 
 365:Drivers/CMSIS/Include/core_cm0.h **** #define SCB_CPUID_PARTNO_Msk               (0xFFFUL << SCB_CPUID_PARTNO_Pos)              /*!< SCB 
 366:Drivers/CMSIS/Include/core_cm0.h **** 
 367:Drivers/CMSIS/Include/core_cm0.h **** #define SCB_CPUID_REVISION_Pos              0U                                            /*!< SCB 
 368:Drivers/CMSIS/Include/core_cm0.h **** #define SCB_CPUID_REVISION_Msk             (0xFUL /*<< SCB_CPUID_REVISION_Pos*/)          /*!< SCB 
 369:Drivers/CMSIS/Include/core_cm0.h **** 
 370:Drivers/CMSIS/Include/core_cm0.h **** /* SCB Interrupt Control State Register Definitions */
 371:Drivers/CMSIS/Include/core_cm0.h **** #define SCB_ICSR_NMIPENDSET_Pos            31U                                            /*!< SCB 
 372:Drivers/CMSIS/Include/core_cm0.h **** #define SCB_ICSR_NMIPENDSET_Msk            (1UL << SCB_ICSR_NMIPENDSET_Pos)               /*!< SCB 
 373:Drivers/CMSIS/Include/core_cm0.h **** 
 374:Drivers/CMSIS/Include/core_cm0.h **** #define SCB_ICSR_PENDSVSET_Pos             28U                                            /*!< SCB 
ARM GAS  C:\Users\24705\AppData\Local\Temp\ccToMTbw.s 			page 8


 375:Drivers/CMSIS/Include/core_cm0.h **** #define SCB_ICSR_PENDSVSET_Msk             (1UL << SCB_ICSR_PENDSVSET_Pos)                /*!< SCB 
 376:Drivers/CMSIS/Include/core_cm0.h **** 
 377:Drivers/CMSIS/Include/core_cm0.h **** #define SCB_ICSR_PENDSVCLR_Pos             27U                                            /*!< SCB 
 378:Drivers/CMSIS/Include/core_cm0.h **** #define SCB_ICSR_PENDSVCLR_Msk             (1UL << SCB_ICSR_PENDSVCLR_Pos)                /*!< SCB 
 379:Drivers/CMSIS/Include/core_cm0.h **** 
 380:Drivers/CMSIS/Include/core_cm0.h **** #define SCB_ICSR_PENDSTSET_Pos             26U                                            /*!< SCB 
 381:Drivers/CMSIS/Include/core_cm0.h **** #define SCB_ICSR_PENDSTSET_Msk             (1UL << SCB_ICSR_PENDSTSET_Pos)                /*!< SCB 
 382:Drivers/CMSIS/Include/core_cm0.h **** 
 383:Drivers/CMSIS/Include/core_cm0.h **** #define SCB_ICSR_PENDSTCLR_Pos             25U                                            /*!< SCB 
 384:Drivers/CMSIS/Include/core_cm0.h **** #define SCB_ICSR_PENDSTCLR_Msk             (1UL << SCB_ICSR_PENDSTCLR_Pos)                /*!< SCB 
 385:Drivers/CMSIS/Include/core_cm0.h **** 
 386:Drivers/CMSIS/Include/core_cm0.h **** #define SCB_ICSR_ISRPREEMPT_Pos            23U                                            /*!< SCB 
 387:Drivers/CMSIS/Include/core_cm0.h **** #define SCB_ICSR_ISRPREEMPT_Msk            (1UL << SCB_ICSR_ISRPREEMPT_Pos)               /*!< SCB 
 388:Drivers/CMSIS/Include/core_cm0.h **** 
 389:Drivers/CMSIS/Include/core_cm0.h **** #define SCB_ICSR_ISRPENDING_Pos            22U                                            /*!< SCB 
 390:Drivers/CMSIS/Include/core_cm0.h **** #define SCB_ICSR_ISRPENDING_Msk            (1UL << SCB_ICSR_ISRPENDING_Pos)               /*!< SCB 
 391:Drivers/CMSIS/Include/core_cm0.h **** 
 392:Drivers/CMSIS/Include/core_cm0.h **** #define SCB_ICSR_VECTPENDING_Pos           12U                                            /*!< SCB 
 393:Drivers/CMSIS/Include/core_cm0.h **** #define SCB_ICSR_VECTPENDING_Msk           (0x1FFUL << SCB_ICSR_VECTPENDING_Pos)          /*!< SCB 
 394:Drivers/CMSIS/Include/core_cm0.h **** 
 395:Drivers/CMSIS/Include/core_cm0.h **** #define SCB_ICSR_VECTACTIVE_Pos             0U                                            /*!< SCB 
 396:Drivers/CMSIS/Include/core_cm0.h **** #define SCB_ICSR_VECTACTIVE_Msk            (0x1FFUL /*<< SCB_ICSR_VECTACTIVE_Pos*/)       /*!< SCB 
 397:Drivers/CMSIS/Include/core_cm0.h **** 
 398:Drivers/CMSIS/Include/core_cm0.h **** /* SCB Application Interrupt and Reset Control Register Definitions */
 399:Drivers/CMSIS/Include/core_cm0.h **** #define SCB_AIRCR_VECTKEY_Pos              16U                                            /*!< SCB 
 400:Drivers/CMSIS/Include/core_cm0.h **** #define SCB_AIRCR_VECTKEY_Msk              (0xFFFFUL << SCB_AIRCR_VECTKEY_Pos)            /*!< SCB 
 401:Drivers/CMSIS/Include/core_cm0.h **** 
 402:Drivers/CMSIS/Include/core_cm0.h **** #define SCB_AIRCR_VECTKEYSTAT_Pos          16U                                            /*!< SCB 
 403:Drivers/CMSIS/Include/core_cm0.h **** #define SCB_AIRCR_VECTKEYSTAT_Msk          (0xFFFFUL << SCB_AIRCR_VECTKEYSTAT_Pos)        /*!< SCB 
 404:Drivers/CMSIS/Include/core_cm0.h **** 
 405:Drivers/CMSIS/Include/core_cm0.h **** #define SCB_AIRCR_ENDIANESS_Pos            15U                                            /*!< SCB 
 406:Drivers/CMSIS/Include/core_cm0.h **** #define SCB_AIRCR_ENDIANESS_Msk            (1UL << SCB_AIRCR_ENDIANESS_Pos)               /*!< SCB 
 407:Drivers/CMSIS/Include/core_cm0.h **** 
 408:Drivers/CMSIS/Include/core_cm0.h **** #define SCB_AIRCR_SYSRESETREQ_Pos           2U                                            /*!< SCB 
 409:Drivers/CMSIS/Include/core_cm0.h **** #define SCB_AIRCR_SYSRESETREQ_Msk          (1UL << SCB_AIRCR_SYSRESETREQ_Pos)             /*!< SCB 
 410:Drivers/CMSIS/Include/core_cm0.h **** 
 411:Drivers/CMSIS/Include/core_cm0.h **** #define SCB_AIRCR_VECTCLRACTIVE_Pos         1U                                            /*!< SCB 
 412:Drivers/CMSIS/Include/core_cm0.h **** #define SCB_AIRCR_VECTCLRACTIVE_Msk        (1UL << SCB_AIRCR_VECTCLRACTIVE_Pos)           /*!< SCB 
 413:Drivers/CMSIS/Include/core_cm0.h **** 
 414:Drivers/CMSIS/Include/core_cm0.h **** /* SCB System Control Register Definitions */
 415:Drivers/CMSIS/Include/core_cm0.h **** #define SCB_SCR_SEVONPEND_Pos               4U                                            /*!< SCB 
 416:Drivers/CMSIS/Include/core_cm0.h **** #define SCB_SCR_SEVONPEND_Msk              (1UL << SCB_SCR_SEVONPEND_Pos)                 /*!< SCB 
 417:Drivers/CMSIS/Include/core_cm0.h **** 
 418:Drivers/CMSIS/Include/core_cm0.h **** #define SCB_SCR_SLEEPDEEP_Pos               2U                                            /*!< SCB 
 419:Drivers/CMSIS/Include/core_cm0.h **** #define SCB_SCR_SLEEPDEEP_Msk              (1UL << SCB_SCR_SLEEPDEEP_Pos)                 /*!< SCB 
 420:Drivers/CMSIS/Include/core_cm0.h **** 
 421:Drivers/CMSIS/Include/core_cm0.h **** #define SCB_SCR_SLEEPONEXIT_Pos             1U                                            /*!< SCB 
 422:Drivers/CMSIS/Include/core_cm0.h **** #define SCB_SCR_SLEEPONEXIT_Msk            (1UL << SCB_SCR_SLEEPONEXIT_Pos)               /*!< SCB 
 423:Drivers/CMSIS/Include/core_cm0.h **** 
 424:Drivers/CMSIS/Include/core_cm0.h **** /* SCB Configuration Control Register Definitions */
 425:Drivers/CMSIS/Include/core_cm0.h **** #define SCB_CCR_STKALIGN_Pos                9U                                            /*!< SCB 
 426:Drivers/CMSIS/Include/core_cm0.h **** #define SCB_CCR_STKALIGN_Msk               (1UL << SCB_CCR_STKALIGN_Pos)                  /*!< SCB 
 427:Drivers/CMSIS/Include/core_cm0.h **** 
 428:Drivers/CMSIS/Include/core_cm0.h **** #define SCB_CCR_UNALIGN_TRP_Pos             3U                                            /*!< SCB 
 429:Drivers/CMSIS/Include/core_cm0.h **** #define SCB_CCR_UNALIGN_TRP_Msk            (1UL << SCB_CCR_UNALIGN_TRP_Pos)               /*!< SCB 
 430:Drivers/CMSIS/Include/core_cm0.h **** 
 431:Drivers/CMSIS/Include/core_cm0.h **** /* SCB System Handler Control and State Register Definitions */
ARM GAS  C:\Users\24705\AppData\Local\Temp\ccToMTbw.s 			page 9


 432:Drivers/CMSIS/Include/core_cm0.h **** #define SCB_SHCSR_SVCALLPENDED_Pos         15U                                            /*!< SCB 
 433:Drivers/CMSIS/Include/core_cm0.h **** #define SCB_SHCSR_SVCALLPENDED_Msk         (1UL << SCB_SHCSR_SVCALLPENDED_Pos)            /*!< SCB 
 434:Drivers/CMSIS/Include/core_cm0.h **** 
 435:Drivers/CMSIS/Include/core_cm0.h **** /*@} end of group CMSIS_SCB */
 436:Drivers/CMSIS/Include/core_cm0.h **** 
 437:Drivers/CMSIS/Include/core_cm0.h **** 
 438:Drivers/CMSIS/Include/core_cm0.h **** /**
 439:Drivers/CMSIS/Include/core_cm0.h ****   \ingroup  CMSIS_core_register
 440:Drivers/CMSIS/Include/core_cm0.h ****   \defgroup CMSIS_SysTick     System Tick Timer (SysTick)
 441:Drivers/CMSIS/Include/core_cm0.h ****   \brief    Type definitions for the System Timer Registers.
 442:Drivers/CMSIS/Include/core_cm0.h ****   @{
 443:Drivers/CMSIS/Include/core_cm0.h ****  */
 444:Drivers/CMSIS/Include/core_cm0.h **** 
 445:Drivers/CMSIS/Include/core_cm0.h **** /**
 446:Drivers/CMSIS/Include/core_cm0.h ****   \brief  Structure type to access the System Timer (SysTick).
 447:Drivers/CMSIS/Include/core_cm0.h ****  */
 448:Drivers/CMSIS/Include/core_cm0.h **** typedef struct
 449:Drivers/CMSIS/Include/core_cm0.h **** {
 450:Drivers/CMSIS/Include/core_cm0.h ****   __IOM uint32_t CTRL;                   /*!< Offset: 0x000 (R/W)  SysTick Control and Status Regis
 451:Drivers/CMSIS/Include/core_cm0.h ****   __IOM uint32_t LOAD;                   /*!< Offset: 0x004 (R/W)  SysTick Reload Value Register */
 452:Drivers/CMSIS/Include/core_cm0.h ****   __IOM uint32_t VAL;                    /*!< Offset: 0x008 (R/W)  SysTick Current Value Register *
 453:Drivers/CMSIS/Include/core_cm0.h ****   __IM  uint32_t CALIB;                  /*!< Offset: 0x00C (R/ )  SysTick Calibration Register */
 454:Drivers/CMSIS/Include/core_cm0.h **** } SysTick_Type;
 455:Drivers/CMSIS/Include/core_cm0.h **** 
 456:Drivers/CMSIS/Include/core_cm0.h **** /* SysTick Control / Status Register Definitions */
 457:Drivers/CMSIS/Include/core_cm0.h **** #define SysTick_CTRL_COUNTFLAG_Pos         16U                                            /*!< SysT
 458:Drivers/CMSIS/Include/core_cm0.h **** #define SysTick_CTRL_COUNTFLAG_Msk         (1UL << SysTick_CTRL_COUNTFLAG_Pos)            /*!< SysT
 459:Drivers/CMSIS/Include/core_cm0.h **** 
 460:Drivers/CMSIS/Include/core_cm0.h **** #define SysTick_CTRL_CLKSOURCE_Pos          2U                                            /*!< SysT
 461:Drivers/CMSIS/Include/core_cm0.h **** #define SysTick_CTRL_CLKSOURCE_Msk         (1UL << SysTick_CTRL_CLKSOURCE_Pos)            /*!< SysT
 462:Drivers/CMSIS/Include/core_cm0.h **** 
 463:Drivers/CMSIS/Include/core_cm0.h **** #define SysTick_CTRL_TICKINT_Pos            1U                                            /*!< SysT
 464:Drivers/CMSIS/Include/core_cm0.h **** #define SysTick_CTRL_TICKINT_Msk           (1UL << SysTick_CTRL_TICKINT_Pos)              /*!< SysT
 465:Drivers/CMSIS/Include/core_cm0.h **** 
 466:Drivers/CMSIS/Include/core_cm0.h **** #define SysTick_CTRL_ENABLE_Pos             0U                                            /*!< SysT
 467:Drivers/CMSIS/Include/core_cm0.h **** #define SysTick_CTRL_ENABLE_Msk            (1UL /*<< SysTick_CTRL_ENABLE_Pos*/)           /*!< SysT
 468:Drivers/CMSIS/Include/core_cm0.h **** 
 469:Drivers/CMSIS/Include/core_cm0.h **** /* SysTick Reload Register Definitions */
 470:Drivers/CMSIS/Include/core_cm0.h **** #define SysTick_LOAD_RELOAD_Pos             0U                                            /*!< SysT
 471:Drivers/CMSIS/Include/core_cm0.h **** #define SysTick_LOAD_RELOAD_Msk            (0xFFFFFFUL /*<< SysTick_LOAD_RELOAD_Pos*/)    /*!< SysT
 472:Drivers/CMSIS/Include/core_cm0.h **** 
 473:Drivers/CMSIS/Include/core_cm0.h **** /* SysTick Current Register Definitions */
 474:Drivers/CMSIS/Include/core_cm0.h **** #define SysTick_VAL_CURRENT_Pos             0U                                            /*!< SysT
 475:Drivers/CMSIS/Include/core_cm0.h **** #define SysTick_VAL_CURRENT_Msk            (0xFFFFFFUL /*<< SysTick_VAL_CURRENT_Pos*/)    /*!< SysT
 476:Drivers/CMSIS/Include/core_cm0.h **** 
 477:Drivers/CMSIS/Include/core_cm0.h **** /* SysTick Calibration Register Definitions */
 478:Drivers/CMSIS/Include/core_cm0.h **** #define SysTick_CALIB_NOREF_Pos            31U                                            /*!< SysT
 479:Drivers/CMSIS/Include/core_cm0.h **** #define SysTick_CALIB_NOREF_Msk            (1UL << SysTick_CALIB_NOREF_Pos)               /*!< SysT
 480:Drivers/CMSIS/Include/core_cm0.h **** 
 481:Drivers/CMSIS/Include/core_cm0.h **** #define SysTick_CALIB_SKEW_Pos             30U                                            /*!< SysT
 482:Drivers/CMSIS/Include/core_cm0.h **** #define SysTick_CALIB_SKEW_Msk             (1UL << SysTick_CALIB_SKEW_Pos)                /*!< SysT
 483:Drivers/CMSIS/Include/core_cm0.h **** 
 484:Drivers/CMSIS/Include/core_cm0.h **** #define SysTick_CALIB_TENMS_Pos             0U                                            /*!< SysT
 485:Drivers/CMSIS/Include/core_cm0.h **** #define SysTick_CALIB_TENMS_Msk            (0xFFFFFFUL /*<< SysTick_CALIB_TENMS_Pos*/)    /*!< SysT
 486:Drivers/CMSIS/Include/core_cm0.h **** 
 487:Drivers/CMSIS/Include/core_cm0.h **** /*@} end of group CMSIS_SysTick */
 488:Drivers/CMSIS/Include/core_cm0.h **** 
ARM GAS  C:\Users\24705\AppData\Local\Temp\ccToMTbw.s 			page 10


 489:Drivers/CMSIS/Include/core_cm0.h **** 
 490:Drivers/CMSIS/Include/core_cm0.h **** /**
 491:Drivers/CMSIS/Include/core_cm0.h ****   \ingroup  CMSIS_core_register
 492:Drivers/CMSIS/Include/core_cm0.h ****   \defgroup CMSIS_CoreDebug       Core Debug Registers (CoreDebug)
 493:Drivers/CMSIS/Include/core_cm0.h ****   \brief    Cortex-M0 Core Debug Registers (DCB registers, SHCSR, and DFSR) are only accessible ove
 494:Drivers/CMSIS/Include/core_cm0.h ****             Therefore they are not covered by the Cortex-M0 header file.
 495:Drivers/CMSIS/Include/core_cm0.h ****   @{
 496:Drivers/CMSIS/Include/core_cm0.h ****  */
 497:Drivers/CMSIS/Include/core_cm0.h **** /*@} end of group CMSIS_CoreDebug */
 498:Drivers/CMSIS/Include/core_cm0.h **** 
 499:Drivers/CMSIS/Include/core_cm0.h **** 
 500:Drivers/CMSIS/Include/core_cm0.h **** /**
 501:Drivers/CMSIS/Include/core_cm0.h ****   \ingroup    CMSIS_core_register
 502:Drivers/CMSIS/Include/core_cm0.h ****   \defgroup   CMSIS_core_bitfield     Core register bit field macros
 503:Drivers/CMSIS/Include/core_cm0.h ****   \brief      Macros for use with bit field definitions (xxx_Pos, xxx_Msk).
 504:Drivers/CMSIS/Include/core_cm0.h ****   @{
 505:Drivers/CMSIS/Include/core_cm0.h ****  */
 506:Drivers/CMSIS/Include/core_cm0.h **** 
 507:Drivers/CMSIS/Include/core_cm0.h **** /**
 508:Drivers/CMSIS/Include/core_cm0.h ****   \brief   Mask and shift a bit field value for use in a register bit range.
 509:Drivers/CMSIS/Include/core_cm0.h ****   \param[in] field  Name of the register bit field.
 510:Drivers/CMSIS/Include/core_cm0.h ****   \param[in] value  Value of the bit field. This parameter is interpreted as an uint32_t type.
 511:Drivers/CMSIS/Include/core_cm0.h ****   \return           Masked and shifted value.
 512:Drivers/CMSIS/Include/core_cm0.h **** */
 513:Drivers/CMSIS/Include/core_cm0.h **** #define _VAL2FLD(field, value)    (((uint32_t)(value) << field ## _Pos) & field ## _Msk)
 514:Drivers/CMSIS/Include/core_cm0.h **** 
 515:Drivers/CMSIS/Include/core_cm0.h **** /**
 516:Drivers/CMSIS/Include/core_cm0.h ****   \brief     Mask and shift a register value to extract a bit filed value.
 517:Drivers/CMSIS/Include/core_cm0.h ****   \param[in] field  Name of the register bit field.
 518:Drivers/CMSIS/Include/core_cm0.h ****   \param[in] value  Value of register. This parameter is interpreted as an uint32_t type.
 519:Drivers/CMSIS/Include/core_cm0.h ****   \return           Masked and shifted bit field value.
 520:Drivers/CMSIS/Include/core_cm0.h **** */
 521:Drivers/CMSIS/Include/core_cm0.h **** #define _FLD2VAL(field, value)    (((uint32_t)(value) & field ## _Msk) >> field ## _Pos)
 522:Drivers/CMSIS/Include/core_cm0.h **** 
 523:Drivers/CMSIS/Include/core_cm0.h **** /*@} end of group CMSIS_core_bitfield */
 524:Drivers/CMSIS/Include/core_cm0.h **** 
 525:Drivers/CMSIS/Include/core_cm0.h **** 
 526:Drivers/CMSIS/Include/core_cm0.h **** /**
 527:Drivers/CMSIS/Include/core_cm0.h ****   \ingroup    CMSIS_core_register
 528:Drivers/CMSIS/Include/core_cm0.h ****   \defgroup   CMSIS_core_base     Core Definitions
 529:Drivers/CMSIS/Include/core_cm0.h ****   \brief      Definitions for base addresses, unions, and structures.
 530:Drivers/CMSIS/Include/core_cm0.h ****   @{
 531:Drivers/CMSIS/Include/core_cm0.h ****  */
 532:Drivers/CMSIS/Include/core_cm0.h **** 
 533:Drivers/CMSIS/Include/core_cm0.h **** /* Memory mapping of Core Hardware */
 534:Drivers/CMSIS/Include/core_cm0.h **** #define SCS_BASE            (0xE000E000UL)                            /*!< System Control Space Bas
 535:Drivers/CMSIS/Include/core_cm0.h **** #define SysTick_BASE        (SCS_BASE +  0x0010UL)                    /*!< SysTick Base Address */
 536:Drivers/CMSIS/Include/core_cm0.h **** #define NVIC_BASE           (SCS_BASE +  0x0100UL)                    /*!< NVIC Base Address */
 537:Drivers/CMSIS/Include/core_cm0.h **** #define SCB_BASE            (SCS_BASE +  0x0D00UL)                    /*!< System Control Block Bas
 538:Drivers/CMSIS/Include/core_cm0.h **** 
 539:Drivers/CMSIS/Include/core_cm0.h **** #define SCB                 ((SCB_Type       *)     SCB_BASE      )   /*!< SCB configuration struct
 540:Drivers/CMSIS/Include/core_cm0.h **** #define SysTick             ((SysTick_Type   *)     SysTick_BASE  )   /*!< SysTick configuration st
 541:Drivers/CMSIS/Include/core_cm0.h **** #define NVIC                ((NVIC_Type      *)     NVIC_BASE     )   /*!< NVIC configuration struc
 542:Drivers/CMSIS/Include/core_cm0.h **** 
 543:Drivers/CMSIS/Include/core_cm0.h **** 
 544:Drivers/CMSIS/Include/core_cm0.h **** /*@} */
 545:Drivers/CMSIS/Include/core_cm0.h **** 
ARM GAS  C:\Users\24705\AppData\Local\Temp\ccToMTbw.s 			page 11


 546:Drivers/CMSIS/Include/core_cm0.h **** 
 547:Drivers/CMSIS/Include/core_cm0.h **** 
 548:Drivers/CMSIS/Include/core_cm0.h **** /*******************************************************************************
 549:Drivers/CMSIS/Include/core_cm0.h ****  *                Hardware Abstraction Layer
 550:Drivers/CMSIS/Include/core_cm0.h ****   Core Function Interface contains:
 551:Drivers/CMSIS/Include/core_cm0.h ****   - Core NVIC Functions
 552:Drivers/CMSIS/Include/core_cm0.h ****   - Core SysTick Functions
 553:Drivers/CMSIS/Include/core_cm0.h ****   - Core Register Access Functions
 554:Drivers/CMSIS/Include/core_cm0.h ****  ******************************************************************************/
 555:Drivers/CMSIS/Include/core_cm0.h **** /**
 556:Drivers/CMSIS/Include/core_cm0.h ****   \defgroup CMSIS_Core_FunctionInterface Functions and Instructions Reference
 557:Drivers/CMSIS/Include/core_cm0.h **** */
 558:Drivers/CMSIS/Include/core_cm0.h **** 
 559:Drivers/CMSIS/Include/core_cm0.h **** 
 560:Drivers/CMSIS/Include/core_cm0.h **** 
 561:Drivers/CMSIS/Include/core_cm0.h **** /* ##########################   NVIC functions  #################################### */
 562:Drivers/CMSIS/Include/core_cm0.h **** /**
 563:Drivers/CMSIS/Include/core_cm0.h ****   \ingroup  CMSIS_Core_FunctionInterface
 564:Drivers/CMSIS/Include/core_cm0.h ****   \defgroup CMSIS_Core_NVICFunctions NVIC Functions
 565:Drivers/CMSIS/Include/core_cm0.h ****   \brief    Functions that manage interrupts and exceptions via the NVIC.
 566:Drivers/CMSIS/Include/core_cm0.h ****   @{
 567:Drivers/CMSIS/Include/core_cm0.h ****  */
 568:Drivers/CMSIS/Include/core_cm0.h **** 
 569:Drivers/CMSIS/Include/core_cm0.h **** #ifdef CMSIS_NVIC_VIRTUAL
 570:Drivers/CMSIS/Include/core_cm0.h ****   #ifndef CMSIS_NVIC_VIRTUAL_HEADER_FILE
 571:Drivers/CMSIS/Include/core_cm0.h ****     #define CMSIS_NVIC_VIRTUAL_HEADER_FILE "cmsis_nvic_virtual.h"
 572:Drivers/CMSIS/Include/core_cm0.h ****   #endif
 573:Drivers/CMSIS/Include/core_cm0.h ****   #include CMSIS_NVIC_VIRTUAL_HEADER_FILE
 574:Drivers/CMSIS/Include/core_cm0.h **** #else
 575:Drivers/CMSIS/Include/core_cm0.h ****   #define NVIC_SetPriorityGrouping    __NVIC_SetPriorityGrouping
 576:Drivers/CMSIS/Include/core_cm0.h ****   #define NVIC_GetPriorityGrouping    __NVIC_GetPriorityGrouping
 577:Drivers/CMSIS/Include/core_cm0.h ****   #define NVIC_EnableIRQ              __NVIC_EnableIRQ
 578:Drivers/CMSIS/Include/core_cm0.h ****   #define NVIC_GetEnableIRQ           __NVIC_GetEnableIRQ
 579:Drivers/CMSIS/Include/core_cm0.h ****   #define NVIC_DisableIRQ             __NVIC_DisableIRQ
 580:Drivers/CMSIS/Include/core_cm0.h ****   #define NVIC_GetPendingIRQ          __NVIC_GetPendingIRQ
 581:Drivers/CMSIS/Include/core_cm0.h ****   #define NVIC_SetPendingIRQ          __NVIC_SetPendingIRQ
 582:Drivers/CMSIS/Include/core_cm0.h ****   #define NVIC_ClearPendingIRQ        __NVIC_ClearPendingIRQ
 583:Drivers/CMSIS/Include/core_cm0.h **** /*#define NVIC_GetActive              __NVIC_GetActive             not available for Cortex-M0 */
 584:Drivers/CMSIS/Include/core_cm0.h ****   #define NVIC_SetPriority            __NVIC_SetPriority
 585:Drivers/CMSIS/Include/core_cm0.h ****   #define NVIC_GetPriority            __NVIC_GetPriority
 586:Drivers/CMSIS/Include/core_cm0.h ****   #define NVIC_SystemReset            __NVIC_SystemReset
 587:Drivers/CMSIS/Include/core_cm0.h **** #endif /* CMSIS_NVIC_VIRTUAL */
 588:Drivers/CMSIS/Include/core_cm0.h **** 
 589:Drivers/CMSIS/Include/core_cm0.h **** #ifdef CMSIS_VECTAB_VIRTUAL
 590:Drivers/CMSIS/Include/core_cm0.h ****   #ifndef CMSIS_VECTAB_VIRTUAL_HEADER_FILE
 591:Drivers/CMSIS/Include/core_cm0.h ****     #define CMSIS_VECTAB_VIRTUAL_HEADER_FILE "cmsis_vectab_virtual.h"
 592:Drivers/CMSIS/Include/core_cm0.h ****   #endif
 593:Drivers/CMSIS/Include/core_cm0.h ****   #include CMSIS_VECTAB_VIRTUAL_HEADER_FILE
 594:Drivers/CMSIS/Include/core_cm0.h **** #else
 595:Drivers/CMSIS/Include/core_cm0.h ****   #define NVIC_SetVector              __NVIC_SetVector
 596:Drivers/CMSIS/Include/core_cm0.h ****   #define NVIC_GetVector              __NVIC_GetVector
 597:Drivers/CMSIS/Include/core_cm0.h **** #endif  /* (CMSIS_VECTAB_VIRTUAL) */
 598:Drivers/CMSIS/Include/core_cm0.h **** 
 599:Drivers/CMSIS/Include/core_cm0.h **** #define NVIC_USER_IRQ_OFFSET          16
 600:Drivers/CMSIS/Include/core_cm0.h **** 
 601:Drivers/CMSIS/Include/core_cm0.h **** 
 602:Drivers/CMSIS/Include/core_cm0.h **** /* The following EXC_RETURN values are saved the LR on exception entry */
ARM GAS  C:\Users\24705\AppData\Local\Temp\ccToMTbw.s 			page 12


 603:Drivers/CMSIS/Include/core_cm0.h **** #define EXC_RETURN_HANDLER         (0xFFFFFFF1UL)     /* return to Handler mode, uses MSP after ret
 604:Drivers/CMSIS/Include/core_cm0.h **** #define EXC_RETURN_THREAD_MSP      (0xFFFFFFF9UL)     /* return to Thread mode, uses MSP after retu
 605:Drivers/CMSIS/Include/core_cm0.h **** #define EXC_RETURN_THREAD_PSP      (0xFFFFFFFDUL)     /* return to Thread mode, uses PSP after retu
 606:Drivers/CMSIS/Include/core_cm0.h **** 
 607:Drivers/CMSIS/Include/core_cm0.h **** 
 608:Drivers/CMSIS/Include/core_cm0.h **** /* Interrupt Priorities are WORD accessible only under Armv6-M                  */
 609:Drivers/CMSIS/Include/core_cm0.h **** /* The following MACROS handle generation of the register offset and byte masks */
 610:Drivers/CMSIS/Include/core_cm0.h **** #define _BIT_SHIFT(IRQn)         (  ((((uint32_t)(int32_t)(IRQn))         )      &  0x03UL) * 8UL)
 611:Drivers/CMSIS/Include/core_cm0.h **** #define _SHP_IDX(IRQn)           ( (((((uint32_t)(int32_t)(IRQn)) & 0x0FUL)-8UL) >>    2UL)      )
 612:Drivers/CMSIS/Include/core_cm0.h **** #define _IP_IDX(IRQn)            (   (((uint32_t)(int32_t)(IRQn))                >>    2UL)      )
 613:Drivers/CMSIS/Include/core_cm0.h **** 
 614:Drivers/CMSIS/Include/core_cm0.h **** #define __NVIC_SetPriorityGrouping(X) (void)(X)
 615:Drivers/CMSIS/Include/core_cm0.h **** #define __NVIC_GetPriorityGrouping()  (0U)
 616:Drivers/CMSIS/Include/core_cm0.h **** 
 617:Drivers/CMSIS/Include/core_cm0.h **** /**
 618:Drivers/CMSIS/Include/core_cm0.h ****   \brief   Enable Interrupt
 619:Drivers/CMSIS/Include/core_cm0.h ****   \details Enables a device specific interrupt in the NVIC interrupt controller.
 620:Drivers/CMSIS/Include/core_cm0.h ****   \param [in]      IRQn  Device specific interrupt number.
 621:Drivers/CMSIS/Include/core_cm0.h ****   \note    IRQn must not be negative.
 622:Drivers/CMSIS/Include/core_cm0.h ****  */
 623:Drivers/CMSIS/Include/core_cm0.h **** __STATIC_INLINE void __NVIC_EnableIRQ(IRQn_Type IRQn)
 624:Drivers/CMSIS/Include/core_cm0.h **** {
 625:Drivers/CMSIS/Include/core_cm0.h ****   if ((int32_t)(IRQn) >= 0)
 626:Drivers/CMSIS/Include/core_cm0.h ****   {
 627:Drivers/CMSIS/Include/core_cm0.h ****     NVIC->ISER[0U] = (uint32_t)(1UL << (((uint32_t)IRQn) & 0x1FUL));
 628:Drivers/CMSIS/Include/core_cm0.h ****   }
 629:Drivers/CMSIS/Include/core_cm0.h **** }
 630:Drivers/CMSIS/Include/core_cm0.h **** 
 631:Drivers/CMSIS/Include/core_cm0.h **** 
 632:Drivers/CMSIS/Include/core_cm0.h **** /**
 633:Drivers/CMSIS/Include/core_cm0.h ****   \brief   Get Interrupt Enable status
 634:Drivers/CMSIS/Include/core_cm0.h ****   \details Returns a device specific interrupt enable status from the NVIC interrupt controller.
 635:Drivers/CMSIS/Include/core_cm0.h ****   \param [in]      IRQn  Device specific interrupt number.
 636:Drivers/CMSIS/Include/core_cm0.h ****   \return             0  Interrupt is not enabled.
 637:Drivers/CMSIS/Include/core_cm0.h ****   \return             1  Interrupt is enabled.
 638:Drivers/CMSIS/Include/core_cm0.h ****   \note    IRQn must not be negative.
 639:Drivers/CMSIS/Include/core_cm0.h ****  */
 640:Drivers/CMSIS/Include/core_cm0.h **** __STATIC_INLINE uint32_t __NVIC_GetEnableIRQ(IRQn_Type IRQn)
 641:Drivers/CMSIS/Include/core_cm0.h **** {
 642:Drivers/CMSIS/Include/core_cm0.h ****   if ((int32_t)(IRQn) >= 0)
 643:Drivers/CMSIS/Include/core_cm0.h ****   {
 644:Drivers/CMSIS/Include/core_cm0.h ****     return((uint32_t)(((NVIC->ISER[0U] & (1UL << (((uint32_t)IRQn) & 0x1FUL))) != 0UL) ? 1UL : 0UL)
 645:Drivers/CMSIS/Include/core_cm0.h ****   }
 646:Drivers/CMSIS/Include/core_cm0.h ****   else
 647:Drivers/CMSIS/Include/core_cm0.h ****   {
 648:Drivers/CMSIS/Include/core_cm0.h ****     return(0U);
 649:Drivers/CMSIS/Include/core_cm0.h ****   }
 650:Drivers/CMSIS/Include/core_cm0.h **** }
 651:Drivers/CMSIS/Include/core_cm0.h **** 
 652:Drivers/CMSIS/Include/core_cm0.h **** 
 653:Drivers/CMSIS/Include/core_cm0.h **** /**
 654:Drivers/CMSIS/Include/core_cm0.h ****   \brief   Disable Interrupt
 655:Drivers/CMSIS/Include/core_cm0.h ****   \details Disables a device specific interrupt in the NVIC interrupt controller.
 656:Drivers/CMSIS/Include/core_cm0.h ****   \param [in]      IRQn  Device specific interrupt number.
 657:Drivers/CMSIS/Include/core_cm0.h ****   \note    IRQn must not be negative.
 658:Drivers/CMSIS/Include/core_cm0.h ****  */
 659:Drivers/CMSIS/Include/core_cm0.h **** __STATIC_INLINE void __NVIC_DisableIRQ(IRQn_Type IRQn)
ARM GAS  C:\Users\24705\AppData\Local\Temp\ccToMTbw.s 			page 13


 660:Drivers/CMSIS/Include/core_cm0.h **** {
 661:Drivers/CMSIS/Include/core_cm0.h ****   if ((int32_t)(IRQn) >= 0)
 662:Drivers/CMSIS/Include/core_cm0.h ****   {
 663:Drivers/CMSIS/Include/core_cm0.h ****     NVIC->ICER[0U] = (uint32_t)(1UL << (((uint32_t)IRQn) & 0x1FUL));
 664:Drivers/CMSIS/Include/core_cm0.h ****     __DSB();
 665:Drivers/CMSIS/Include/core_cm0.h ****     __ISB();
 666:Drivers/CMSIS/Include/core_cm0.h ****   }
 667:Drivers/CMSIS/Include/core_cm0.h **** }
 668:Drivers/CMSIS/Include/core_cm0.h **** 
 669:Drivers/CMSIS/Include/core_cm0.h **** 
 670:Drivers/CMSIS/Include/core_cm0.h **** /**
 671:Drivers/CMSIS/Include/core_cm0.h ****   \brief   Get Pending Interrupt
 672:Drivers/CMSIS/Include/core_cm0.h ****   \details Reads the NVIC pending register and returns the pending bit for the specified device spe
 673:Drivers/CMSIS/Include/core_cm0.h ****   \param [in]      IRQn  Device specific interrupt number.
 674:Drivers/CMSIS/Include/core_cm0.h ****   \return             0  Interrupt status is not pending.
 675:Drivers/CMSIS/Include/core_cm0.h ****   \return             1  Interrupt status is pending.
 676:Drivers/CMSIS/Include/core_cm0.h ****   \note    IRQn must not be negative.
 677:Drivers/CMSIS/Include/core_cm0.h ****  */
 678:Drivers/CMSIS/Include/core_cm0.h **** __STATIC_INLINE uint32_t __NVIC_GetPendingIRQ(IRQn_Type IRQn)
 679:Drivers/CMSIS/Include/core_cm0.h **** {
 680:Drivers/CMSIS/Include/core_cm0.h ****   if ((int32_t)(IRQn) >= 0)
 681:Drivers/CMSIS/Include/core_cm0.h ****   {
 682:Drivers/CMSIS/Include/core_cm0.h ****     return((uint32_t)(((NVIC->ISPR[0U] & (1UL << (((uint32_t)IRQn) & 0x1FUL))) != 0UL) ? 1UL : 0UL)
 683:Drivers/CMSIS/Include/core_cm0.h ****   }
 684:Drivers/CMSIS/Include/core_cm0.h ****   else
 685:Drivers/CMSIS/Include/core_cm0.h ****   {
 686:Drivers/CMSIS/Include/core_cm0.h ****     return(0U);
 687:Drivers/CMSIS/Include/core_cm0.h ****   }
 688:Drivers/CMSIS/Include/core_cm0.h **** }
 689:Drivers/CMSIS/Include/core_cm0.h **** 
 690:Drivers/CMSIS/Include/core_cm0.h **** 
 691:Drivers/CMSIS/Include/core_cm0.h **** /**
 692:Drivers/CMSIS/Include/core_cm0.h ****   \brief   Set Pending Interrupt
 693:Drivers/CMSIS/Include/core_cm0.h ****   \details Sets the pending bit of a device specific interrupt in the NVIC pending register.
 694:Drivers/CMSIS/Include/core_cm0.h ****   \param [in]      IRQn  Device specific interrupt number.
 695:Drivers/CMSIS/Include/core_cm0.h ****   \note    IRQn must not be negative.
 696:Drivers/CMSIS/Include/core_cm0.h ****  */
 697:Drivers/CMSIS/Include/core_cm0.h **** __STATIC_INLINE void __NVIC_SetPendingIRQ(IRQn_Type IRQn)
 698:Drivers/CMSIS/Include/core_cm0.h **** {
 699:Drivers/CMSIS/Include/core_cm0.h ****   if ((int32_t)(IRQn) >= 0)
 700:Drivers/CMSIS/Include/core_cm0.h ****   {
 701:Drivers/CMSIS/Include/core_cm0.h ****     NVIC->ISPR[0U] = (uint32_t)(1UL << (((uint32_t)IRQn) & 0x1FUL));
 702:Drivers/CMSIS/Include/core_cm0.h ****   }
 703:Drivers/CMSIS/Include/core_cm0.h **** }
 704:Drivers/CMSIS/Include/core_cm0.h **** 
 705:Drivers/CMSIS/Include/core_cm0.h **** 
 706:Drivers/CMSIS/Include/core_cm0.h **** /**
 707:Drivers/CMSIS/Include/core_cm0.h ****   \brief   Clear Pending Interrupt
 708:Drivers/CMSIS/Include/core_cm0.h ****   \details Clears the pending bit of a device specific interrupt in the NVIC pending register.
 709:Drivers/CMSIS/Include/core_cm0.h ****   \param [in]      IRQn  Device specific interrupt number.
 710:Drivers/CMSIS/Include/core_cm0.h ****   \note    IRQn must not be negative.
 711:Drivers/CMSIS/Include/core_cm0.h ****  */
 712:Drivers/CMSIS/Include/core_cm0.h **** __STATIC_INLINE void __NVIC_ClearPendingIRQ(IRQn_Type IRQn)
 713:Drivers/CMSIS/Include/core_cm0.h **** {
 714:Drivers/CMSIS/Include/core_cm0.h ****   if ((int32_t)(IRQn) >= 0)
 715:Drivers/CMSIS/Include/core_cm0.h ****   {
 716:Drivers/CMSIS/Include/core_cm0.h ****     NVIC->ICPR[0U] = (uint32_t)(1UL << (((uint32_t)IRQn) & 0x1FUL));
ARM GAS  C:\Users\24705\AppData\Local\Temp\ccToMTbw.s 			page 14


 717:Drivers/CMSIS/Include/core_cm0.h ****   }
 718:Drivers/CMSIS/Include/core_cm0.h **** }
 719:Drivers/CMSIS/Include/core_cm0.h **** 
 720:Drivers/CMSIS/Include/core_cm0.h **** 
 721:Drivers/CMSIS/Include/core_cm0.h **** /**
 722:Drivers/CMSIS/Include/core_cm0.h ****   \brief   Set Interrupt Priority
 723:Drivers/CMSIS/Include/core_cm0.h ****   \details Sets the priority of a device specific interrupt or a processor exception.
 724:Drivers/CMSIS/Include/core_cm0.h ****            The interrupt number can be positive to specify a device specific interrupt,
 725:Drivers/CMSIS/Include/core_cm0.h ****            or negative to specify a processor exception.
 726:Drivers/CMSIS/Include/core_cm0.h ****   \param [in]      IRQn  Interrupt number.
 727:Drivers/CMSIS/Include/core_cm0.h ****   \param [in]  priority  Priority to set.
 728:Drivers/CMSIS/Include/core_cm0.h ****   \note    The priority cannot be set for every processor exception.
 729:Drivers/CMSIS/Include/core_cm0.h ****  */
 730:Drivers/CMSIS/Include/core_cm0.h **** __STATIC_INLINE void __NVIC_SetPriority(IRQn_Type IRQn, uint32_t priority)
 731:Drivers/CMSIS/Include/core_cm0.h **** {
 732:Drivers/CMSIS/Include/core_cm0.h ****   if ((int32_t)(IRQn) >= 0)
 733:Drivers/CMSIS/Include/core_cm0.h ****   {
 734:Drivers/CMSIS/Include/core_cm0.h ****     NVIC->IP[_IP_IDX(IRQn)]  = ((uint32_t)(NVIC->IP[_IP_IDX(IRQn)]  & ~(0xFFUL << _BIT_SHIFT(IRQn))
 735:Drivers/CMSIS/Include/core_cm0.h ****        (((priority << (8U - __NVIC_PRIO_BITS)) & (uint32_t)0xFFUL) << _BIT_SHIFT(IRQn)));
 736:Drivers/CMSIS/Include/core_cm0.h ****   }
 737:Drivers/CMSIS/Include/core_cm0.h ****   else
 738:Drivers/CMSIS/Include/core_cm0.h ****   {
 739:Drivers/CMSIS/Include/core_cm0.h ****     SCB->SHP[_SHP_IDX(IRQn)] = ((uint32_t)(SCB->SHP[_SHP_IDX(IRQn)] & ~(0xFFUL << _BIT_SHIFT(IRQn))
 740:Drivers/CMSIS/Include/core_cm0.h ****        (((priority << (8U - __NVIC_PRIO_BITS)) & (uint32_t)0xFFUL) << _BIT_SHIFT(IRQn)));
 741:Drivers/CMSIS/Include/core_cm0.h ****   }
 742:Drivers/CMSIS/Include/core_cm0.h **** }
 743:Drivers/CMSIS/Include/core_cm0.h **** 
 744:Drivers/CMSIS/Include/core_cm0.h **** 
 745:Drivers/CMSIS/Include/core_cm0.h **** /**
 746:Drivers/CMSIS/Include/core_cm0.h ****   \brief   Get Interrupt Priority
 747:Drivers/CMSIS/Include/core_cm0.h ****   \details Reads the priority of a device specific interrupt or a processor exception.
 748:Drivers/CMSIS/Include/core_cm0.h ****            The interrupt number can be positive to specify a device specific interrupt,
 749:Drivers/CMSIS/Include/core_cm0.h ****            or negative to specify a processor exception.
 750:Drivers/CMSIS/Include/core_cm0.h ****   \param [in]   IRQn  Interrupt number.
 751:Drivers/CMSIS/Include/core_cm0.h ****   \return             Interrupt Priority.
 752:Drivers/CMSIS/Include/core_cm0.h ****                       Value is aligned automatically to the implemented priority bits of the microc
 753:Drivers/CMSIS/Include/core_cm0.h ****  */
 754:Drivers/CMSIS/Include/core_cm0.h **** __STATIC_INLINE uint32_t __NVIC_GetPriority(IRQn_Type IRQn)
 755:Drivers/CMSIS/Include/core_cm0.h **** {
 756:Drivers/CMSIS/Include/core_cm0.h **** 
 757:Drivers/CMSIS/Include/core_cm0.h ****   if ((int32_t)(IRQn) >= 0)
 758:Drivers/CMSIS/Include/core_cm0.h ****   {
 759:Drivers/CMSIS/Include/core_cm0.h ****     return((uint32_t)(((NVIC->IP[ _IP_IDX(IRQn)] >> _BIT_SHIFT(IRQn) ) & (uint32_t)0xFFUL) >> (8U -
 760:Drivers/CMSIS/Include/core_cm0.h ****   }
 761:Drivers/CMSIS/Include/core_cm0.h ****   else
 762:Drivers/CMSIS/Include/core_cm0.h ****   {
 763:Drivers/CMSIS/Include/core_cm0.h ****     return((uint32_t)(((SCB->SHP[_SHP_IDX(IRQn)] >> _BIT_SHIFT(IRQn) ) & (uint32_t)0xFFUL) >> (8U -
 764:Drivers/CMSIS/Include/core_cm0.h ****   }
 765:Drivers/CMSIS/Include/core_cm0.h **** }
 766:Drivers/CMSIS/Include/core_cm0.h **** 
 767:Drivers/CMSIS/Include/core_cm0.h **** 
 768:Drivers/CMSIS/Include/core_cm0.h **** /**
 769:Drivers/CMSIS/Include/core_cm0.h ****   \brief   Encode Priority
 770:Drivers/CMSIS/Include/core_cm0.h ****   \details Encodes the priority for an interrupt with the given priority group,
 771:Drivers/CMSIS/Include/core_cm0.h ****            preemptive priority value, and subpriority value.
 772:Drivers/CMSIS/Include/core_cm0.h ****            In case of a conflict between priority grouping and available
 773:Drivers/CMSIS/Include/core_cm0.h ****            priority bits (__NVIC_PRIO_BITS), the smallest possible priority group is set.
ARM GAS  C:\Users\24705\AppData\Local\Temp\ccToMTbw.s 			page 15


 774:Drivers/CMSIS/Include/core_cm0.h ****   \param [in]     PriorityGroup  Used priority group.
 775:Drivers/CMSIS/Include/core_cm0.h ****   \param [in]   PreemptPriority  Preemptive priority value (starting from 0).
 776:Drivers/CMSIS/Include/core_cm0.h ****   \param [in]       SubPriority  Subpriority value (starting from 0).
 777:Drivers/CMSIS/Include/core_cm0.h ****   \return                        Encoded priority. Value can be used in the function \ref NVIC_SetP
 778:Drivers/CMSIS/Include/core_cm0.h ****  */
 779:Drivers/CMSIS/Include/core_cm0.h **** __STATIC_INLINE uint32_t NVIC_EncodePriority (uint32_t PriorityGroup, uint32_t PreemptPriority, uin
 780:Drivers/CMSIS/Include/core_cm0.h **** {
 781:Drivers/CMSIS/Include/core_cm0.h ****   uint32_t PriorityGroupTmp = (PriorityGroup & (uint32_t)0x07UL);   /* only values 0..7 are used   
 782:Drivers/CMSIS/Include/core_cm0.h ****   uint32_t PreemptPriorityBits;
 783:Drivers/CMSIS/Include/core_cm0.h ****   uint32_t SubPriorityBits;
 784:Drivers/CMSIS/Include/core_cm0.h **** 
 785:Drivers/CMSIS/Include/core_cm0.h ****   PreemptPriorityBits = ((7UL - PriorityGroupTmp) > (uint32_t)(__NVIC_PRIO_BITS)) ? (uint32_t)(__NV
 786:Drivers/CMSIS/Include/core_cm0.h ****   SubPriorityBits     = ((PriorityGroupTmp + (uint32_t)(__NVIC_PRIO_BITS)) < (uint32_t)7UL) ? (uint
 787:Drivers/CMSIS/Include/core_cm0.h **** 
 788:Drivers/CMSIS/Include/core_cm0.h ****   return (
 789:Drivers/CMSIS/Include/core_cm0.h ****            ((PreemptPriority & (uint32_t)((1UL << (PreemptPriorityBits)) - 1UL)) << SubPriorityBits
 790:Drivers/CMSIS/Include/core_cm0.h ****            ((SubPriority     & (uint32_t)((1UL << (SubPriorityBits    )) - 1UL)))
 791:Drivers/CMSIS/Include/core_cm0.h ****          );
 792:Drivers/CMSIS/Include/core_cm0.h **** }
 793:Drivers/CMSIS/Include/core_cm0.h **** 
 794:Drivers/CMSIS/Include/core_cm0.h **** 
 795:Drivers/CMSIS/Include/core_cm0.h **** /**
 796:Drivers/CMSIS/Include/core_cm0.h ****   \brief   Decode Priority
 797:Drivers/CMSIS/Include/core_cm0.h ****   \details Decodes an interrupt priority value with a given priority group to
 798:Drivers/CMSIS/Include/core_cm0.h ****            preemptive priority value and subpriority value.
 799:Drivers/CMSIS/Include/core_cm0.h ****            In case of a conflict between priority grouping and available
 800:Drivers/CMSIS/Include/core_cm0.h ****            priority bits (__NVIC_PRIO_BITS) the smallest possible priority group is set.
 801:Drivers/CMSIS/Include/core_cm0.h ****   \param [in]         Priority   Priority value, which can be retrieved with the function \ref NVIC
 802:Drivers/CMSIS/Include/core_cm0.h ****   \param [in]     PriorityGroup  Used priority group.
 803:Drivers/CMSIS/Include/core_cm0.h ****   \param [out] pPreemptPriority  Preemptive priority value (starting from 0).
 804:Drivers/CMSIS/Include/core_cm0.h ****   \param [out]     pSubPriority  Subpriority value (starting from 0).
 805:Drivers/CMSIS/Include/core_cm0.h ****  */
 806:Drivers/CMSIS/Include/core_cm0.h **** __STATIC_INLINE void NVIC_DecodePriority (uint32_t Priority, uint32_t PriorityGroup, uint32_t* cons
 807:Drivers/CMSIS/Include/core_cm0.h **** {
 808:Drivers/CMSIS/Include/core_cm0.h ****   uint32_t PriorityGroupTmp = (PriorityGroup & (uint32_t)0x07UL);   /* only values 0..7 are used   
 809:Drivers/CMSIS/Include/core_cm0.h ****   uint32_t PreemptPriorityBits;
 810:Drivers/CMSIS/Include/core_cm0.h ****   uint32_t SubPriorityBits;
 811:Drivers/CMSIS/Include/core_cm0.h **** 
 812:Drivers/CMSIS/Include/core_cm0.h ****   PreemptPriorityBits = ((7UL - PriorityGroupTmp) > (uint32_t)(__NVIC_PRIO_BITS)) ? (uint32_t)(__NV
 813:Drivers/CMSIS/Include/core_cm0.h ****   SubPriorityBits     = ((PriorityGroupTmp + (uint32_t)(__NVIC_PRIO_BITS)) < (uint32_t)7UL) ? (uint
 814:Drivers/CMSIS/Include/core_cm0.h **** 
 815:Drivers/CMSIS/Include/core_cm0.h ****   *pPreemptPriority = (Priority >> SubPriorityBits) & (uint32_t)((1UL << (PreemptPriorityBits)) - 1
 816:Drivers/CMSIS/Include/core_cm0.h ****   *pSubPriority     = (Priority                   ) & (uint32_t)((1UL << (SubPriorityBits    )) - 1
 817:Drivers/CMSIS/Include/core_cm0.h **** }
 818:Drivers/CMSIS/Include/core_cm0.h **** 
 819:Drivers/CMSIS/Include/core_cm0.h **** 
 820:Drivers/CMSIS/Include/core_cm0.h **** 
 821:Drivers/CMSIS/Include/core_cm0.h **** /**
 822:Drivers/CMSIS/Include/core_cm0.h ****   \brief   Set Interrupt Vector
 823:Drivers/CMSIS/Include/core_cm0.h ****   \details Sets an interrupt vector in SRAM based interrupt vector table.
 824:Drivers/CMSIS/Include/core_cm0.h ****            The interrupt number can be positive to specify a device specific interrupt,
 825:Drivers/CMSIS/Include/core_cm0.h ****            or negative to specify a processor exception.
 826:Drivers/CMSIS/Include/core_cm0.h ****            Address 0 must be mapped to SRAM.
 827:Drivers/CMSIS/Include/core_cm0.h ****   \param [in]   IRQn      Interrupt number
 828:Drivers/CMSIS/Include/core_cm0.h ****   \param [in]   vector    Address of interrupt handler function
 829:Drivers/CMSIS/Include/core_cm0.h ****  */
 830:Drivers/CMSIS/Include/core_cm0.h **** __STATIC_INLINE void __NVIC_SetVector(IRQn_Type IRQn, uint32_t vector)
ARM GAS  C:\Users\24705\AppData\Local\Temp\ccToMTbw.s 			page 16


 831:Drivers/CMSIS/Include/core_cm0.h **** {
 832:Drivers/CMSIS/Include/core_cm0.h ****   uint32_t *vectors = (uint32_t *)0x0U;
 833:Drivers/CMSIS/Include/core_cm0.h ****   vectors[(int32_t)IRQn + NVIC_USER_IRQ_OFFSET] = vector;
 834:Drivers/CMSIS/Include/core_cm0.h **** }
 835:Drivers/CMSIS/Include/core_cm0.h **** 
 836:Drivers/CMSIS/Include/core_cm0.h **** 
 837:Drivers/CMSIS/Include/core_cm0.h **** /**
 838:Drivers/CMSIS/Include/core_cm0.h ****   \brief   Get Interrupt Vector
 839:Drivers/CMSIS/Include/core_cm0.h ****   \details Reads an interrupt vector from interrupt vector table.
 840:Drivers/CMSIS/Include/core_cm0.h ****            The interrupt number can be positive to specify a device specific interrupt,
 841:Drivers/CMSIS/Include/core_cm0.h ****            or negative to specify a processor exception.
 842:Drivers/CMSIS/Include/core_cm0.h ****   \param [in]   IRQn      Interrupt number.
 843:Drivers/CMSIS/Include/core_cm0.h ****   \return                 Address of interrupt handler function
 844:Drivers/CMSIS/Include/core_cm0.h ****  */
 845:Drivers/CMSIS/Include/core_cm0.h **** __STATIC_INLINE uint32_t __NVIC_GetVector(IRQn_Type IRQn)
 846:Drivers/CMSIS/Include/core_cm0.h **** {
 847:Drivers/CMSIS/Include/core_cm0.h ****   uint32_t *vectors = (uint32_t *)0x0U;
 848:Drivers/CMSIS/Include/core_cm0.h ****   return vectors[(int32_t)IRQn + NVIC_USER_IRQ_OFFSET];
 849:Drivers/CMSIS/Include/core_cm0.h **** }
 850:Drivers/CMSIS/Include/core_cm0.h **** 
 851:Drivers/CMSIS/Include/core_cm0.h **** 
 852:Drivers/CMSIS/Include/core_cm0.h **** /**
 853:Drivers/CMSIS/Include/core_cm0.h ****   \brief   System Reset
 854:Drivers/CMSIS/Include/core_cm0.h ****   \details Initiates a system reset request to reset the MCU.
 855:Drivers/CMSIS/Include/core_cm0.h ****  */
 856:Drivers/CMSIS/Include/core_cm0.h **** __NO_RETURN __STATIC_INLINE void __NVIC_SystemReset(void)
 857:Drivers/CMSIS/Include/core_cm0.h **** {
  27              		.loc 2 857 1 view -0
  28              		.cfi_startproc
  29              		@ Volatile: function does not return.
  30              		@ args = 0, pretend = 0, frame = 0
  31              		@ frame_needed = 0, uses_anonymous_args = 0
  32              		@ link register save eliminated.
 858:Drivers/CMSIS/Include/core_cm0.h ****   __DSB();                                                          /* Ensure all outstanding memor
  33              		.loc 2 858 3 view .LVU1
  34              	.LBB8:
  35              	.LBI8:
  36              		.file 3 "Drivers/CMSIS/Include/cmsis_gcc.h"
   1:Drivers/CMSIS/Include/cmsis_gcc.h **** /**************************************************************************//**
   2:Drivers/CMSIS/Include/cmsis_gcc.h ****  * @file     cmsis_gcc.h
   3:Drivers/CMSIS/Include/cmsis_gcc.h ****  * @brief    CMSIS compiler GCC header file
   4:Drivers/CMSIS/Include/cmsis_gcc.h ****  * @version  V5.0.4
   5:Drivers/CMSIS/Include/cmsis_gcc.h ****  * @date     09. April 2018
   6:Drivers/CMSIS/Include/cmsis_gcc.h ****  ******************************************************************************/
   7:Drivers/CMSIS/Include/cmsis_gcc.h **** /*
   8:Drivers/CMSIS/Include/cmsis_gcc.h ****  * Copyright (c) 2009-2018 Arm Limited. All rights reserved.
   9:Drivers/CMSIS/Include/cmsis_gcc.h ****  *
  10:Drivers/CMSIS/Include/cmsis_gcc.h ****  * SPDX-License-Identifier: Apache-2.0
  11:Drivers/CMSIS/Include/cmsis_gcc.h ****  *
  12:Drivers/CMSIS/Include/cmsis_gcc.h ****  * Licensed under the Apache License, Version 2.0 (the License); you may
  13:Drivers/CMSIS/Include/cmsis_gcc.h ****  * not use this file except in compliance with the License.
  14:Drivers/CMSIS/Include/cmsis_gcc.h ****  * You may obtain a copy of the License at
  15:Drivers/CMSIS/Include/cmsis_gcc.h ****  *
  16:Drivers/CMSIS/Include/cmsis_gcc.h ****  * www.apache.org/licenses/LICENSE-2.0
  17:Drivers/CMSIS/Include/cmsis_gcc.h ****  *
  18:Drivers/CMSIS/Include/cmsis_gcc.h ****  * Unless required by applicable law or agreed to in writing, software
  19:Drivers/CMSIS/Include/cmsis_gcc.h ****  * distributed under the License is distributed on an AS IS BASIS, WITHOUT
ARM GAS  C:\Users\24705\AppData\Local\Temp\ccToMTbw.s 			page 17


  20:Drivers/CMSIS/Include/cmsis_gcc.h ****  * WARRANTIES OR CONDITIONS OF ANY KIND, either express or implied.
  21:Drivers/CMSIS/Include/cmsis_gcc.h ****  * See the License for the specific language governing permissions and
  22:Drivers/CMSIS/Include/cmsis_gcc.h ****  * limitations under the License.
  23:Drivers/CMSIS/Include/cmsis_gcc.h ****  */
  24:Drivers/CMSIS/Include/cmsis_gcc.h **** 
  25:Drivers/CMSIS/Include/cmsis_gcc.h **** #ifndef __CMSIS_GCC_H
  26:Drivers/CMSIS/Include/cmsis_gcc.h **** #define __CMSIS_GCC_H
  27:Drivers/CMSIS/Include/cmsis_gcc.h **** 
  28:Drivers/CMSIS/Include/cmsis_gcc.h **** /* ignore some GCC warnings */
  29:Drivers/CMSIS/Include/cmsis_gcc.h **** #pragma GCC diagnostic push
  30:Drivers/CMSIS/Include/cmsis_gcc.h **** #pragma GCC diagnostic ignored "-Wsign-conversion"
  31:Drivers/CMSIS/Include/cmsis_gcc.h **** #pragma GCC diagnostic ignored "-Wconversion"
  32:Drivers/CMSIS/Include/cmsis_gcc.h **** #pragma GCC diagnostic ignored "-Wunused-parameter"
  33:Drivers/CMSIS/Include/cmsis_gcc.h **** 
  34:Drivers/CMSIS/Include/cmsis_gcc.h **** /* Fallback for __has_builtin */
  35:Drivers/CMSIS/Include/cmsis_gcc.h **** #ifndef __has_builtin
  36:Drivers/CMSIS/Include/cmsis_gcc.h ****   #define __has_builtin(x) (0)
  37:Drivers/CMSIS/Include/cmsis_gcc.h **** #endif
  38:Drivers/CMSIS/Include/cmsis_gcc.h **** 
  39:Drivers/CMSIS/Include/cmsis_gcc.h **** /* CMSIS compiler specific defines */
  40:Drivers/CMSIS/Include/cmsis_gcc.h **** #ifndef   __ASM
  41:Drivers/CMSIS/Include/cmsis_gcc.h ****   #define __ASM                                  __asm
  42:Drivers/CMSIS/Include/cmsis_gcc.h **** #endif
  43:Drivers/CMSIS/Include/cmsis_gcc.h **** #ifndef   __INLINE
  44:Drivers/CMSIS/Include/cmsis_gcc.h ****   #define __INLINE                               inline
  45:Drivers/CMSIS/Include/cmsis_gcc.h **** #endif
  46:Drivers/CMSIS/Include/cmsis_gcc.h **** #ifndef   __STATIC_INLINE
  47:Drivers/CMSIS/Include/cmsis_gcc.h ****   #define __STATIC_INLINE                        static inline
  48:Drivers/CMSIS/Include/cmsis_gcc.h **** #endif
  49:Drivers/CMSIS/Include/cmsis_gcc.h **** #ifndef   __STATIC_FORCEINLINE                 
  50:Drivers/CMSIS/Include/cmsis_gcc.h ****   #define __STATIC_FORCEINLINE                   __attribute__((always_inline)) static inline
  51:Drivers/CMSIS/Include/cmsis_gcc.h **** #endif                                           
  52:Drivers/CMSIS/Include/cmsis_gcc.h **** #ifndef   __NO_RETURN
  53:Drivers/CMSIS/Include/cmsis_gcc.h ****   #define __NO_RETURN                            __attribute__((__noreturn__))
  54:Drivers/CMSIS/Include/cmsis_gcc.h **** #endif
  55:Drivers/CMSIS/Include/cmsis_gcc.h **** #ifndef   __USED
  56:Drivers/CMSIS/Include/cmsis_gcc.h ****   #define __USED                                 __attribute__((used))
  57:Drivers/CMSIS/Include/cmsis_gcc.h **** #endif
  58:Drivers/CMSIS/Include/cmsis_gcc.h **** #ifndef   __WEAK
  59:Drivers/CMSIS/Include/cmsis_gcc.h ****   #define __WEAK                                 __attribute__((weak))
  60:Drivers/CMSIS/Include/cmsis_gcc.h **** #endif
  61:Drivers/CMSIS/Include/cmsis_gcc.h **** #ifndef   __PACKED
  62:Drivers/CMSIS/Include/cmsis_gcc.h ****   #define __PACKED                               __attribute__((packed, aligned(1)))
  63:Drivers/CMSIS/Include/cmsis_gcc.h **** #endif
  64:Drivers/CMSIS/Include/cmsis_gcc.h **** #ifndef   __PACKED_STRUCT
  65:Drivers/CMSIS/Include/cmsis_gcc.h ****   #define __PACKED_STRUCT                        struct __attribute__((packed, aligned(1)))
  66:Drivers/CMSIS/Include/cmsis_gcc.h **** #endif
  67:Drivers/CMSIS/Include/cmsis_gcc.h **** #ifndef   __PACKED_UNION
  68:Drivers/CMSIS/Include/cmsis_gcc.h ****   #define __PACKED_UNION                         union __attribute__((packed, aligned(1)))
  69:Drivers/CMSIS/Include/cmsis_gcc.h **** #endif
  70:Drivers/CMSIS/Include/cmsis_gcc.h **** #ifndef   __UNALIGNED_UINT32        /* deprecated */
  71:Drivers/CMSIS/Include/cmsis_gcc.h ****   #pragma GCC diagnostic push
  72:Drivers/CMSIS/Include/cmsis_gcc.h ****   #pragma GCC diagnostic ignored "-Wpacked"
  73:Drivers/CMSIS/Include/cmsis_gcc.h ****   #pragma GCC diagnostic ignored "-Wattributes"
  74:Drivers/CMSIS/Include/cmsis_gcc.h ****   struct __attribute__((packed)) T_UINT32 { uint32_t v; };
  75:Drivers/CMSIS/Include/cmsis_gcc.h ****   #pragma GCC diagnostic pop
  76:Drivers/CMSIS/Include/cmsis_gcc.h ****   #define __UNALIGNED_UINT32(x)                  (((struct T_UINT32 *)(x))->v)
ARM GAS  C:\Users\24705\AppData\Local\Temp\ccToMTbw.s 			page 18


  77:Drivers/CMSIS/Include/cmsis_gcc.h **** #endif
  78:Drivers/CMSIS/Include/cmsis_gcc.h **** #ifndef   __UNALIGNED_UINT16_WRITE
  79:Drivers/CMSIS/Include/cmsis_gcc.h ****   #pragma GCC diagnostic push
  80:Drivers/CMSIS/Include/cmsis_gcc.h ****   #pragma GCC diagnostic ignored "-Wpacked"
  81:Drivers/CMSIS/Include/cmsis_gcc.h ****   #pragma GCC diagnostic ignored "-Wattributes"
  82:Drivers/CMSIS/Include/cmsis_gcc.h ****   __PACKED_STRUCT T_UINT16_WRITE { uint16_t v; };
  83:Drivers/CMSIS/Include/cmsis_gcc.h ****   #pragma GCC diagnostic pop
  84:Drivers/CMSIS/Include/cmsis_gcc.h ****   #define __UNALIGNED_UINT16_WRITE(addr, val)    (void)((((struct T_UINT16_WRITE *)(void *)(addr))-
  85:Drivers/CMSIS/Include/cmsis_gcc.h **** #endif
  86:Drivers/CMSIS/Include/cmsis_gcc.h **** #ifndef   __UNALIGNED_UINT16_READ
  87:Drivers/CMSIS/Include/cmsis_gcc.h ****   #pragma GCC diagnostic push
  88:Drivers/CMSIS/Include/cmsis_gcc.h ****   #pragma GCC diagnostic ignored "-Wpacked"
  89:Drivers/CMSIS/Include/cmsis_gcc.h ****   #pragma GCC diagnostic ignored "-Wattributes"
  90:Drivers/CMSIS/Include/cmsis_gcc.h ****   __PACKED_STRUCT T_UINT16_READ { uint16_t v; };
  91:Drivers/CMSIS/Include/cmsis_gcc.h ****   #pragma GCC diagnostic pop
  92:Drivers/CMSIS/Include/cmsis_gcc.h ****   #define __UNALIGNED_UINT16_READ(addr)          (((const struct T_UINT16_READ *)(const void *)(add
  93:Drivers/CMSIS/Include/cmsis_gcc.h **** #endif
  94:Drivers/CMSIS/Include/cmsis_gcc.h **** #ifndef   __UNALIGNED_UINT32_WRITE
  95:Drivers/CMSIS/Include/cmsis_gcc.h ****   #pragma GCC diagnostic push
  96:Drivers/CMSIS/Include/cmsis_gcc.h ****   #pragma GCC diagnostic ignored "-Wpacked"
  97:Drivers/CMSIS/Include/cmsis_gcc.h ****   #pragma GCC diagnostic ignored "-Wattributes"
  98:Drivers/CMSIS/Include/cmsis_gcc.h ****   __PACKED_STRUCT T_UINT32_WRITE { uint32_t v; };
  99:Drivers/CMSIS/Include/cmsis_gcc.h ****   #pragma GCC diagnostic pop
 100:Drivers/CMSIS/Include/cmsis_gcc.h ****   #define __UNALIGNED_UINT32_WRITE(addr, val)    (void)((((struct T_UINT32_WRITE *)(void *)(addr))-
 101:Drivers/CMSIS/Include/cmsis_gcc.h **** #endif
 102:Drivers/CMSIS/Include/cmsis_gcc.h **** #ifndef   __UNALIGNED_UINT32_READ
 103:Drivers/CMSIS/Include/cmsis_gcc.h ****   #pragma GCC diagnostic push
 104:Drivers/CMSIS/Include/cmsis_gcc.h ****   #pragma GCC diagnostic ignored "-Wpacked"
 105:Drivers/CMSIS/Include/cmsis_gcc.h ****   #pragma GCC diagnostic ignored "-Wattributes"
 106:Drivers/CMSIS/Include/cmsis_gcc.h ****   __PACKED_STRUCT T_UINT32_READ { uint32_t v; };
 107:Drivers/CMSIS/Include/cmsis_gcc.h ****   #pragma GCC diagnostic pop
 108:Drivers/CMSIS/Include/cmsis_gcc.h ****   #define __UNALIGNED_UINT32_READ(addr)          (((const struct T_UINT32_READ *)(const void *)(add
 109:Drivers/CMSIS/Include/cmsis_gcc.h **** #endif
 110:Drivers/CMSIS/Include/cmsis_gcc.h **** #ifndef   __ALIGNED
 111:Drivers/CMSIS/Include/cmsis_gcc.h ****   #define __ALIGNED(x)                           __attribute__((aligned(x)))
 112:Drivers/CMSIS/Include/cmsis_gcc.h **** #endif
 113:Drivers/CMSIS/Include/cmsis_gcc.h **** #ifndef   __RESTRICT
 114:Drivers/CMSIS/Include/cmsis_gcc.h ****   #define __RESTRICT                             __restrict
 115:Drivers/CMSIS/Include/cmsis_gcc.h **** #endif
 116:Drivers/CMSIS/Include/cmsis_gcc.h **** 
 117:Drivers/CMSIS/Include/cmsis_gcc.h **** 
 118:Drivers/CMSIS/Include/cmsis_gcc.h **** /* ###########################  Core Function Access  ########################### */
 119:Drivers/CMSIS/Include/cmsis_gcc.h **** /** \ingroup  CMSIS_Core_FunctionInterface
 120:Drivers/CMSIS/Include/cmsis_gcc.h ****     \defgroup CMSIS_Core_RegAccFunctions CMSIS Core Register Access Functions
 121:Drivers/CMSIS/Include/cmsis_gcc.h ****   @{
 122:Drivers/CMSIS/Include/cmsis_gcc.h ****  */
 123:Drivers/CMSIS/Include/cmsis_gcc.h **** 
 124:Drivers/CMSIS/Include/cmsis_gcc.h **** /**
 125:Drivers/CMSIS/Include/cmsis_gcc.h ****   \brief   Enable IRQ Interrupts
 126:Drivers/CMSIS/Include/cmsis_gcc.h ****   \details Enables IRQ interrupts by clearing the I-bit in the CPSR.
 127:Drivers/CMSIS/Include/cmsis_gcc.h ****            Can only be executed in Privileged modes.
 128:Drivers/CMSIS/Include/cmsis_gcc.h ****  */
 129:Drivers/CMSIS/Include/cmsis_gcc.h **** __STATIC_FORCEINLINE void __enable_irq(void)
 130:Drivers/CMSIS/Include/cmsis_gcc.h **** {
 131:Drivers/CMSIS/Include/cmsis_gcc.h ****   __ASM volatile ("cpsie i" : : : "memory");
 132:Drivers/CMSIS/Include/cmsis_gcc.h **** }
 133:Drivers/CMSIS/Include/cmsis_gcc.h **** 
ARM GAS  C:\Users\24705\AppData\Local\Temp\ccToMTbw.s 			page 19


 134:Drivers/CMSIS/Include/cmsis_gcc.h **** 
 135:Drivers/CMSIS/Include/cmsis_gcc.h **** /**
 136:Drivers/CMSIS/Include/cmsis_gcc.h ****   \brief   Disable IRQ Interrupts
 137:Drivers/CMSIS/Include/cmsis_gcc.h ****   \details Disables IRQ interrupts by setting the I-bit in the CPSR.
 138:Drivers/CMSIS/Include/cmsis_gcc.h ****            Can only be executed in Privileged modes.
 139:Drivers/CMSIS/Include/cmsis_gcc.h ****  */
 140:Drivers/CMSIS/Include/cmsis_gcc.h **** __STATIC_FORCEINLINE void __disable_irq(void)
 141:Drivers/CMSIS/Include/cmsis_gcc.h **** {
 142:Drivers/CMSIS/Include/cmsis_gcc.h ****   __ASM volatile ("cpsid i" : : : "memory");
 143:Drivers/CMSIS/Include/cmsis_gcc.h **** }
 144:Drivers/CMSIS/Include/cmsis_gcc.h **** 
 145:Drivers/CMSIS/Include/cmsis_gcc.h **** 
 146:Drivers/CMSIS/Include/cmsis_gcc.h **** /**
 147:Drivers/CMSIS/Include/cmsis_gcc.h ****   \brief   Get Control Register
 148:Drivers/CMSIS/Include/cmsis_gcc.h ****   \details Returns the content of the Control Register.
 149:Drivers/CMSIS/Include/cmsis_gcc.h ****   \return               Control Register value
 150:Drivers/CMSIS/Include/cmsis_gcc.h ****  */
 151:Drivers/CMSIS/Include/cmsis_gcc.h **** __STATIC_FORCEINLINE uint32_t __get_CONTROL(void)
 152:Drivers/CMSIS/Include/cmsis_gcc.h **** {
 153:Drivers/CMSIS/Include/cmsis_gcc.h ****   uint32_t result;
 154:Drivers/CMSIS/Include/cmsis_gcc.h **** 
 155:Drivers/CMSIS/Include/cmsis_gcc.h ****   __ASM volatile ("MRS %0, control" : "=r" (result) );
 156:Drivers/CMSIS/Include/cmsis_gcc.h ****   return(result);
 157:Drivers/CMSIS/Include/cmsis_gcc.h **** }
 158:Drivers/CMSIS/Include/cmsis_gcc.h **** 
 159:Drivers/CMSIS/Include/cmsis_gcc.h **** 
 160:Drivers/CMSIS/Include/cmsis_gcc.h **** #if (defined (__ARM_FEATURE_CMSE ) && (__ARM_FEATURE_CMSE == 3))
 161:Drivers/CMSIS/Include/cmsis_gcc.h **** /**
 162:Drivers/CMSIS/Include/cmsis_gcc.h ****   \brief   Get Control Register (non-secure)
 163:Drivers/CMSIS/Include/cmsis_gcc.h ****   \details Returns the content of the non-secure Control Register when in secure mode.
 164:Drivers/CMSIS/Include/cmsis_gcc.h ****   \return               non-secure Control Register value
 165:Drivers/CMSIS/Include/cmsis_gcc.h ****  */
 166:Drivers/CMSIS/Include/cmsis_gcc.h **** __STATIC_FORCEINLINE uint32_t __TZ_get_CONTROL_NS(void)
 167:Drivers/CMSIS/Include/cmsis_gcc.h **** {
 168:Drivers/CMSIS/Include/cmsis_gcc.h ****   uint32_t result;
 169:Drivers/CMSIS/Include/cmsis_gcc.h **** 
 170:Drivers/CMSIS/Include/cmsis_gcc.h ****   __ASM volatile ("MRS %0, control_ns" : "=r" (result) );
 171:Drivers/CMSIS/Include/cmsis_gcc.h ****   return(result);
 172:Drivers/CMSIS/Include/cmsis_gcc.h **** }
 173:Drivers/CMSIS/Include/cmsis_gcc.h **** #endif
 174:Drivers/CMSIS/Include/cmsis_gcc.h **** 
 175:Drivers/CMSIS/Include/cmsis_gcc.h **** 
 176:Drivers/CMSIS/Include/cmsis_gcc.h **** /**
 177:Drivers/CMSIS/Include/cmsis_gcc.h ****   \brief   Set Control Register
 178:Drivers/CMSIS/Include/cmsis_gcc.h ****   \details Writes the given value to the Control Register.
 179:Drivers/CMSIS/Include/cmsis_gcc.h ****   \param [in]    control  Control Register value to set
 180:Drivers/CMSIS/Include/cmsis_gcc.h ****  */
 181:Drivers/CMSIS/Include/cmsis_gcc.h **** __STATIC_FORCEINLINE void __set_CONTROL(uint32_t control)
 182:Drivers/CMSIS/Include/cmsis_gcc.h **** {
 183:Drivers/CMSIS/Include/cmsis_gcc.h ****   __ASM volatile ("MSR control, %0" : : "r" (control) : "memory");
 184:Drivers/CMSIS/Include/cmsis_gcc.h **** }
 185:Drivers/CMSIS/Include/cmsis_gcc.h **** 
 186:Drivers/CMSIS/Include/cmsis_gcc.h **** 
 187:Drivers/CMSIS/Include/cmsis_gcc.h **** #if (defined (__ARM_FEATURE_CMSE ) && (__ARM_FEATURE_CMSE == 3))
 188:Drivers/CMSIS/Include/cmsis_gcc.h **** /**
 189:Drivers/CMSIS/Include/cmsis_gcc.h ****   \brief   Set Control Register (non-secure)
 190:Drivers/CMSIS/Include/cmsis_gcc.h ****   \details Writes the given value to the non-secure Control Register when in secure state.
ARM GAS  C:\Users\24705\AppData\Local\Temp\ccToMTbw.s 			page 20


 191:Drivers/CMSIS/Include/cmsis_gcc.h ****   \param [in]    control  Control Register value to set
 192:Drivers/CMSIS/Include/cmsis_gcc.h ****  */
 193:Drivers/CMSIS/Include/cmsis_gcc.h **** __STATIC_FORCEINLINE void __TZ_set_CONTROL_NS(uint32_t control)
 194:Drivers/CMSIS/Include/cmsis_gcc.h **** {
 195:Drivers/CMSIS/Include/cmsis_gcc.h ****   __ASM volatile ("MSR control_ns, %0" : : "r" (control) : "memory");
 196:Drivers/CMSIS/Include/cmsis_gcc.h **** }
 197:Drivers/CMSIS/Include/cmsis_gcc.h **** #endif
 198:Drivers/CMSIS/Include/cmsis_gcc.h **** 
 199:Drivers/CMSIS/Include/cmsis_gcc.h **** 
 200:Drivers/CMSIS/Include/cmsis_gcc.h **** /**
 201:Drivers/CMSIS/Include/cmsis_gcc.h ****   \brief   Get IPSR Register
 202:Drivers/CMSIS/Include/cmsis_gcc.h ****   \details Returns the content of the IPSR Register.
 203:Drivers/CMSIS/Include/cmsis_gcc.h ****   \return               IPSR Register value
 204:Drivers/CMSIS/Include/cmsis_gcc.h ****  */
 205:Drivers/CMSIS/Include/cmsis_gcc.h **** __STATIC_FORCEINLINE uint32_t __get_IPSR(void)
 206:Drivers/CMSIS/Include/cmsis_gcc.h **** {
 207:Drivers/CMSIS/Include/cmsis_gcc.h ****   uint32_t result;
 208:Drivers/CMSIS/Include/cmsis_gcc.h **** 
 209:Drivers/CMSIS/Include/cmsis_gcc.h ****   __ASM volatile ("MRS %0, ipsr" : "=r" (result) );
 210:Drivers/CMSIS/Include/cmsis_gcc.h ****   return(result);
 211:Drivers/CMSIS/Include/cmsis_gcc.h **** }
 212:Drivers/CMSIS/Include/cmsis_gcc.h **** 
 213:Drivers/CMSIS/Include/cmsis_gcc.h **** 
 214:Drivers/CMSIS/Include/cmsis_gcc.h **** /**
 215:Drivers/CMSIS/Include/cmsis_gcc.h ****   \brief   Get APSR Register
 216:Drivers/CMSIS/Include/cmsis_gcc.h ****   \details Returns the content of the APSR Register.
 217:Drivers/CMSIS/Include/cmsis_gcc.h ****   \return               APSR Register value
 218:Drivers/CMSIS/Include/cmsis_gcc.h ****  */
 219:Drivers/CMSIS/Include/cmsis_gcc.h **** __STATIC_FORCEINLINE uint32_t __get_APSR(void)
 220:Drivers/CMSIS/Include/cmsis_gcc.h **** {
 221:Drivers/CMSIS/Include/cmsis_gcc.h ****   uint32_t result;
 222:Drivers/CMSIS/Include/cmsis_gcc.h **** 
 223:Drivers/CMSIS/Include/cmsis_gcc.h ****   __ASM volatile ("MRS %0, apsr" : "=r" (result) );
 224:Drivers/CMSIS/Include/cmsis_gcc.h ****   return(result);
 225:Drivers/CMSIS/Include/cmsis_gcc.h **** }
 226:Drivers/CMSIS/Include/cmsis_gcc.h **** 
 227:Drivers/CMSIS/Include/cmsis_gcc.h **** 
 228:Drivers/CMSIS/Include/cmsis_gcc.h **** /**
 229:Drivers/CMSIS/Include/cmsis_gcc.h ****   \brief   Get xPSR Register
 230:Drivers/CMSIS/Include/cmsis_gcc.h ****   \details Returns the content of the xPSR Register.
 231:Drivers/CMSIS/Include/cmsis_gcc.h ****   \return               xPSR Register value
 232:Drivers/CMSIS/Include/cmsis_gcc.h ****  */
 233:Drivers/CMSIS/Include/cmsis_gcc.h **** __STATIC_FORCEINLINE uint32_t __get_xPSR(void)
 234:Drivers/CMSIS/Include/cmsis_gcc.h **** {
 235:Drivers/CMSIS/Include/cmsis_gcc.h ****   uint32_t result;
 236:Drivers/CMSIS/Include/cmsis_gcc.h **** 
 237:Drivers/CMSIS/Include/cmsis_gcc.h ****   __ASM volatile ("MRS %0, xpsr" : "=r" (result) );
 238:Drivers/CMSIS/Include/cmsis_gcc.h ****   return(result);
 239:Drivers/CMSIS/Include/cmsis_gcc.h **** }
 240:Drivers/CMSIS/Include/cmsis_gcc.h **** 
 241:Drivers/CMSIS/Include/cmsis_gcc.h **** 
 242:Drivers/CMSIS/Include/cmsis_gcc.h **** /**
 243:Drivers/CMSIS/Include/cmsis_gcc.h ****   \brief   Get Process Stack Pointer
 244:Drivers/CMSIS/Include/cmsis_gcc.h ****   \details Returns the current value of the Process Stack Pointer (PSP).
 245:Drivers/CMSIS/Include/cmsis_gcc.h ****   \return               PSP Register value
 246:Drivers/CMSIS/Include/cmsis_gcc.h ****  */
 247:Drivers/CMSIS/Include/cmsis_gcc.h **** __STATIC_FORCEINLINE uint32_t __get_PSP(void)
ARM GAS  C:\Users\24705\AppData\Local\Temp\ccToMTbw.s 			page 21


 248:Drivers/CMSIS/Include/cmsis_gcc.h **** {
 249:Drivers/CMSIS/Include/cmsis_gcc.h ****   uint32_t result;
 250:Drivers/CMSIS/Include/cmsis_gcc.h **** 
 251:Drivers/CMSIS/Include/cmsis_gcc.h ****   __ASM volatile ("MRS %0, psp"  : "=r" (result) );
 252:Drivers/CMSIS/Include/cmsis_gcc.h ****   return(result);
 253:Drivers/CMSIS/Include/cmsis_gcc.h **** }
 254:Drivers/CMSIS/Include/cmsis_gcc.h **** 
 255:Drivers/CMSIS/Include/cmsis_gcc.h **** 
 256:Drivers/CMSIS/Include/cmsis_gcc.h **** #if (defined (__ARM_FEATURE_CMSE ) && (__ARM_FEATURE_CMSE == 3))
 257:Drivers/CMSIS/Include/cmsis_gcc.h **** /**
 258:Drivers/CMSIS/Include/cmsis_gcc.h ****   \brief   Get Process Stack Pointer (non-secure)
 259:Drivers/CMSIS/Include/cmsis_gcc.h ****   \details Returns the current value of the non-secure Process Stack Pointer (PSP) when in secure s
 260:Drivers/CMSIS/Include/cmsis_gcc.h ****   \return               PSP Register value
 261:Drivers/CMSIS/Include/cmsis_gcc.h ****  */
 262:Drivers/CMSIS/Include/cmsis_gcc.h **** __STATIC_FORCEINLINE uint32_t __TZ_get_PSP_NS(void)
 263:Drivers/CMSIS/Include/cmsis_gcc.h **** {
 264:Drivers/CMSIS/Include/cmsis_gcc.h ****   uint32_t result;
 265:Drivers/CMSIS/Include/cmsis_gcc.h **** 
 266:Drivers/CMSIS/Include/cmsis_gcc.h ****   __ASM volatile ("MRS %0, psp_ns"  : "=r" (result) );
 267:Drivers/CMSIS/Include/cmsis_gcc.h ****   return(result);
 268:Drivers/CMSIS/Include/cmsis_gcc.h **** }
 269:Drivers/CMSIS/Include/cmsis_gcc.h **** #endif
 270:Drivers/CMSIS/Include/cmsis_gcc.h **** 
 271:Drivers/CMSIS/Include/cmsis_gcc.h **** 
 272:Drivers/CMSIS/Include/cmsis_gcc.h **** /**
 273:Drivers/CMSIS/Include/cmsis_gcc.h ****   \brief   Set Process Stack Pointer
 274:Drivers/CMSIS/Include/cmsis_gcc.h ****   \details Assigns the given value to the Process Stack Pointer (PSP).
 275:Drivers/CMSIS/Include/cmsis_gcc.h ****   \param [in]    topOfProcStack  Process Stack Pointer value to set
 276:Drivers/CMSIS/Include/cmsis_gcc.h ****  */
 277:Drivers/CMSIS/Include/cmsis_gcc.h **** __STATIC_FORCEINLINE void __set_PSP(uint32_t topOfProcStack)
 278:Drivers/CMSIS/Include/cmsis_gcc.h **** {
 279:Drivers/CMSIS/Include/cmsis_gcc.h ****   __ASM volatile ("MSR psp, %0" : : "r" (topOfProcStack) : );
 280:Drivers/CMSIS/Include/cmsis_gcc.h **** }
 281:Drivers/CMSIS/Include/cmsis_gcc.h **** 
 282:Drivers/CMSIS/Include/cmsis_gcc.h **** 
 283:Drivers/CMSIS/Include/cmsis_gcc.h **** #if (defined (__ARM_FEATURE_CMSE ) && (__ARM_FEATURE_CMSE == 3))
 284:Drivers/CMSIS/Include/cmsis_gcc.h **** /**
 285:Drivers/CMSIS/Include/cmsis_gcc.h ****   \brief   Set Process Stack Pointer (non-secure)
 286:Drivers/CMSIS/Include/cmsis_gcc.h ****   \details Assigns the given value to the non-secure Process Stack Pointer (PSP) when in secure sta
 287:Drivers/CMSIS/Include/cmsis_gcc.h ****   \param [in]    topOfProcStack  Process Stack Pointer value to set
 288:Drivers/CMSIS/Include/cmsis_gcc.h ****  */
 289:Drivers/CMSIS/Include/cmsis_gcc.h **** __STATIC_FORCEINLINE void __TZ_set_PSP_NS(uint32_t topOfProcStack)
 290:Drivers/CMSIS/Include/cmsis_gcc.h **** {
 291:Drivers/CMSIS/Include/cmsis_gcc.h ****   __ASM volatile ("MSR psp_ns, %0" : : "r" (topOfProcStack) : );
 292:Drivers/CMSIS/Include/cmsis_gcc.h **** }
 293:Drivers/CMSIS/Include/cmsis_gcc.h **** #endif
 294:Drivers/CMSIS/Include/cmsis_gcc.h **** 
 295:Drivers/CMSIS/Include/cmsis_gcc.h **** 
 296:Drivers/CMSIS/Include/cmsis_gcc.h **** /**
 297:Drivers/CMSIS/Include/cmsis_gcc.h ****   \brief   Get Main Stack Pointer
 298:Drivers/CMSIS/Include/cmsis_gcc.h ****   \details Returns the current value of the Main Stack Pointer (MSP).
 299:Drivers/CMSIS/Include/cmsis_gcc.h ****   \return               MSP Register value
 300:Drivers/CMSIS/Include/cmsis_gcc.h ****  */
 301:Drivers/CMSIS/Include/cmsis_gcc.h **** __STATIC_FORCEINLINE uint32_t __get_MSP(void)
 302:Drivers/CMSIS/Include/cmsis_gcc.h **** {
 303:Drivers/CMSIS/Include/cmsis_gcc.h ****   uint32_t result;
 304:Drivers/CMSIS/Include/cmsis_gcc.h **** 
ARM GAS  C:\Users\24705\AppData\Local\Temp\ccToMTbw.s 			page 22


 305:Drivers/CMSIS/Include/cmsis_gcc.h ****   __ASM volatile ("MRS %0, msp" : "=r" (result) );
 306:Drivers/CMSIS/Include/cmsis_gcc.h ****   return(result);
 307:Drivers/CMSIS/Include/cmsis_gcc.h **** }
 308:Drivers/CMSIS/Include/cmsis_gcc.h **** 
 309:Drivers/CMSIS/Include/cmsis_gcc.h **** 
 310:Drivers/CMSIS/Include/cmsis_gcc.h **** #if (defined (__ARM_FEATURE_CMSE ) && (__ARM_FEATURE_CMSE == 3))
 311:Drivers/CMSIS/Include/cmsis_gcc.h **** /**
 312:Drivers/CMSIS/Include/cmsis_gcc.h ****   \brief   Get Main Stack Pointer (non-secure)
 313:Drivers/CMSIS/Include/cmsis_gcc.h ****   \details Returns the current value of the non-secure Main Stack Pointer (MSP) when in secure stat
 314:Drivers/CMSIS/Include/cmsis_gcc.h ****   \return               MSP Register value
 315:Drivers/CMSIS/Include/cmsis_gcc.h ****  */
 316:Drivers/CMSIS/Include/cmsis_gcc.h **** __STATIC_FORCEINLINE uint32_t __TZ_get_MSP_NS(void)
 317:Drivers/CMSIS/Include/cmsis_gcc.h **** {
 318:Drivers/CMSIS/Include/cmsis_gcc.h ****   uint32_t result;
 319:Drivers/CMSIS/Include/cmsis_gcc.h **** 
 320:Drivers/CMSIS/Include/cmsis_gcc.h ****   __ASM volatile ("MRS %0, msp_ns" : "=r" (result) );
 321:Drivers/CMSIS/Include/cmsis_gcc.h ****   return(result);
 322:Drivers/CMSIS/Include/cmsis_gcc.h **** }
 323:Drivers/CMSIS/Include/cmsis_gcc.h **** #endif
 324:Drivers/CMSIS/Include/cmsis_gcc.h **** 
 325:Drivers/CMSIS/Include/cmsis_gcc.h **** 
 326:Drivers/CMSIS/Include/cmsis_gcc.h **** /**
 327:Drivers/CMSIS/Include/cmsis_gcc.h ****   \brief   Set Main Stack Pointer
 328:Drivers/CMSIS/Include/cmsis_gcc.h ****   \details Assigns the given value to the Main Stack Pointer (MSP).
 329:Drivers/CMSIS/Include/cmsis_gcc.h ****   \param [in]    topOfMainStack  Main Stack Pointer value to set
 330:Drivers/CMSIS/Include/cmsis_gcc.h ****  */
 331:Drivers/CMSIS/Include/cmsis_gcc.h **** __STATIC_FORCEINLINE void __set_MSP(uint32_t topOfMainStack)
 332:Drivers/CMSIS/Include/cmsis_gcc.h **** {
 333:Drivers/CMSIS/Include/cmsis_gcc.h ****   __ASM volatile ("MSR msp, %0" : : "r" (topOfMainStack) : );
 334:Drivers/CMSIS/Include/cmsis_gcc.h **** }
 335:Drivers/CMSIS/Include/cmsis_gcc.h **** 
 336:Drivers/CMSIS/Include/cmsis_gcc.h **** 
 337:Drivers/CMSIS/Include/cmsis_gcc.h **** #if (defined (__ARM_FEATURE_CMSE ) && (__ARM_FEATURE_CMSE == 3))
 338:Drivers/CMSIS/Include/cmsis_gcc.h **** /**
 339:Drivers/CMSIS/Include/cmsis_gcc.h ****   \brief   Set Main Stack Pointer (non-secure)
 340:Drivers/CMSIS/Include/cmsis_gcc.h ****   \details Assigns the given value to the non-secure Main Stack Pointer (MSP) when in secure state.
 341:Drivers/CMSIS/Include/cmsis_gcc.h ****   \param [in]    topOfMainStack  Main Stack Pointer value to set
 342:Drivers/CMSIS/Include/cmsis_gcc.h ****  */
 343:Drivers/CMSIS/Include/cmsis_gcc.h **** __STATIC_FORCEINLINE void __TZ_set_MSP_NS(uint32_t topOfMainStack)
 344:Drivers/CMSIS/Include/cmsis_gcc.h **** {
 345:Drivers/CMSIS/Include/cmsis_gcc.h ****   __ASM volatile ("MSR msp_ns, %0" : : "r" (topOfMainStack) : );
 346:Drivers/CMSIS/Include/cmsis_gcc.h **** }
 347:Drivers/CMSIS/Include/cmsis_gcc.h **** #endif
 348:Drivers/CMSIS/Include/cmsis_gcc.h **** 
 349:Drivers/CMSIS/Include/cmsis_gcc.h **** 
 350:Drivers/CMSIS/Include/cmsis_gcc.h **** #if (defined (__ARM_FEATURE_CMSE ) && (__ARM_FEATURE_CMSE == 3))
 351:Drivers/CMSIS/Include/cmsis_gcc.h **** /**
 352:Drivers/CMSIS/Include/cmsis_gcc.h ****   \brief   Get Stack Pointer (non-secure)
 353:Drivers/CMSIS/Include/cmsis_gcc.h ****   \details Returns the current value of the non-secure Stack Pointer (SP) when in secure state.
 354:Drivers/CMSIS/Include/cmsis_gcc.h ****   \return               SP Register value
 355:Drivers/CMSIS/Include/cmsis_gcc.h ****  */
 356:Drivers/CMSIS/Include/cmsis_gcc.h **** __STATIC_FORCEINLINE uint32_t __TZ_get_SP_NS(void)
 357:Drivers/CMSIS/Include/cmsis_gcc.h **** {
 358:Drivers/CMSIS/Include/cmsis_gcc.h ****   uint32_t result;
 359:Drivers/CMSIS/Include/cmsis_gcc.h **** 
 360:Drivers/CMSIS/Include/cmsis_gcc.h ****   __ASM volatile ("MRS %0, sp_ns" : "=r" (result) );
 361:Drivers/CMSIS/Include/cmsis_gcc.h ****   return(result);
ARM GAS  C:\Users\24705\AppData\Local\Temp\ccToMTbw.s 			page 23


 362:Drivers/CMSIS/Include/cmsis_gcc.h **** }
 363:Drivers/CMSIS/Include/cmsis_gcc.h **** 
 364:Drivers/CMSIS/Include/cmsis_gcc.h **** 
 365:Drivers/CMSIS/Include/cmsis_gcc.h **** /**
 366:Drivers/CMSIS/Include/cmsis_gcc.h ****   \brief   Set Stack Pointer (non-secure)
 367:Drivers/CMSIS/Include/cmsis_gcc.h ****   \details Assigns the given value to the non-secure Stack Pointer (SP) when in secure state.
 368:Drivers/CMSIS/Include/cmsis_gcc.h ****   \param [in]    topOfStack  Stack Pointer value to set
 369:Drivers/CMSIS/Include/cmsis_gcc.h ****  */
 370:Drivers/CMSIS/Include/cmsis_gcc.h **** __STATIC_FORCEINLINE void __TZ_set_SP_NS(uint32_t topOfStack)
 371:Drivers/CMSIS/Include/cmsis_gcc.h **** {
 372:Drivers/CMSIS/Include/cmsis_gcc.h ****   __ASM volatile ("MSR sp_ns, %0" : : "r" (topOfStack) : );
 373:Drivers/CMSIS/Include/cmsis_gcc.h **** }
 374:Drivers/CMSIS/Include/cmsis_gcc.h **** #endif
 375:Drivers/CMSIS/Include/cmsis_gcc.h **** 
 376:Drivers/CMSIS/Include/cmsis_gcc.h **** 
 377:Drivers/CMSIS/Include/cmsis_gcc.h **** /**
 378:Drivers/CMSIS/Include/cmsis_gcc.h ****   \brief   Get Priority Mask
 379:Drivers/CMSIS/Include/cmsis_gcc.h ****   \details Returns the current state of the priority mask bit from the Priority Mask Register.
 380:Drivers/CMSIS/Include/cmsis_gcc.h ****   \return               Priority Mask value
 381:Drivers/CMSIS/Include/cmsis_gcc.h ****  */
 382:Drivers/CMSIS/Include/cmsis_gcc.h **** __STATIC_FORCEINLINE uint32_t __get_PRIMASK(void)
 383:Drivers/CMSIS/Include/cmsis_gcc.h **** {
 384:Drivers/CMSIS/Include/cmsis_gcc.h ****   uint32_t result;
 385:Drivers/CMSIS/Include/cmsis_gcc.h **** 
 386:Drivers/CMSIS/Include/cmsis_gcc.h ****   __ASM volatile ("MRS %0, primask" : "=r" (result) :: "memory");
 387:Drivers/CMSIS/Include/cmsis_gcc.h ****   return(result);
 388:Drivers/CMSIS/Include/cmsis_gcc.h **** }
 389:Drivers/CMSIS/Include/cmsis_gcc.h **** 
 390:Drivers/CMSIS/Include/cmsis_gcc.h **** 
 391:Drivers/CMSIS/Include/cmsis_gcc.h **** #if (defined (__ARM_FEATURE_CMSE ) && (__ARM_FEATURE_CMSE == 3))
 392:Drivers/CMSIS/Include/cmsis_gcc.h **** /**
 393:Drivers/CMSIS/Include/cmsis_gcc.h ****   \brief   Get Priority Mask (non-secure)
 394:Drivers/CMSIS/Include/cmsis_gcc.h ****   \details Returns the current state of the non-secure priority mask bit from the Priority Mask Reg
 395:Drivers/CMSIS/Include/cmsis_gcc.h ****   \return               Priority Mask value
 396:Drivers/CMSIS/Include/cmsis_gcc.h ****  */
 397:Drivers/CMSIS/Include/cmsis_gcc.h **** __STATIC_FORCEINLINE uint32_t __TZ_get_PRIMASK_NS(void)
 398:Drivers/CMSIS/Include/cmsis_gcc.h **** {
 399:Drivers/CMSIS/Include/cmsis_gcc.h ****   uint32_t result;
 400:Drivers/CMSIS/Include/cmsis_gcc.h **** 
 401:Drivers/CMSIS/Include/cmsis_gcc.h ****   __ASM volatile ("MRS %0, primask_ns" : "=r" (result) :: "memory");
 402:Drivers/CMSIS/Include/cmsis_gcc.h ****   return(result);
 403:Drivers/CMSIS/Include/cmsis_gcc.h **** }
 404:Drivers/CMSIS/Include/cmsis_gcc.h **** #endif
 405:Drivers/CMSIS/Include/cmsis_gcc.h **** 
 406:Drivers/CMSIS/Include/cmsis_gcc.h **** 
 407:Drivers/CMSIS/Include/cmsis_gcc.h **** /**
 408:Drivers/CMSIS/Include/cmsis_gcc.h ****   \brief   Set Priority Mask
 409:Drivers/CMSIS/Include/cmsis_gcc.h ****   \details Assigns the given value to the Priority Mask Register.
 410:Drivers/CMSIS/Include/cmsis_gcc.h ****   \param [in]    priMask  Priority Mask
 411:Drivers/CMSIS/Include/cmsis_gcc.h ****  */
 412:Drivers/CMSIS/Include/cmsis_gcc.h **** __STATIC_FORCEINLINE void __set_PRIMASK(uint32_t priMask)
 413:Drivers/CMSIS/Include/cmsis_gcc.h **** {
 414:Drivers/CMSIS/Include/cmsis_gcc.h ****   __ASM volatile ("MSR primask, %0" : : "r" (priMask) : "memory");
 415:Drivers/CMSIS/Include/cmsis_gcc.h **** }
 416:Drivers/CMSIS/Include/cmsis_gcc.h **** 
 417:Drivers/CMSIS/Include/cmsis_gcc.h **** 
 418:Drivers/CMSIS/Include/cmsis_gcc.h **** #if (defined (__ARM_FEATURE_CMSE ) && (__ARM_FEATURE_CMSE == 3))
ARM GAS  C:\Users\24705\AppData\Local\Temp\ccToMTbw.s 			page 24


 419:Drivers/CMSIS/Include/cmsis_gcc.h **** /**
 420:Drivers/CMSIS/Include/cmsis_gcc.h ****   \brief   Set Priority Mask (non-secure)
 421:Drivers/CMSIS/Include/cmsis_gcc.h ****   \details Assigns the given value to the non-secure Priority Mask Register when in secure state.
 422:Drivers/CMSIS/Include/cmsis_gcc.h ****   \param [in]    priMask  Priority Mask
 423:Drivers/CMSIS/Include/cmsis_gcc.h ****  */
 424:Drivers/CMSIS/Include/cmsis_gcc.h **** __STATIC_FORCEINLINE void __TZ_set_PRIMASK_NS(uint32_t priMask)
 425:Drivers/CMSIS/Include/cmsis_gcc.h **** {
 426:Drivers/CMSIS/Include/cmsis_gcc.h ****   __ASM volatile ("MSR primask_ns, %0" : : "r" (priMask) : "memory");
 427:Drivers/CMSIS/Include/cmsis_gcc.h **** }
 428:Drivers/CMSIS/Include/cmsis_gcc.h **** #endif
 429:Drivers/CMSIS/Include/cmsis_gcc.h **** 
 430:Drivers/CMSIS/Include/cmsis_gcc.h **** 
 431:Drivers/CMSIS/Include/cmsis_gcc.h **** #if ((defined (__ARM_ARCH_7M__      ) && (__ARM_ARCH_7M__      == 1)) || \
 432:Drivers/CMSIS/Include/cmsis_gcc.h ****      (defined (__ARM_ARCH_7EM__     ) && (__ARM_ARCH_7EM__     == 1)) || \
 433:Drivers/CMSIS/Include/cmsis_gcc.h ****      (defined (__ARM_ARCH_8M_MAIN__ ) && (__ARM_ARCH_8M_MAIN__ == 1))    )
 434:Drivers/CMSIS/Include/cmsis_gcc.h **** /**
 435:Drivers/CMSIS/Include/cmsis_gcc.h ****   \brief   Enable FIQ
 436:Drivers/CMSIS/Include/cmsis_gcc.h ****   \details Enables FIQ interrupts by clearing the F-bit in the CPSR.
 437:Drivers/CMSIS/Include/cmsis_gcc.h ****            Can only be executed in Privileged modes.
 438:Drivers/CMSIS/Include/cmsis_gcc.h ****  */
 439:Drivers/CMSIS/Include/cmsis_gcc.h **** __STATIC_FORCEINLINE void __enable_fault_irq(void)
 440:Drivers/CMSIS/Include/cmsis_gcc.h **** {
 441:Drivers/CMSIS/Include/cmsis_gcc.h ****   __ASM volatile ("cpsie f" : : : "memory");
 442:Drivers/CMSIS/Include/cmsis_gcc.h **** }
 443:Drivers/CMSIS/Include/cmsis_gcc.h **** 
 444:Drivers/CMSIS/Include/cmsis_gcc.h **** 
 445:Drivers/CMSIS/Include/cmsis_gcc.h **** /**
 446:Drivers/CMSIS/Include/cmsis_gcc.h ****   \brief   Disable FIQ
 447:Drivers/CMSIS/Include/cmsis_gcc.h ****   \details Disables FIQ interrupts by setting the F-bit in the CPSR.
 448:Drivers/CMSIS/Include/cmsis_gcc.h ****            Can only be executed in Privileged modes.
 449:Drivers/CMSIS/Include/cmsis_gcc.h ****  */
 450:Drivers/CMSIS/Include/cmsis_gcc.h **** __STATIC_FORCEINLINE void __disable_fault_irq(void)
 451:Drivers/CMSIS/Include/cmsis_gcc.h **** {
 452:Drivers/CMSIS/Include/cmsis_gcc.h ****   __ASM volatile ("cpsid f" : : : "memory");
 453:Drivers/CMSIS/Include/cmsis_gcc.h **** }
 454:Drivers/CMSIS/Include/cmsis_gcc.h **** 
 455:Drivers/CMSIS/Include/cmsis_gcc.h **** 
 456:Drivers/CMSIS/Include/cmsis_gcc.h **** /**
 457:Drivers/CMSIS/Include/cmsis_gcc.h ****   \brief   Get Base Priority
 458:Drivers/CMSIS/Include/cmsis_gcc.h ****   \details Returns the current value of the Base Priority register.
 459:Drivers/CMSIS/Include/cmsis_gcc.h ****   \return               Base Priority register value
 460:Drivers/CMSIS/Include/cmsis_gcc.h ****  */
 461:Drivers/CMSIS/Include/cmsis_gcc.h **** __STATIC_FORCEINLINE uint32_t __get_BASEPRI(void)
 462:Drivers/CMSIS/Include/cmsis_gcc.h **** {
 463:Drivers/CMSIS/Include/cmsis_gcc.h ****   uint32_t result;
 464:Drivers/CMSIS/Include/cmsis_gcc.h **** 
 465:Drivers/CMSIS/Include/cmsis_gcc.h ****   __ASM volatile ("MRS %0, basepri" : "=r" (result) );
 466:Drivers/CMSIS/Include/cmsis_gcc.h ****   return(result);
 467:Drivers/CMSIS/Include/cmsis_gcc.h **** }
 468:Drivers/CMSIS/Include/cmsis_gcc.h **** 
 469:Drivers/CMSIS/Include/cmsis_gcc.h **** 
 470:Drivers/CMSIS/Include/cmsis_gcc.h **** #if (defined (__ARM_FEATURE_CMSE ) && (__ARM_FEATURE_CMSE == 3))
 471:Drivers/CMSIS/Include/cmsis_gcc.h **** /**
 472:Drivers/CMSIS/Include/cmsis_gcc.h ****   \brief   Get Base Priority (non-secure)
 473:Drivers/CMSIS/Include/cmsis_gcc.h ****   \details Returns the current value of the non-secure Base Priority register when in secure state.
 474:Drivers/CMSIS/Include/cmsis_gcc.h ****   \return               Base Priority register value
 475:Drivers/CMSIS/Include/cmsis_gcc.h ****  */
ARM GAS  C:\Users\24705\AppData\Local\Temp\ccToMTbw.s 			page 25


 476:Drivers/CMSIS/Include/cmsis_gcc.h **** __STATIC_FORCEINLINE uint32_t __TZ_get_BASEPRI_NS(void)
 477:Drivers/CMSIS/Include/cmsis_gcc.h **** {
 478:Drivers/CMSIS/Include/cmsis_gcc.h ****   uint32_t result;
 479:Drivers/CMSIS/Include/cmsis_gcc.h **** 
 480:Drivers/CMSIS/Include/cmsis_gcc.h ****   __ASM volatile ("MRS %0, basepri_ns" : "=r" (result) );
 481:Drivers/CMSIS/Include/cmsis_gcc.h ****   return(result);
 482:Drivers/CMSIS/Include/cmsis_gcc.h **** }
 483:Drivers/CMSIS/Include/cmsis_gcc.h **** #endif
 484:Drivers/CMSIS/Include/cmsis_gcc.h **** 
 485:Drivers/CMSIS/Include/cmsis_gcc.h **** 
 486:Drivers/CMSIS/Include/cmsis_gcc.h **** /**
 487:Drivers/CMSIS/Include/cmsis_gcc.h ****   \brief   Set Base Priority
 488:Drivers/CMSIS/Include/cmsis_gcc.h ****   \details Assigns the given value to the Base Priority register.
 489:Drivers/CMSIS/Include/cmsis_gcc.h ****   \param [in]    basePri  Base Priority value to set
 490:Drivers/CMSIS/Include/cmsis_gcc.h ****  */
 491:Drivers/CMSIS/Include/cmsis_gcc.h **** __STATIC_FORCEINLINE void __set_BASEPRI(uint32_t basePri)
 492:Drivers/CMSIS/Include/cmsis_gcc.h **** {
 493:Drivers/CMSIS/Include/cmsis_gcc.h ****   __ASM volatile ("MSR basepri, %0" : : "r" (basePri) : "memory");
 494:Drivers/CMSIS/Include/cmsis_gcc.h **** }
 495:Drivers/CMSIS/Include/cmsis_gcc.h **** 
 496:Drivers/CMSIS/Include/cmsis_gcc.h **** 
 497:Drivers/CMSIS/Include/cmsis_gcc.h **** #if (defined (__ARM_FEATURE_CMSE ) && (__ARM_FEATURE_CMSE == 3))
 498:Drivers/CMSIS/Include/cmsis_gcc.h **** /**
 499:Drivers/CMSIS/Include/cmsis_gcc.h ****   \brief   Set Base Priority (non-secure)
 500:Drivers/CMSIS/Include/cmsis_gcc.h ****   \details Assigns the given value to the non-secure Base Priority register when in secure state.
 501:Drivers/CMSIS/Include/cmsis_gcc.h ****   \param [in]    basePri  Base Priority value to set
 502:Drivers/CMSIS/Include/cmsis_gcc.h ****  */
 503:Drivers/CMSIS/Include/cmsis_gcc.h **** __STATIC_FORCEINLINE void __TZ_set_BASEPRI_NS(uint32_t basePri)
 504:Drivers/CMSIS/Include/cmsis_gcc.h **** {
 505:Drivers/CMSIS/Include/cmsis_gcc.h ****   __ASM volatile ("MSR basepri_ns, %0" : : "r" (basePri) : "memory");
 506:Drivers/CMSIS/Include/cmsis_gcc.h **** }
 507:Drivers/CMSIS/Include/cmsis_gcc.h **** #endif
 508:Drivers/CMSIS/Include/cmsis_gcc.h **** 
 509:Drivers/CMSIS/Include/cmsis_gcc.h **** 
 510:Drivers/CMSIS/Include/cmsis_gcc.h **** /**
 511:Drivers/CMSIS/Include/cmsis_gcc.h ****   \brief   Set Base Priority with condition
 512:Drivers/CMSIS/Include/cmsis_gcc.h ****   \details Assigns the given value to the Base Priority register only if BASEPRI masking is disable
 513:Drivers/CMSIS/Include/cmsis_gcc.h ****            or the new value increases the BASEPRI priority level.
 514:Drivers/CMSIS/Include/cmsis_gcc.h ****   \param [in]    basePri  Base Priority value to set
 515:Drivers/CMSIS/Include/cmsis_gcc.h ****  */
 516:Drivers/CMSIS/Include/cmsis_gcc.h **** __STATIC_FORCEINLINE void __set_BASEPRI_MAX(uint32_t basePri)
 517:Drivers/CMSIS/Include/cmsis_gcc.h **** {
 518:Drivers/CMSIS/Include/cmsis_gcc.h ****   __ASM volatile ("MSR basepri_max, %0" : : "r" (basePri) : "memory");
 519:Drivers/CMSIS/Include/cmsis_gcc.h **** }
 520:Drivers/CMSIS/Include/cmsis_gcc.h **** 
 521:Drivers/CMSIS/Include/cmsis_gcc.h **** 
 522:Drivers/CMSIS/Include/cmsis_gcc.h **** /**
 523:Drivers/CMSIS/Include/cmsis_gcc.h ****   \brief   Get Fault Mask
 524:Drivers/CMSIS/Include/cmsis_gcc.h ****   \details Returns the current value of the Fault Mask register.
 525:Drivers/CMSIS/Include/cmsis_gcc.h ****   \return               Fault Mask register value
 526:Drivers/CMSIS/Include/cmsis_gcc.h ****  */
 527:Drivers/CMSIS/Include/cmsis_gcc.h **** __STATIC_FORCEINLINE uint32_t __get_FAULTMASK(void)
 528:Drivers/CMSIS/Include/cmsis_gcc.h **** {
 529:Drivers/CMSIS/Include/cmsis_gcc.h ****   uint32_t result;
 530:Drivers/CMSIS/Include/cmsis_gcc.h **** 
 531:Drivers/CMSIS/Include/cmsis_gcc.h ****   __ASM volatile ("MRS %0, faultmask" : "=r" (result) );
 532:Drivers/CMSIS/Include/cmsis_gcc.h ****   return(result);
ARM GAS  C:\Users\24705\AppData\Local\Temp\ccToMTbw.s 			page 26


 533:Drivers/CMSIS/Include/cmsis_gcc.h **** }
 534:Drivers/CMSIS/Include/cmsis_gcc.h **** 
 535:Drivers/CMSIS/Include/cmsis_gcc.h **** 
 536:Drivers/CMSIS/Include/cmsis_gcc.h **** #if (defined (__ARM_FEATURE_CMSE ) && (__ARM_FEATURE_CMSE == 3))
 537:Drivers/CMSIS/Include/cmsis_gcc.h **** /**
 538:Drivers/CMSIS/Include/cmsis_gcc.h ****   \brief   Get Fault Mask (non-secure)
 539:Drivers/CMSIS/Include/cmsis_gcc.h ****   \details Returns the current value of the non-secure Fault Mask register when in secure state.
 540:Drivers/CMSIS/Include/cmsis_gcc.h ****   \return               Fault Mask register value
 541:Drivers/CMSIS/Include/cmsis_gcc.h ****  */
 542:Drivers/CMSIS/Include/cmsis_gcc.h **** __STATIC_FORCEINLINE uint32_t __TZ_get_FAULTMASK_NS(void)
 543:Drivers/CMSIS/Include/cmsis_gcc.h **** {
 544:Drivers/CMSIS/Include/cmsis_gcc.h ****   uint32_t result;
 545:Drivers/CMSIS/Include/cmsis_gcc.h **** 
 546:Drivers/CMSIS/Include/cmsis_gcc.h ****   __ASM volatile ("MRS %0, faultmask_ns" : "=r" (result) );
 547:Drivers/CMSIS/Include/cmsis_gcc.h ****   return(result);
 548:Drivers/CMSIS/Include/cmsis_gcc.h **** }
 549:Drivers/CMSIS/Include/cmsis_gcc.h **** #endif
 550:Drivers/CMSIS/Include/cmsis_gcc.h **** 
 551:Drivers/CMSIS/Include/cmsis_gcc.h **** 
 552:Drivers/CMSIS/Include/cmsis_gcc.h **** /**
 553:Drivers/CMSIS/Include/cmsis_gcc.h ****   \brief   Set Fault Mask
 554:Drivers/CMSIS/Include/cmsis_gcc.h ****   \details Assigns the given value to the Fault Mask register.
 555:Drivers/CMSIS/Include/cmsis_gcc.h ****   \param [in]    faultMask  Fault Mask value to set
 556:Drivers/CMSIS/Include/cmsis_gcc.h ****  */
 557:Drivers/CMSIS/Include/cmsis_gcc.h **** __STATIC_FORCEINLINE void __set_FAULTMASK(uint32_t faultMask)
 558:Drivers/CMSIS/Include/cmsis_gcc.h **** {
 559:Drivers/CMSIS/Include/cmsis_gcc.h ****   __ASM volatile ("MSR faultmask, %0" : : "r" (faultMask) : "memory");
 560:Drivers/CMSIS/Include/cmsis_gcc.h **** }
 561:Drivers/CMSIS/Include/cmsis_gcc.h **** 
 562:Drivers/CMSIS/Include/cmsis_gcc.h **** 
 563:Drivers/CMSIS/Include/cmsis_gcc.h **** #if (defined (__ARM_FEATURE_CMSE ) && (__ARM_FEATURE_CMSE == 3))
 564:Drivers/CMSIS/Include/cmsis_gcc.h **** /**
 565:Drivers/CMSIS/Include/cmsis_gcc.h ****   \brief   Set Fault Mask (non-secure)
 566:Drivers/CMSIS/Include/cmsis_gcc.h ****   \details Assigns the given value to the non-secure Fault Mask register when in secure state.
 567:Drivers/CMSIS/Include/cmsis_gcc.h ****   \param [in]    faultMask  Fault Mask value to set
 568:Drivers/CMSIS/Include/cmsis_gcc.h ****  */
 569:Drivers/CMSIS/Include/cmsis_gcc.h **** __STATIC_FORCEINLINE void __TZ_set_FAULTMASK_NS(uint32_t faultMask)
 570:Drivers/CMSIS/Include/cmsis_gcc.h **** {
 571:Drivers/CMSIS/Include/cmsis_gcc.h ****   __ASM volatile ("MSR faultmask_ns, %0" : : "r" (faultMask) : "memory");
 572:Drivers/CMSIS/Include/cmsis_gcc.h **** }
 573:Drivers/CMSIS/Include/cmsis_gcc.h **** #endif
 574:Drivers/CMSIS/Include/cmsis_gcc.h **** 
 575:Drivers/CMSIS/Include/cmsis_gcc.h **** #endif /* ((defined (__ARM_ARCH_7M__      ) && (__ARM_ARCH_7M__      == 1)) || \
 576:Drivers/CMSIS/Include/cmsis_gcc.h ****            (defined (__ARM_ARCH_7EM__     ) && (__ARM_ARCH_7EM__     == 1)) || \
 577:Drivers/CMSIS/Include/cmsis_gcc.h ****            (defined (__ARM_ARCH_8M_MAIN__ ) && (__ARM_ARCH_8M_MAIN__ == 1))    ) */
 578:Drivers/CMSIS/Include/cmsis_gcc.h **** 
 579:Drivers/CMSIS/Include/cmsis_gcc.h **** 
 580:Drivers/CMSIS/Include/cmsis_gcc.h **** #if ((defined (__ARM_ARCH_8M_MAIN__ ) && (__ARM_ARCH_8M_MAIN__ == 1)) || \
 581:Drivers/CMSIS/Include/cmsis_gcc.h ****      (defined (__ARM_ARCH_8M_BASE__ ) && (__ARM_ARCH_8M_BASE__ == 1))    )
 582:Drivers/CMSIS/Include/cmsis_gcc.h **** 
 583:Drivers/CMSIS/Include/cmsis_gcc.h **** /**
 584:Drivers/CMSIS/Include/cmsis_gcc.h ****   \brief   Get Process Stack Pointer Limit
 585:Drivers/CMSIS/Include/cmsis_gcc.h ****   Devices without ARMv8-M Main Extensions (i.e. Cortex-M23) lack the non-secure
 586:Drivers/CMSIS/Include/cmsis_gcc.h ****   Stack Pointer Limit register hence zero is returned always in non-secure
 587:Drivers/CMSIS/Include/cmsis_gcc.h ****   mode.
 588:Drivers/CMSIS/Include/cmsis_gcc.h ****   
 589:Drivers/CMSIS/Include/cmsis_gcc.h ****   \details Returns the current value of the Process Stack Pointer Limit (PSPLIM).
ARM GAS  C:\Users\24705\AppData\Local\Temp\ccToMTbw.s 			page 27


 590:Drivers/CMSIS/Include/cmsis_gcc.h ****   \return               PSPLIM Register value
 591:Drivers/CMSIS/Include/cmsis_gcc.h ****  */
 592:Drivers/CMSIS/Include/cmsis_gcc.h **** __STATIC_FORCEINLINE uint32_t __get_PSPLIM(void)
 593:Drivers/CMSIS/Include/cmsis_gcc.h **** {
 594:Drivers/CMSIS/Include/cmsis_gcc.h **** #if (!(defined (__ARM_ARCH_8M_MAIN__ ) && (__ARM_ARCH_8M_MAIN__ == 1)) && \
 595:Drivers/CMSIS/Include/cmsis_gcc.h ****     (!defined (__ARM_FEATURE_CMSE) || (__ARM_FEATURE_CMSE < 3)))
 596:Drivers/CMSIS/Include/cmsis_gcc.h ****     // without main extensions, the non-secure PSPLIM is RAZ/WI
 597:Drivers/CMSIS/Include/cmsis_gcc.h ****   return 0U;
 598:Drivers/CMSIS/Include/cmsis_gcc.h **** #else
 599:Drivers/CMSIS/Include/cmsis_gcc.h ****   uint32_t result;
 600:Drivers/CMSIS/Include/cmsis_gcc.h ****   __ASM volatile ("MRS %0, psplim"  : "=r" (result) );
 601:Drivers/CMSIS/Include/cmsis_gcc.h ****   return result;
 602:Drivers/CMSIS/Include/cmsis_gcc.h **** #endif
 603:Drivers/CMSIS/Include/cmsis_gcc.h **** }
 604:Drivers/CMSIS/Include/cmsis_gcc.h **** 
 605:Drivers/CMSIS/Include/cmsis_gcc.h **** #if (defined (__ARM_FEATURE_CMSE) && (__ARM_FEATURE_CMSE == 3))
 606:Drivers/CMSIS/Include/cmsis_gcc.h **** /**
 607:Drivers/CMSIS/Include/cmsis_gcc.h ****   \brief   Get Process Stack Pointer Limit (non-secure)
 608:Drivers/CMSIS/Include/cmsis_gcc.h ****   Devices without ARMv8-M Main Extensions (i.e. Cortex-M23) lack the non-secure
 609:Drivers/CMSIS/Include/cmsis_gcc.h ****   Stack Pointer Limit register hence zero is returned always.
 610:Drivers/CMSIS/Include/cmsis_gcc.h **** 
 611:Drivers/CMSIS/Include/cmsis_gcc.h ****   \details Returns the current value of the non-secure Process Stack Pointer Limit (PSPLIM) when in
 612:Drivers/CMSIS/Include/cmsis_gcc.h ****   \return               PSPLIM Register value
 613:Drivers/CMSIS/Include/cmsis_gcc.h ****  */
 614:Drivers/CMSIS/Include/cmsis_gcc.h **** __STATIC_FORCEINLINE uint32_t __TZ_get_PSPLIM_NS(void)
 615:Drivers/CMSIS/Include/cmsis_gcc.h **** {
 616:Drivers/CMSIS/Include/cmsis_gcc.h **** #if (!(defined (__ARM_ARCH_8M_MAIN__ ) && (__ARM_ARCH_8M_MAIN__ == 1)))
 617:Drivers/CMSIS/Include/cmsis_gcc.h ****   // without main extensions, the non-secure PSPLIM is RAZ/WI
 618:Drivers/CMSIS/Include/cmsis_gcc.h ****   return 0U;
 619:Drivers/CMSIS/Include/cmsis_gcc.h **** #else
 620:Drivers/CMSIS/Include/cmsis_gcc.h ****   uint32_t result;
 621:Drivers/CMSIS/Include/cmsis_gcc.h ****   __ASM volatile ("MRS %0, psplim_ns"  : "=r" (result) );
 622:Drivers/CMSIS/Include/cmsis_gcc.h ****   return result;
 623:Drivers/CMSIS/Include/cmsis_gcc.h **** #endif
 624:Drivers/CMSIS/Include/cmsis_gcc.h **** }
 625:Drivers/CMSIS/Include/cmsis_gcc.h **** #endif
 626:Drivers/CMSIS/Include/cmsis_gcc.h **** 
 627:Drivers/CMSIS/Include/cmsis_gcc.h **** 
 628:Drivers/CMSIS/Include/cmsis_gcc.h **** /**
 629:Drivers/CMSIS/Include/cmsis_gcc.h ****   \brief   Set Process Stack Pointer Limit
 630:Drivers/CMSIS/Include/cmsis_gcc.h ****   Devices without ARMv8-M Main Extensions (i.e. Cortex-M23) lack the non-secure
 631:Drivers/CMSIS/Include/cmsis_gcc.h ****   Stack Pointer Limit register hence the write is silently ignored in non-secure
 632:Drivers/CMSIS/Include/cmsis_gcc.h ****   mode.
 633:Drivers/CMSIS/Include/cmsis_gcc.h ****   
 634:Drivers/CMSIS/Include/cmsis_gcc.h ****   \details Assigns the given value to the Process Stack Pointer Limit (PSPLIM).
 635:Drivers/CMSIS/Include/cmsis_gcc.h ****   \param [in]    ProcStackPtrLimit  Process Stack Pointer Limit value to set
 636:Drivers/CMSIS/Include/cmsis_gcc.h ****  */
 637:Drivers/CMSIS/Include/cmsis_gcc.h **** __STATIC_FORCEINLINE void __set_PSPLIM(uint32_t ProcStackPtrLimit)
 638:Drivers/CMSIS/Include/cmsis_gcc.h **** {
 639:Drivers/CMSIS/Include/cmsis_gcc.h **** #if (!(defined (__ARM_ARCH_8M_MAIN__ ) && (__ARM_ARCH_8M_MAIN__ == 1)) && \
 640:Drivers/CMSIS/Include/cmsis_gcc.h ****     (!defined (__ARM_FEATURE_CMSE) || (__ARM_FEATURE_CMSE < 3)))
 641:Drivers/CMSIS/Include/cmsis_gcc.h ****   // without main extensions, the non-secure PSPLIM is RAZ/WI
 642:Drivers/CMSIS/Include/cmsis_gcc.h ****   (void)ProcStackPtrLimit;
 643:Drivers/CMSIS/Include/cmsis_gcc.h **** #else
 644:Drivers/CMSIS/Include/cmsis_gcc.h ****   __ASM volatile ("MSR psplim, %0" : : "r" (ProcStackPtrLimit));
 645:Drivers/CMSIS/Include/cmsis_gcc.h **** #endif
 646:Drivers/CMSIS/Include/cmsis_gcc.h **** }
ARM GAS  C:\Users\24705\AppData\Local\Temp\ccToMTbw.s 			page 28


 647:Drivers/CMSIS/Include/cmsis_gcc.h **** 
 648:Drivers/CMSIS/Include/cmsis_gcc.h **** 
 649:Drivers/CMSIS/Include/cmsis_gcc.h **** #if (defined (__ARM_FEATURE_CMSE  ) && (__ARM_FEATURE_CMSE   == 3))
 650:Drivers/CMSIS/Include/cmsis_gcc.h **** /**
 651:Drivers/CMSIS/Include/cmsis_gcc.h ****   \brief   Set Process Stack Pointer (non-secure)
 652:Drivers/CMSIS/Include/cmsis_gcc.h ****   Devices without ARMv8-M Main Extensions (i.e. Cortex-M23) lack the non-secure
 653:Drivers/CMSIS/Include/cmsis_gcc.h ****   Stack Pointer Limit register hence the write is silently ignored.
 654:Drivers/CMSIS/Include/cmsis_gcc.h **** 
 655:Drivers/CMSIS/Include/cmsis_gcc.h ****   \details Assigns the given value to the non-secure Process Stack Pointer Limit (PSPLIM) when in s
 656:Drivers/CMSIS/Include/cmsis_gcc.h ****   \param [in]    ProcStackPtrLimit  Process Stack Pointer Limit value to set
 657:Drivers/CMSIS/Include/cmsis_gcc.h ****  */
 658:Drivers/CMSIS/Include/cmsis_gcc.h **** __STATIC_FORCEINLINE void __TZ_set_PSPLIM_NS(uint32_t ProcStackPtrLimit)
 659:Drivers/CMSIS/Include/cmsis_gcc.h **** {
 660:Drivers/CMSIS/Include/cmsis_gcc.h **** #if (!(defined (__ARM_ARCH_8M_MAIN__ ) && (__ARM_ARCH_8M_MAIN__ == 1)))
 661:Drivers/CMSIS/Include/cmsis_gcc.h ****   // without main extensions, the non-secure PSPLIM is RAZ/WI
 662:Drivers/CMSIS/Include/cmsis_gcc.h ****   (void)ProcStackPtrLimit;
 663:Drivers/CMSIS/Include/cmsis_gcc.h **** #else
 664:Drivers/CMSIS/Include/cmsis_gcc.h ****   __ASM volatile ("MSR psplim_ns, %0\n" : : "r" (ProcStackPtrLimit));
 665:Drivers/CMSIS/Include/cmsis_gcc.h **** #endif
 666:Drivers/CMSIS/Include/cmsis_gcc.h **** }
 667:Drivers/CMSIS/Include/cmsis_gcc.h **** #endif
 668:Drivers/CMSIS/Include/cmsis_gcc.h **** 
 669:Drivers/CMSIS/Include/cmsis_gcc.h **** 
 670:Drivers/CMSIS/Include/cmsis_gcc.h **** /**
 671:Drivers/CMSIS/Include/cmsis_gcc.h ****   \brief   Get Main Stack Pointer Limit
 672:Drivers/CMSIS/Include/cmsis_gcc.h ****   Devices without ARMv8-M Main Extensions (i.e. Cortex-M23) lack the non-secure
 673:Drivers/CMSIS/Include/cmsis_gcc.h ****   Stack Pointer Limit register hence zero is returned always in non-secure
 674:Drivers/CMSIS/Include/cmsis_gcc.h ****   mode.
 675:Drivers/CMSIS/Include/cmsis_gcc.h **** 
 676:Drivers/CMSIS/Include/cmsis_gcc.h ****   \details Returns the current value of the Main Stack Pointer Limit (MSPLIM).
 677:Drivers/CMSIS/Include/cmsis_gcc.h ****   \return               MSPLIM Register value
 678:Drivers/CMSIS/Include/cmsis_gcc.h ****  */
 679:Drivers/CMSIS/Include/cmsis_gcc.h **** __STATIC_FORCEINLINE uint32_t __get_MSPLIM(void)
 680:Drivers/CMSIS/Include/cmsis_gcc.h **** {
 681:Drivers/CMSIS/Include/cmsis_gcc.h **** #if (!(defined (__ARM_ARCH_8M_MAIN__ ) && (__ARM_ARCH_8M_MAIN__ == 1)) && \
 682:Drivers/CMSIS/Include/cmsis_gcc.h ****     (!defined (__ARM_FEATURE_CMSE) || (__ARM_FEATURE_CMSE < 3)))
 683:Drivers/CMSIS/Include/cmsis_gcc.h ****   // without main extensions, the non-secure MSPLIM is RAZ/WI
 684:Drivers/CMSIS/Include/cmsis_gcc.h ****   return 0U;
 685:Drivers/CMSIS/Include/cmsis_gcc.h **** #else
 686:Drivers/CMSIS/Include/cmsis_gcc.h ****   uint32_t result;
 687:Drivers/CMSIS/Include/cmsis_gcc.h ****   __ASM volatile ("MRS %0, msplim" : "=r" (result) );
 688:Drivers/CMSIS/Include/cmsis_gcc.h ****   return result;
 689:Drivers/CMSIS/Include/cmsis_gcc.h **** #endif
 690:Drivers/CMSIS/Include/cmsis_gcc.h **** }
 691:Drivers/CMSIS/Include/cmsis_gcc.h **** 
 692:Drivers/CMSIS/Include/cmsis_gcc.h **** 
 693:Drivers/CMSIS/Include/cmsis_gcc.h **** #if (defined (__ARM_FEATURE_CMSE  ) && (__ARM_FEATURE_CMSE   == 3))
 694:Drivers/CMSIS/Include/cmsis_gcc.h **** /**
 695:Drivers/CMSIS/Include/cmsis_gcc.h ****   \brief   Get Main Stack Pointer Limit (non-secure)
 696:Drivers/CMSIS/Include/cmsis_gcc.h ****   Devices without ARMv8-M Main Extensions (i.e. Cortex-M23) lack the non-secure
 697:Drivers/CMSIS/Include/cmsis_gcc.h ****   Stack Pointer Limit register hence zero is returned always.
 698:Drivers/CMSIS/Include/cmsis_gcc.h **** 
 699:Drivers/CMSIS/Include/cmsis_gcc.h ****   \details Returns the current value of the non-secure Main Stack Pointer Limit(MSPLIM) when in sec
 700:Drivers/CMSIS/Include/cmsis_gcc.h ****   \return               MSPLIM Register value
 701:Drivers/CMSIS/Include/cmsis_gcc.h ****  */
 702:Drivers/CMSIS/Include/cmsis_gcc.h **** __STATIC_FORCEINLINE uint32_t __TZ_get_MSPLIM_NS(void)
 703:Drivers/CMSIS/Include/cmsis_gcc.h **** {
ARM GAS  C:\Users\24705\AppData\Local\Temp\ccToMTbw.s 			page 29


 704:Drivers/CMSIS/Include/cmsis_gcc.h **** #if (!(defined (__ARM_ARCH_8M_MAIN__ ) && (__ARM_ARCH_8M_MAIN__ == 1)))
 705:Drivers/CMSIS/Include/cmsis_gcc.h ****   // without main extensions, the non-secure MSPLIM is RAZ/WI
 706:Drivers/CMSIS/Include/cmsis_gcc.h ****   return 0U;
 707:Drivers/CMSIS/Include/cmsis_gcc.h **** #else
 708:Drivers/CMSIS/Include/cmsis_gcc.h ****   uint32_t result;
 709:Drivers/CMSIS/Include/cmsis_gcc.h ****   __ASM volatile ("MRS %0, msplim_ns" : "=r" (result) );
 710:Drivers/CMSIS/Include/cmsis_gcc.h ****   return result;
 711:Drivers/CMSIS/Include/cmsis_gcc.h **** #endif
 712:Drivers/CMSIS/Include/cmsis_gcc.h **** }
 713:Drivers/CMSIS/Include/cmsis_gcc.h **** #endif
 714:Drivers/CMSIS/Include/cmsis_gcc.h **** 
 715:Drivers/CMSIS/Include/cmsis_gcc.h **** 
 716:Drivers/CMSIS/Include/cmsis_gcc.h **** /**
 717:Drivers/CMSIS/Include/cmsis_gcc.h ****   \brief   Set Main Stack Pointer Limit
 718:Drivers/CMSIS/Include/cmsis_gcc.h ****   Devices without ARMv8-M Main Extensions (i.e. Cortex-M23) lack the non-secure
 719:Drivers/CMSIS/Include/cmsis_gcc.h ****   Stack Pointer Limit register hence the write is silently ignored in non-secure
 720:Drivers/CMSIS/Include/cmsis_gcc.h ****   mode.
 721:Drivers/CMSIS/Include/cmsis_gcc.h **** 
 722:Drivers/CMSIS/Include/cmsis_gcc.h ****   \details Assigns the given value to the Main Stack Pointer Limit (MSPLIM).
 723:Drivers/CMSIS/Include/cmsis_gcc.h ****   \param [in]    MainStackPtrLimit  Main Stack Pointer Limit value to set
 724:Drivers/CMSIS/Include/cmsis_gcc.h ****  */
 725:Drivers/CMSIS/Include/cmsis_gcc.h **** __STATIC_FORCEINLINE void __set_MSPLIM(uint32_t MainStackPtrLimit)
 726:Drivers/CMSIS/Include/cmsis_gcc.h **** {
 727:Drivers/CMSIS/Include/cmsis_gcc.h **** #if (!(defined (__ARM_ARCH_8M_MAIN__ ) && (__ARM_ARCH_8M_MAIN__ == 1)) && \
 728:Drivers/CMSIS/Include/cmsis_gcc.h ****     (!defined (__ARM_FEATURE_CMSE) || (__ARM_FEATURE_CMSE < 3)))
 729:Drivers/CMSIS/Include/cmsis_gcc.h ****   // without main extensions, the non-secure MSPLIM is RAZ/WI
 730:Drivers/CMSIS/Include/cmsis_gcc.h ****   (void)MainStackPtrLimit;
 731:Drivers/CMSIS/Include/cmsis_gcc.h **** #else
 732:Drivers/CMSIS/Include/cmsis_gcc.h ****   __ASM volatile ("MSR msplim, %0" : : "r" (MainStackPtrLimit));
 733:Drivers/CMSIS/Include/cmsis_gcc.h **** #endif
 734:Drivers/CMSIS/Include/cmsis_gcc.h **** }
 735:Drivers/CMSIS/Include/cmsis_gcc.h **** 
 736:Drivers/CMSIS/Include/cmsis_gcc.h **** 
 737:Drivers/CMSIS/Include/cmsis_gcc.h **** #if (defined (__ARM_FEATURE_CMSE  ) && (__ARM_FEATURE_CMSE   == 3))
 738:Drivers/CMSIS/Include/cmsis_gcc.h **** /**
 739:Drivers/CMSIS/Include/cmsis_gcc.h ****   \brief   Set Main Stack Pointer Limit (non-secure)
 740:Drivers/CMSIS/Include/cmsis_gcc.h ****   Devices without ARMv8-M Main Extensions (i.e. Cortex-M23) lack the non-secure
 741:Drivers/CMSIS/Include/cmsis_gcc.h ****   Stack Pointer Limit register hence the write is silently ignored.
 742:Drivers/CMSIS/Include/cmsis_gcc.h **** 
 743:Drivers/CMSIS/Include/cmsis_gcc.h ****   \details Assigns the given value to the non-secure Main Stack Pointer Limit (MSPLIM) when in secu
 744:Drivers/CMSIS/Include/cmsis_gcc.h ****   \param [in]    MainStackPtrLimit  Main Stack Pointer value to set
 745:Drivers/CMSIS/Include/cmsis_gcc.h ****  */
 746:Drivers/CMSIS/Include/cmsis_gcc.h **** __STATIC_FORCEINLINE void __TZ_set_MSPLIM_NS(uint32_t MainStackPtrLimit)
 747:Drivers/CMSIS/Include/cmsis_gcc.h **** {
 748:Drivers/CMSIS/Include/cmsis_gcc.h **** #if (!(defined (__ARM_ARCH_8M_MAIN__ ) && (__ARM_ARCH_8M_MAIN__ == 1)))
 749:Drivers/CMSIS/Include/cmsis_gcc.h ****   // without main extensions, the non-secure MSPLIM is RAZ/WI
 750:Drivers/CMSIS/Include/cmsis_gcc.h ****   (void)MainStackPtrLimit;
 751:Drivers/CMSIS/Include/cmsis_gcc.h **** #else
 752:Drivers/CMSIS/Include/cmsis_gcc.h ****   __ASM volatile ("MSR msplim_ns, %0" : : "r" (MainStackPtrLimit));
 753:Drivers/CMSIS/Include/cmsis_gcc.h **** #endif
 754:Drivers/CMSIS/Include/cmsis_gcc.h **** }
 755:Drivers/CMSIS/Include/cmsis_gcc.h **** #endif
 756:Drivers/CMSIS/Include/cmsis_gcc.h **** 
 757:Drivers/CMSIS/Include/cmsis_gcc.h **** #endif /* ((defined (__ARM_ARCH_8M_MAIN__ ) && (__ARM_ARCH_8M_MAIN__ == 1)) || \
 758:Drivers/CMSIS/Include/cmsis_gcc.h ****            (defined (__ARM_ARCH_8M_BASE__ ) && (__ARM_ARCH_8M_BASE__ == 1))    ) */
 759:Drivers/CMSIS/Include/cmsis_gcc.h **** 
 760:Drivers/CMSIS/Include/cmsis_gcc.h **** 
ARM GAS  C:\Users\24705\AppData\Local\Temp\ccToMTbw.s 			page 30


 761:Drivers/CMSIS/Include/cmsis_gcc.h **** /**
 762:Drivers/CMSIS/Include/cmsis_gcc.h ****   \brief   Get FPSCR
 763:Drivers/CMSIS/Include/cmsis_gcc.h ****   \details Returns the current value of the Floating Point Status/Control register.
 764:Drivers/CMSIS/Include/cmsis_gcc.h ****   \return               Floating Point Status/Control register value
 765:Drivers/CMSIS/Include/cmsis_gcc.h ****  */
 766:Drivers/CMSIS/Include/cmsis_gcc.h **** __STATIC_FORCEINLINE uint32_t __get_FPSCR(void)
 767:Drivers/CMSIS/Include/cmsis_gcc.h **** {
 768:Drivers/CMSIS/Include/cmsis_gcc.h **** #if ((defined (__FPU_PRESENT) && (__FPU_PRESENT == 1U)) && \
 769:Drivers/CMSIS/Include/cmsis_gcc.h ****      (defined (__FPU_USED   ) && (__FPU_USED    == 1U))     )
 770:Drivers/CMSIS/Include/cmsis_gcc.h **** #if __has_builtin(__builtin_arm_get_fpscr) 
 771:Drivers/CMSIS/Include/cmsis_gcc.h **** // Re-enable using built-in when GCC has been fixed
 772:Drivers/CMSIS/Include/cmsis_gcc.h **** // || (__GNUC__ > 7) || (__GNUC__ == 7 && __GNUC_MINOR__ >= 2)
 773:Drivers/CMSIS/Include/cmsis_gcc.h ****   /* see https://gcc.gnu.org/ml/gcc-patches/2017-04/msg00443.html */
 774:Drivers/CMSIS/Include/cmsis_gcc.h ****   return __builtin_arm_get_fpscr();
 775:Drivers/CMSIS/Include/cmsis_gcc.h **** #else
 776:Drivers/CMSIS/Include/cmsis_gcc.h ****   uint32_t result;
 777:Drivers/CMSIS/Include/cmsis_gcc.h **** 
 778:Drivers/CMSIS/Include/cmsis_gcc.h ****   __ASM volatile ("VMRS %0, fpscr" : "=r" (result) );
 779:Drivers/CMSIS/Include/cmsis_gcc.h ****   return(result);
 780:Drivers/CMSIS/Include/cmsis_gcc.h **** #endif
 781:Drivers/CMSIS/Include/cmsis_gcc.h **** #else
 782:Drivers/CMSIS/Include/cmsis_gcc.h ****   return(0U);
 783:Drivers/CMSIS/Include/cmsis_gcc.h **** #endif
 784:Drivers/CMSIS/Include/cmsis_gcc.h **** }
 785:Drivers/CMSIS/Include/cmsis_gcc.h **** 
 786:Drivers/CMSIS/Include/cmsis_gcc.h **** 
 787:Drivers/CMSIS/Include/cmsis_gcc.h **** /**
 788:Drivers/CMSIS/Include/cmsis_gcc.h ****   \brief   Set FPSCR
 789:Drivers/CMSIS/Include/cmsis_gcc.h ****   \details Assigns the given value to the Floating Point Status/Control register.
 790:Drivers/CMSIS/Include/cmsis_gcc.h ****   \param [in]    fpscr  Floating Point Status/Control value to set
 791:Drivers/CMSIS/Include/cmsis_gcc.h ****  */
 792:Drivers/CMSIS/Include/cmsis_gcc.h **** __STATIC_FORCEINLINE void __set_FPSCR(uint32_t fpscr)
 793:Drivers/CMSIS/Include/cmsis_gcc.h **** {
 794:Drivers/CMSIS/Include/cmsis_gcc.h **** #if ((defined (__FPU_PRESENT) && (__FPU_PRESENT == 1U)) && \
 795:Drivers/CMSIS/Include/cmsis_gcc.h ****      (defined (__FPU_USED   ) && (__FPU_USED    == 1U))     )
 796:Drivers/CMSIS/Include/cmsis_gcc.h **** #if __has_builtin(__builtin_arm_set_fpscr)
 797:Drivers/CMSIS/Include/cmsis_gcc.h **** // Re-enable using built-in when GCC has been fixed
 798:Drivers/CMSIS/Include/cmsis_gcc.h **** // || (__GNUC__ > 7) || (__GNUC__ == 7 && __GNUC_MINOR__ >= 2)
 799:Drivers/CMSIS/Include/cmsis_gcc.h ****   /* see https://gcc.gnu.org/ml/gcc-patches/2017-04/msg00443.html */
 800:Drivers/CMSIS/Include/cmsis_gcc.h ****   __builtin_arm_set_fpscr(fpscr);
 801:Drivers/CMSIS/Include/cmsis_gcc.h **** #else
 802:Drivers/CMSIS/Include/cmsis_gcc.h ****   __ASM volatile ("VMSR fpscr, %0" : : "r" (fpscr) : "vfpcc", "memory");
 803:Drivers/CMSIS/Include/cmsis_gcc.h **** #endif
 804:Drivers/CMSIS/Include/cmsis_gcc.h **** #else
 805:Drivers/CMSIS/Include/cmsis_gcc.h ****   (void)fpscr;
 806:Drivers/CMSIS/Include/cmsis_gcc.h **** #endif
 807:Drivers/CMSIS/Include/cmsis_gcc.h **** }
 808:Drivers/CMSIS/Include/cmsis_gcc.h **** 
 809:Drivers/CMSIS/Include/cmsis_gcc.h **** 
 810:Drivers/CMSIS/Include/cmsis_gcc.h **** /*@} end of CMSIS_Core_RegAccFunctions */
 811:Drivers/CMSIS/Include/cmsis_gcc.h **** 
 812:Drivers/CMSIS/Include/cmsis_gcc.h **** 
 813:Drivers/CMSIS/Include/cmsis_gcc.h **** /* ##########################  Core Instruction Access  ######################### */
 814:Drivers/CMSIS/Include/cmsis_gcc.h **** /** \defgroup CMSIS_Core_InstructionInterface CMSIS Core Instruction Interface
 815:Drivers/CMSIS/Include/cmsis_gcc.h ****   Access to dedicated instructions
 816:Drivers/CMSIS/Include/cmsis_gcc.h ****   @{
 817:Drivers/CMSIS/Include/cmsis_gcc.h **** */
ARM GAS  C:\Users\24705\AppData\Local\Temp\ccToMTbw.s 			page 31


 818:Drivers/CMSIS/Include/cmsis_gcc.h **** 
 819:Drivers/CMSIS/Include/cmsis_gcc.h **** /* Define macros for porting to both thumb1 and thumb2.
 820:Drivers/CMSIS/Include/cmsis_gcc.h ****  * For thumb1, use low register (r0-r7), specified by constraint "l"
 821:Drivers/CMSIS/Include/cmsis_gcc.h ****  * Otherwise, use general registers, specified by constraint "r" */
 822:Drivers/CMSIS/Include/cmsis_gcc.h **** #if defined (__thumb__) && !defined (__thumb2__)
 823:Drivers/CMSIS/Include/cmsis_gcc.h **** #define __CMSIS_GCC_OUT_REG(r) "=l" (r)
 824:Drivers/CMSIS/Include/cmsis_gcc.h **** #define __CMSIS_GCC_RW_REG(r) "+l" (r)
 825:Drivers/CMSIS/Include/cmsis_gcc.h **** #define __CMSIS_GCC_USE_REG(r) "l" (r)
 826:Drivers/CMSIS/Include/cmsis_gcc.h **** #else
 827:Drivers/CMSIS/Include/cmsis_gcc.h **** #define __CMSIS_GCC_OUT_REG(r) "=r" (r)
 828:Drivers/CMSIS/Include/cmsis_gcc.h **** #define __CMSIS_GCC_RW_REG(r) "+r" (r)
 829:Drivers/CMSIS/Include/cmsis_gcc.h **** #define __CMSIS_GCC_USE_REG(r) "r" (r)
 830:Drivers/CMSIS/Include/cmsis_gcc.h **** #endif
 831:Drivers/CMSIS/Include/cmsis_gcc.h **** 
 832:Drivers/CMSIS/Include/cmsis_gcc.h **** /**
 833:Drivers/CMSIS/Include/cmsis_gcc.h ****   \brief   No Operation
 834:Drivers/CMSIS/Include/cmsis_gcc.h ****   \details No Operation does nothing. This instruction can be used for code alignment purposes.
 835:Drivers/CMSIS/Include/cmsis_gcc.h ****  */
 836:Drivers/CMSIS/Include/cmsis_gcc.h **** #define __NOP()                             __ASM volatile ("nop")
 837:Drivers/CMSIS/Include/cmsis_gcc.h **** 
 838:Drivers/CMSIS/Include/cmsis_gcc.h **** /**
 839:Drivers/CMSIS/Include/cmsis_gcc.h ****   \brief   Wait For Interrupt
 840:Drivers/CMSIS/Include/cmsis_gcc.h ****   \details Wait For Interrupt is a hint instruction that suspends execution until one of a number o
 841:Drivers/CMSIS/Include/cmsis_gcc.h ****  */
 842:Drivers/CMSIS/Include/cmsis_gcc.h **** #define __WFI()                             __ASM volatile ("wfi")
 843:Drivers/CMSIS/Include/cmsis_gcc.h **** 
 844:Drivers/CMSIS/Include/cmsis_gcc.h **** 
 845:Drivers/CMSIS/Include/cmsis_gcc.h **** /**
 846:Drivers/CMSIS/Include/cmsis_gcc.h ****   \brief   Wait For Event
 847:Drivers/CMSIS/Include/cmsis_gcc.h ****   \details Wait For Event is a hint instruction that permits the processor to enter
 848:Drivers/CMSIS/Include/cmsis_gcc.h ****            a low-power state until one of a number of events occurs.
 849:Drivers/CMSIS/Include/cmsis_gcc.h ****  */
 850:Drivers/CMSIS/Include/cmsis_gcc.h **** #define __WFE()                             __ASM volatile ("wfe")
 851:Drivers/CMSIS/Include/cmsis_gcc.h **** 
 852:Drivers/CMSIS/Include/cmsis_gcc.h **** 
 853:Drivers/CMSIS/Include/cmsis_gcc.h **** /**
 854:Drivers/CMSIS/Include/cmsis_gcc.h ****   \brief   Send Event
 855:Drivers/CMSIS/Include/cmsis_gcc.h ****   \details Send Event is a hint instruction. It causes an event to be signaled to the CPU.
 856:Drivers/CMSIS/Include/cmsis_gcc.h ****  */
 857:Drivers/CMSIS/Include/cmsis_gcc.h **** #define __SEV()                             __ASM volatile ("sev")
 858:Drivers/CMSIS/Include/cmsis_gcc.h **** 
 859:Drivers/CMSIS/Include/cmsis_gcc.h **** 
 860:Drivers/CMSIS/Include/cmsis_gcc.h **** /**
 861:Drivers/CMSIS/Include/cmsis_gcc.h ****   \brief   Instruction Synchronization Barrier
 862:Drivers/CMSIS/Include/cmsis_gcc.h ****   \details Instruction Synchronization Barrier flushes the pipeline in the processor,
 863:Drivers/CMSIS/Include/cmsis_gcc.h ****            so that all instructions following the ISB are fetched from cache or memory,
 864:Drivers/CMSIS/Include/cmsis_gcc.h ****            after the instruction has been completed.
 865:Drivers/CMSIS/Include/cmsis_gcc.h ****  */
 866:Drivers/CMSIS/Include/cmsis_gcc.h **** __STATIC_FORCEINLINE void __ISB(void)
 867:Drivers/CMSIS/Include/cmsis_gcc.h **** {
 868:Drivers/CMSIS/Include/cmsis_gcc.h ****   __ASM volatile ("isb 0xF":::"memory");
 869:Drivers/CMSIS/Include/cmsis_gcc.h **** }
 870:Drivers/CMSIS/Include/cmsis_gcc.h **** 
 871:Drivers/CMSIS/Include/cmsis_gcc.h **** 
 872:Drivers/CMSIS/Include/cmsis_gcc.h **** /**
 873:Drivers/CMSIS/Include/cmsis_gcc.h ****   \brief   Data Synchronization Barrier
 874:Drivers/CMSIS/Include/cmsis_gcc.h ****   \details Acts as a special kind of Data Memory Barrier.
ARM GAS  C:\Users\24705\AppData\Local\Temp\ccToMTbw.s 			page 32


 875:Drivers/CMSIS/Include/cmsis_gcc.h ****            It completes when all explicit memory accesses before this instruction complete.
 876:Drivers/CMSIS/Include/cmsis_gcc.h ****  */
 877:Drivers/CMSIS/Include/cmsis_gcc.h **** __STATIC_FORCEINLINE void __DSB(void)
  37              		.loc 3 877 27 view .LVU2
  38              	.LBB9:
 878:Drivers/CMSIS/Include/cmsis_gcc.h **** {
 879:Drivers/CMSIS/Include/cmsis_gcc.h ****   __ASM volatile ("dsb 0xF":::"memory");
  39              		.loc 3 879 3 view .LVU3
  40              		.syntax divided
  41              	@ 879 "Drivers/CMSIS/Include/cmsis_gcc.h" 1
  42 0000 BFF34F8F 		dsb 0xF
  43              	@ 0 "" 2
  44              		.thumb
  45              		.syntax unified
  46              	.LBE9:
  47              	.LBE8:
 859:Drivers/CMSIS/Include/core_cm0.h ****                                                                        buffered write are completed
 860:Drivers/CMSIS/Include/core_cm0.h ****   SCB->AIRCR  = ((0x5FAUL << SCB_AIRCR_VECTKEY_Pos) |
  48              		.loc 2 860 3 view .LVU4
  49              		.loc 2 860 15 is_stmt 0 view .LVU5
  50 0004 034B     		ldr	r3, .L3
  51 0006 044A     		ldr	r2, .L3+4
  52 0008 DA60     		str	r2, [r3, #12]
 861:Drivers/CMSIS/Include/core_cm0.h ****                  SCB_AIRCR_SYSRESETREQ_Msk);
 862:Drivers/CMSIS/Include/core_cm0.h ****   __DSB();                                                          /* Ensure completion of memory 
  53              		.loc 2 862 3 is_stmt 1 view .LVU6
  54              	.LBB10:
  55              	.LBI10:
 877:Drivers/CMSIS/Include/cmsis_gcc.h **** {
  56              		.loc 3 877 27 view .LVU7
  57              	.LBB11:
  58              		.loc 3 879 3 view .LVU8
  59              		.syntax divided
  60              	@ 879 "Drivers/CMSIS/Include/cmsis_gcc.h" 1
  61 000a BFF34F8F 		dsb 0xF
  62              	@ 0 "" 2
  63              		.thumb
  64              		.syntax unified
  65              	.L2:
  66              	.LBE11:
  67              	.LBE10:
 863:Drivers/CMSIS/Include/core_cm0.h **** 
 864:Drivers/CMSIS/Include/core_cm0.h ****   for(;;)                                                           /* wait until reset */
  68              		.loc 2 864 3 view .LVU9
 865:Drivers/CMSIS/Include/core_cm0.h ****   {
 866:Drivers/CMSIS/Include/core_cm0.h ****     __NOP();
  69              		.loc 2 866 5 discriminator 1 view .LVU10
  70              		.syntax divided
  71              	@ 866 "Drivers/CMSIS/Include/core_cm0.h" 1
  72 000e C046     		nop
  73              	@ 0 "" 2
 864:Drivers/CMSIS/Include/core_cm0.h ****   {
  74              		.loc 2 864 3 view .LVU11
  75              		.thumb
  76              		.syntax unified
  77 0010 FDE7     		b	.L2
  78              	.L4:
ARM GAS  C:\Users\24705\AppData\Local\Temp\ccToMTbw.s 			page 33


  79 0012 C046     		.align	2
  80              	.L3:
  81 0014 00ED00E0 		.word	-536810240
  82 0018 0400FA05 		.word	100270084
  83              		.cfi_endproc
  84              	.LFE37:
  86              		.section	.text.fault_checksum,"ax",%progbits
  87              		.align	1
  88              		.syntax unified
  89              		.code	16
  90              		.thumb_func
  92              	fault_checksum:
  93              	.LVL0:
  94              	.LFB40:
   1:Core/Src/reliability.c **** /**
   2:Core/Src/reliability.c ****  ******************************************************************************
   3:Core/Src/reliability.c ****  * @file           : reliability.c
   4:Core/Src/reliability.c ****  * @brief          : Weak/strong fault tracking and reset-surviving fault note.
   5:Core/Src/reliability.c ****  ******************************************************************************
   6:Core/Src/reliability.c ****  */
   7:Core/Src/reliability.c **** 
   8:Core/Src/reliability.c **** #include "reliability.h"
   9:Core/Src/reliability.c **** 
  10:Core/Src/reliability.c **** #define FAULT_RECORD_MAGIC          0x52464C54UL /* "RFLT" */
  11:Core/Src/reliability.c **** #define SENSOR_FAIL_LIMIT           3U
  12:Core/Src/reliability.c **** 
  13:Core/Src/reliability.c **** typedef struct {
  14:Core/Src/reliability.c ****     uint32_t magic;
  15:Core/Src/reliability.c ****     uint32_t strong_mask;
  16:Core/Src/reliability.c ****     uint32_t pc;
  17:Core/Src/reliability.c ****     uint32_t lr;
  18:Core/Src/reliability.c ****     uint32_t xpsr;
  19:Core/Src/reliability.c ****     uint32_t checksum;
  20:Core/Src/reliability.c **** } FaultRecord_t;
  21:Core/Src/reliability.c **** 
  22:Core/Src/reliability.c **** /* This section is deliberately outside .bss and survives software/IWDG reset. */
  23:Core/Src/reliability.c **** static FaultRecord_t g_fault_record __attribute__((section(".noinit")));
  24:Core/Src/reliability.c **** 
  25:Core/Src/reliability.c **** static uint8_t pending_strong_mask;
  26:Core/Src/reliability.c **** static uint8_t weak_mask;
  27:Core/Src/reliability.c **** static uint8_t front_fail_count;
  28:Core/Src/reliability.c **** static uint8_t rear_fail_count;
  29:Core/Src/reliability.c **** static uint32_t last_queue_dropped;
  30:Core/Src/reliability.c **** static uint32_t queue_fault_last_tick;
  31:Core/Src/reliability.c **** 
  32:Core/Src/reliability.c **** /* Do not make this static: the next no-SWD inspection must be able to read
  33:Core/Src/reliability.c ****  * the reset source after the board has rebooted.  RCC_CSR is cleared below,
  34:Core/Src/reliability.c ****  * therefore it cannot be reconstructed later from the peripheral. */
  35:Core/Src/reliability.c **** volatile uint32_t g_dbg_reset_flags_on_boot;
  36:Core/Src/reliability.c **** 
  37:Core/Src/reliability.c **** static uint32_t fault_checksum(const FaultRecord_t *record)
  38:Core/Src/reliability.c **** {
  95              		.loc 1 38 1 view -0
  96              		.cfi_startproc
  97              		@ args = 0, pretend = 0, frame = 0
  98              		@ frame_needed = 0, uses_anonymous_args = 0
  99              		@ link register save eliminated.
ARM GAS  C:\Users\24705\AppData\Local\Temp\ccToMTbw.s 			page 34


  39:Core/Src/reliability.c ****     return record->magic ^ record->strong_mask ^ record->pc ^
 100              		.loc 1 39 5 view .LVU13
 101              		.loc 1 39 18 is_stmt 0 view .LVU14
 102 0000 0368     		ldr	r3, [r0]
 103              		.loc 1 39 34 view .LVU15
 104 0002 4268     		ldr	r2, [r0, #4]
 105              		.loc 1 39 26 view .LVU16
 106 0004 5340     		eors	r3, r2
 107              		.loc 1 39 56 view .LVU17
 108 0006 8268     		ldr	r2, [r0, #8]
 109              		.loc 1 39 48 view .LVU18
 110 0008 5340     		eors	r3, r2
  40:Core/Src/reliability.c ****            record->lr ^ record->xpsr ^ 0xA5C37E19UL;
 111              		.loc 1 40 18 view .LVU19
 112 000a C268     		ldr	r2, [r0, #12]
  39:Core/Src/reliability.c ****     return record->magic ^ record->strong_mask ^ record->pc ^
 113              		.loc 1 39 61 view .LVU20
 114 000c 5340     		eors	r3, r2
 115              		.loc 1 40 31 view .LVU21
 116 000e 0269     		ldr	r2, [r0, #16]
 117              		.loc 1 40 23 view .LVU22
 118 0010 5340     		eors	r3, r2
 119              		.loc 1 40 38 view .LVU23
 120 0012 0148     		ldr	r0, .L6
 121              	.LVL1:
 122              		.loc 1 40 38 view .LVU24
 123 0014 5840     		eors	r0, r3
  41:Core/Src/reliability.c **** }
 124              		.loc 1 41 1 view .LVU25
 125              		@ sp needed
 126 0016 7047     		bx	lr
 127              	.L7:
 128              		.align	2
 129              	.L6:
 130 0018 197EC3A5 		.word	-1513914855
 131              		.cfi_endproc
 132              	.LFE40:
 134              		.section	.text.save_strong_fault,"ax",%progbits
 135              		.align	1
 136              		.syntax unified
 137              		.code	16
 138              		.thumb_func
 140              	save_strong_fault:
 141              	.LVL2:
 142              	.LFB41:
  42:Core/Src/reliability.c **** 
  43:Core/Src/reliability.c **** static void save_strong_fault(uint8_t mask, uint32_t pc, uint32_t lr, uint32_t xpsr)
  44:Core/Src/reliability.c **** {
 143              		.loc 1 44 1 is_stmt 1 view -0
 144              		.cfi_startproc
 145              		@ args = 0, pretend = 0, frame = 0
 146              		@ frame_needed = 0, uses_anonymous_args = 0
 147              		.loc 1 44 1 is_stmt 0 view .LVU27
 148 0000 70B5     		push	{r4, r5, r6, lr}
 149              	.LCFI0:
 150              		.cfi_def_cfa_offset 16
 151              		.cfi_offset 4, -16
ARM GAS  C:\Users\24705\AppData\Local\Temp\ccToMTbw.s 			page 35


 152              		.cfi_offset 5, -12
 153              		.cfi_offset 6, -8
 154              		.cfi_offset 14, -4
  45:Core/Src/reliability.c ****     g_fault_record.magic = FAULT_RECORD_MAGIC;
 155              		.loc 1 45 5 is_stmt 1 view .LVU28
 156              		.loc 1 45 26 is_stmt 0 view .LVU29
 157 0002 064C     		ldr	r4, .L9
 158 0004 064D     		ldr	r5, .L9+4
 159 0006 2560     		str	r5, [r4]
  46:Core/Src/reliability.c ****     g_fault_record.strong_mask = mask;
 160              		.loc 1 46 5 is_stmt 1 view .LVU30
 161              		.loc 1 46 32 is_stmt 0 view .LVU31
 162 0008 6060     		str	r0, [r4, #4]
  47:Core/Src/reliability.c ****     g_fault_record.pc = pc;
 163              		.loc 1 47 5 is_stmt 1 view .LVU32
 164              		.loc 1 47 23 is_stmt 0 view .LVU33
 165 000a A160     		str	r1, [r4, #8]
  48:Core/Src/reliability.c ****     g_fault_record.lr = lr;
 166              		.loc 1 48 5 is_stmt 1 view .LVU34
 167              		.loc 1 48 23 is_stmt 0 view .LVU35
 168 000c E260     		str	r2, [r4, #12]
  49:Core/Src/reliability.c ****     g_fault_record.xpsr = xpsr;
 169              		.loc 1 49 5 is_stmt 1 view .LVU36
 170              		.loc 1 49 25 is_stmt 0 view .LVU37
 171 000e 2361     		str	r3, [r4, #16]
  50:Core/Src/reliability.c ****     g_fault_record.checksum = fault_checksum(&g_fault_record);
 172              		.loc 1 50 5 is_stmt 1 view .LVU38
 173              		.loc 1 50 31 is_stmt 0 view .LVU39
 174 0010 2000     		movs	r0, r4
 175              	.LVL3:
 176              		.loc 1 50 31 view .LVU40
 177 0012 FFF7FEFF 		bl	fault_checksum
 178              	.LVL4:
 179              		.loc 1 50 29 discriminator 1 view .LVU41
 180 0016 6061     		str	r0, [r4, #20]
  51:Core/Src/reliability.c **** }
 181              		.loc 1 51 1 view .LVU42
 182              		@ sp needed
 183 0018 70BD     		pop	{r4, r5, r6, pc}
 184              	.L10:
 185 001a C046     		.align	2
 186              	.L9:
 187 001c 00000000 		.word	g_fault_record
 188 0020 544C4652 		.word	1380338772
 189              		.cfi_endproc
 190              	.LFE41:
 192              		.section	.text.Reliability_EarlyInit,"ax",%progbits
 193              		.align	1
 194              		.global	Reliability_EarlyInit
 195              		.syntax unified
 196              		.code	16
 197              		.thumb_func
 199              	Reliability_EarlyInit:
 200              	.LFB42:
  52:Core/Src/reliability.c **** 
  53:Core/Src/reliability.c **** void Reliability_EarlyInit(void)
  54:Core/Src/reliability.c **** {
ARM GAS  C:\Users\24705\AppData\Local\Temp\ccToMTbw.s 			page 36


 201              		.loc 1 54 1 is_stmt 1 view -0
 202              		.cfi_startproc
 203              		@ args = 0, pretend = 0, frame = 0
 204              		@ frame_needed = 0, uses_anonymous_args = 0
 205 0000 70B5     		push	{r4, r5, r6, lr}
 206              	.LCFI1:
 207              		.cfi_def_cfa_offset 16
 208              		.cfi_offset 4, -16
 209              		.cfi_offset 5, -12
 210              		.cfi_offset 6, -8
 211              		.cfi_offset 14, -4
  55:Core/Src/reliability.c ****     uint32_t reset_flags = RCC->CSR;
 212              		.loc 1 55 5 view .LVU44
 213              		.loc 1 55 14 is_stmt 0 view .LVU45
 214 0002 144B     		ldr	r3, .L16
 215 0004 5C6A     		ldr	r4, [r3, #36]
 216              	.LVL5:
  56:Core/Src/reliability.c **** 
  57:Core/Src/reliability.c ****     g_dbg_reset_flags_on_boot = reset_flags;
 217              		.loc 1 57 5 is_stmt 1 view .LVU46
 218              		.loc 1 57 31 is_stmt 0 view .LVU47
 219 0006 144B     		ldr	r3, .L16+4
 220 0008 1C60     		str	r4, [r3]
  58:Core/Src/reliability.c **** 
  59:Core/Src/reliability.c ****     pending_strong_mask = 0;
 221              		.loc 1 59 5 is_stmt 1 view .LVU48
 222              		.loc 1 59 25 is_stmt 0 view .LVU49
 223 000a 144B     		ldr	r3, .L16+8
 224 000c 0022     		movs	r2, #0
 225 000e 1A70     		strb	r2, [r3]
  60:Core/Src/reliability.c ****     if (g_fault_record.magic == FAULT_RECORD_MAGIC &&
 226              		.loc 1 60 5 is_stmt 1 view .LVU50
 227              		.loc 1 60 23 is_stmt 0 view .LVU51
 228 0010 134B     		ldr	r3, .L16+12
 229 0012 1A68     		ldr	r2, [r3]
 230              		.loc 1 60 8 view .LVU52
 231 0014 134B     		ldr	r3, .L16+16
 232 0016 9A42     		cmp	r2, r3
 233 0018 11D0     		beq	.L15
 234              	.L12:
  61:Core/Src/reliability.c ****         g_fault_record.checksum == fault_checksum(&g_fault_record)) {
  62:Core/Src/reliability.c ****         pending_strong_mask |= (uint8_t)g_fault_record.strong_mask;
  63:Core/Src/reliability.c ****     }
  64:Core/Src/reliability.c ****     if ((reset_flags & RCC_CSR_IWDGRSTF) != 0U) {
 235              		.loc 1 64 5 is_stmt 1 view .LVU53
 236              		.loc 1 64 8 is_stmt 0 view .LVU54
 237 001a A400     		lsls	r4, r4, #2
 238 001c 04D5     		bpl	.L13
 239              	.LVL6:
  65:Core/Src/reliability.c ****         pending_strong_mask |= REL_STRONG_WATCHDOG;
 240              		.loc 1 65 9 is_stmt 1 view .LVU55
 241              		.loc 1 65 29 is_stmt 0 view .LVU56
 242 001e 0F4A     		ldr	r2, .L16+8
 243 0020 1378     		ldrb	r3, [r2]
 244 0022 0221     		movs	r1, #2
 245 0024 0B43     		orrs	r3, r1
 246 0026 1370     		strb	r3, [r2]
ARM GAS  C:\Users\24705\AppData\Local\Temp\ccToMTbw.s 			page 37


 247              	.L13:
  66:Core/Src/reliability.c ****     }
  67:Core/Src/reliability.c **** 
  68:Core/Src/reliability.c ****     /* Consume the retained record. A new fault overwrites it before reset. */
  69:Core/Src/reliability.c ****     g_fault_record.magic = 0U;
 248              		.loc 1 69 5 is_stmt 1 view .LVU57
 249              		.loc 1 69 26 is_stmt 0 view .LVU58
 250 0028 0D4B     		ldr	r3, .L16+12
 251 002a 0022     		movs	r2, #0
 252 002c 1A60     		str	r2, [r3]
  70:Core/Src/reliability.c ****     g_fault_record.checksum = 0U;
 253              		.loc 1 70 5 is_stmt 1 view .LVU59
 254              		.loc 1 70 29 is_stmt 0 view .LVU60
 255 002e 5A61     		str	r2, [r3, #20]
  71:Core/Src/reliability.c ****     RCC->CSR |= RCC_CSR_RMVF;
 256              		.loc 1 71 5 is_stmt 1 view .LVU61
 257              		.loc 1 71 8 is_stmt 0 view .LVU62
 258 0030 084A     		ldr	r2, .L16
 259 0032 516A     		ldr	r1, [r2, #36]
 260              		.loc 1 71 14 view .LVU63
 261 0034 8023     		movs	r3, #128
 262 0036 5B04     		lsls	r3, r3, #17
 263 0038 0B43     		orrs	r3, r1
 264 003a 5362     		str	r3, [r2, #36]
  72:Core/Src/reliability.c **** }
 265              		.loc 1 72 1 view .LVU64
 266              		@ sp needed
 267 003c 70BD     		pop	{r4, r5, r6, pc}
 268              	.LVL7:
 269              	.L15:
  61:Core/Src/reliability.c ****         pending_strong_mask |= (uint8_t)g_fault_record.strong_mask;
 270              		.loc 1 61 23 view .LVU65
 271 003e 0848     		ldr	r0, .L16+12
 272 0040 4569     		ldr	r5, [r0, #20]
  61:Core/Src/reliability.c ****         pending_strong_mask |= (uint8_t)g_fault_record.strong_mask;
 273              		.loc 1 61 36 view .LVU66
 274 0042 FFF7FEFF 		bl	fault_checksum
 275              	.LVL8:
  60:Core/Src/reliability.c ****         g_fault_record.checksum == fault_checksum(&g_fault_record)) {
 276              		.loc 1 60 52 discriminator 1 view .LVU67
 277 0046 8542     		cmp	r5, r0
 278 0048 E7D1     		bne	.L12
  62:Core/Src/reliability.c ****     }
 279              		.loc 1 62 9 is_stmt 1 view .LVU68
  62:Core/Src/reliability.c ****     }
 280              		.loc 1 62 55 is_stmt 0 view .LVU69
 281 004a 054B     		ldr	r3, .L16+12
  62:Core/Src/reliability.c ****     }
 282              		.loc 1 62 32 view .LVU70
 283 004c 1A79     		ldrb	r2, [r3, #4]
  62:Core/Src/reliability.c ****     }
 284              		.loc 1 62 29 view .LVU71
 285 004e 034B     		ldr	r3, .L16+8
 286 0050 1A70     		strb	r2, [r3]
 287 0052 E2E7     		b	.L12
 288              	.L17:
 289              		.align	2
ARM GAS  C:\Users\24705\AppData\Local\Temp\ccToMTbw.s 			page 38


 290              	.L16:
 291 0054 00100240 		.word	1073876992
 292 0058 00000000 		.word	g_dbg_reset_flags_on_boot
 293 005c 00000000 		.word	pending_strong_mask
 294 0060 00000000 		.word	g_fault_record
 295 0064 544C4652 		.word	1380338772
 296              		.cfi_endproc
 297              	.LFE42:
 299              		.section	.text.Reliability_GetPendingStrongMask,"ax",%progbits
 300              		.align	1
 301              		.global	Reliability_GetPendingStrongMask
 302              		.syntax unified
 303              		.code	16
 304              		.thumb_func
 306              	Reliability_GetPendingStrongMask:
 307              	.LFB43:
  73:Core/Src/reliability.c **** 
  74:Core/Src/reliability.c **** uint8_t Reliability_GetPendingStrongMask(void)
  75:Core/Src/reliability.c **** {
 308              		.loc 1 75 1 is_stmt 1 view -0
 309              		.cfi_startproc
 310              		@ args = 0, pretend = 0, frame = 0
 311              		@ frame_needed = 0, uses_anonymous_args = 0
 312              		@ link register save eliminated.
  76:Core/Src/reliability.c ****     return pending_strong_mask;
 313              		.loc 1 76 5 view .LVU73
 314              		.loc 1 76 12 is_stmt 0 view .LVU74
 315 0000 014B     		ldr	r3, .L19
 316              		.loc 1 76 12 discriminator 1 view .LVU75
 317 0002 1878     		ldrb	r0, [r3]
  77:Core/Src/reliability.c **** }
 318              		.loc 1 77 1 view .LVU76
 319              		@ sp needed
 320 0004 7047     		bx	lr
 321              	.L20:
 322 0006 C046     		.align	2
 323              	.L19:
 324 0008 00000000 		.word	pending_strong_mask
 325              		.cfi_endproc
 326              	.LFE43:
 328              		.section	.text.Reliability_SetWeakFault,"ax",%progbits
 329              		.align	1
 330              		.global	Reliability_SetWeakFault
 331              		.syntax unified
 332              		.code	16
 333              		.thumb_func
 335              	Reliability_SetWeakFault:
 336              	.LVL9:
 337              	.LFB44:
  78:Core/Src/reliability.c **** 
  79:Core/Src/reliability.c **** void Reliability_SetWeakFault(uint8_t mask, bool active)
  80:Core/Src/reliability.c **** {
 338              		.loc 1 80 1 is_stmt 1 view -0
 339              		.cfi_startproc
 340              		@ args = 0, pretend = 0, frame = 0
 341              		@ frame_needed = 0, uses_anonymous_args = 0
 342              		@ link register save eliminated.
ARM GAS  C:\Users\24705\AppData\Local\Temp\ccToMTbw.s 			page 39


  81:Core/Src/reliability.c ****     if (active) weak_mask |= mask;
 343              		.loc 1 81 5 view .LVU78
 344              		.loc 1 81 8 is_stmt 0 view .LVU79
 345 0000 0029     		cmp	r1, #0
 346 0002 04D0     		beq	.L22
 347              		.loc 1 81 17 is_stmt 1 discriminator 1 view .LVU80
 348              		.loc 1 81 27 is_stmt 0 discriminator 1 view .LVU81
 349 0004 044B     		ldr	r3, .L24
 350 0006 1A78     		ldrb	r2, [r3]
 351 0008 1043     		orrs	r0, r2
 352              	.LVL10:
 353              		.loc 1 81 27 discriminator 1 view .LVU82
 354 000a 1870     		strb	r0, [r3]
 355              	.L21:
  82:Core/Src/reliability.c ****     else        weak_mask &= (uint8_t)~mask;
  83:Core/Src/reliability.c **** }
 356              		.loc 1 83 1 view .LVU83
 357              		@ sp needed
 358 000c 7047     		bx	lr
 359              	.LVL11:
 360              	.L22:
  82:Core/Src/reliability.c ****     else        weak_mask &= (uint8_t)~mask;
 361              		.loc 1 82 17 is_stmt 1 view .LVU84
  82:Core/Src/reliability.c ****     else        weak_mask &= (uint8_t)~mask;
 362              		.loc 1 82 27 is_stmt 0 view .LVU85
 363 000e 024A     		ldr	r2, .L24
 364 0010 1378     		ldrb	r3, [r2]
 365 0012 8343     		bics	r3, r0
 366 0014 1370     		strb	r3, [r2]
 367              		.loc 1 83 1 view .LVU86
 368 0016 F9E7     		b	.L21
 369              	.L25:
 370              		.align	2
 371              	.L24:
 372 0018 00000000 		.word	weak_mask
 373              		.cfi_endproc
 374              	.LFE44:
 376              		.section	.text.Reliability_ObserveSensors,"ax",%progbits
 377              		.align	1
 378              		.global	Reliability_ObserveSensors
 379              		.syntax unified
 380              		.code	16
 381              		.thumb_func
 383              	Reliability_ObserveSensors:
 384              	.LVL12:
 385              	.LFB45:
  84:Core/Src/reliability.c **** 
  85:Core/Src/reliability.c **** void Reliability_ObserveSensors(bool front_ok, bool rear_ok)
  86:Core/Src/reliability.c **** {
 386              		.loc 1 86 1 is_stmt 1 view -0
 387              		.cfi_startproc
 388              		@ args = 0, pretend = 0, frame = 0
 389              		@ frame_needed = 0, uses_anonymous_args = 0
 390              		.loc 1 86 1 is_stmt 0 view .LVU88
 391 0000 10B5     		push	{r4, lr}
 392              	.LCFI2:
 393              		.cfi_def_cfa_offset 8
ARM GAS  C:\Users\24705\AppData\Local\Temp\ccToMTbw.s 			page 40


 394              		.cfi_offset 4, -8
 395              		.cfi_offset 14, -4
 396 0002 0C00     		movs	r4, r1
  87:Core/Src/reliability.c ****     if (front_ok) {
 397              		.loc 1 87 5 is_stmt 1 view .LVU89
 398              		.loc 1 87 8 is_stmt 0 view .LVU90
 399 0004 0028     		cmp	r0, #0
 400 0006 0ED1     		bne	.L31
  88:Core/Src/reliability.c ****         front_fail_count = 0U;
  89:Core/Src/reliability.c ****         Reliability_SetWeakFault(REL_WEAK_FRONT_SENSOR, false);
  90:Core/Src/reliability.c ****     } else if (front_fail_count < SENSOR_FAIL_LIMIT) {
 401              		.loc 1 90 12 is_stmt 1 view .LVU91
 402              		.loc 1 90 33 is_stmt 0 view .LVU92
 403 0008 174B     		ldr	r3, .L33
 404 000a 1B78     		ldrb	r3, [r3]
 405              		.loc 1 90 15 view .LVU93
 406 000c 022B     		cmp	r3, #2
 407 000e 11D8     		bhi	.L28
  91:Core/Src/reliability.c ****         front_fail_count++;
 408              		.loc 1 91 9 is_stmt 1 view .LVU94
 409              		.loc 1 91 25 is_stmt 0 view .LVU95
 410 0010 0133     		adds	r3, r3, #1
 411 0012 DBB2     		uxtb	r3, r3
 412 0014 144A     		ldr	r2, .L33
 413 0016 1370     		strb	r3, [r2]
  92:Core/Src/reliability.c ****         if (front_fail_count >= SENSOR_FAIL_LIMIT) {
 414              		.loc 1 92 9 is_stmt 1 view .LVU96
 415              		.loc 1 92 12 is_stmt 0 view .LVU97
 416 0018 022B     		cmp	r3, #2
 417 001a 0BD9     		bls	.L28
  93:Core/Src/reliability.c ****             Reliability_SetWeakFault(REL_WEAK_FRONT_SENSOR, true);
 418              		.loc 1 93 13 is_stmt 1 view .LVU98
 419 001c 0121     		movs	r1, #1
 420              	.LVL13:
 421              		.loc 1 93 13 is_stmt 0 view .LVU99
 422 001e 0120     		movs	r0, #1
 423              	.LVL14:
 424              		.loc 1 93 13 view .LVU100
 425 0020 FFF7FEFF 		bl	Reliability_SetWeakFault
 426              	.LVL15:
 427 0024 06E0     		b	.L28
 428              	.LVL16:
 429              	.L31:
  88:Core/Src/reliability.c ****         Reliability_SetWeakFault(REL_WEAK_FRONT_SENSOR, false);
 430              		.loc 1 88 9 is_stmt 1 view .LVU101
  88:Core/Src/reliability.c ****         Reliability_SetWeakFault(REL_WEAK_FRONT_SENSOR, false);
 431              		.loc 1 88 26 is_stmt 0 view .LVU102
 432 0026 104B     		ldr	r3, .L33
 433 0028 0022     		movs	r2, #0
 434 002a 1A70     		strb	r2, [r3]
  89:Core/Src/reliability.c ****     } else if (front_fail_count < SENSOR_FAIL_LIMIT) {
 435              		.loc 1 89 9 is_stmt 1 view .LVU103
 436 002c 0021     		movs	r1, #0
 437              	.LVL17:
  89:Core/Src/reliability.c ****     } else if (front_fail_count < SENSOR_FAIL_LIMIT) {
 438              		.loc 1 89 9 is_stmt 0 view .LVU104
 439 002e 0120     		movs	r0, #1
ARM GAS  C:\Users\24705\AppData\Local\Temp\ccToMTbw.s 			page 41


 440              	.LVL18:
  89:Core/Src/reliability.c ****     } else if (front_fail_count < SENSOR_FAIL_LIMIT) {
 441              		.loc 1 89 9 view .LVU105
 442 0030 FFF7FEFF 		bl	Reliability_SetWeakFault
 443              	.LVL19:
 444              	.L28:
  94:Core/Src/reliability.c ****         }
  95:Core/Src/reliability.c ****     }
  96:Core/Src/reliability.c **** 
  97:Core/Src/reliability.c ****     if (rear_ok) {
 445              		.loc 1 97 5 is_stmt 1 view .LVU106
 446              		.loc 1 97 8 is_stmt 0 view .LVU107
 447 0034 002C     		cmp	r4, #0
 448 0036 0ED1     		bne	.L32
  98:Core/Src/reliability.c ****         rear_fail_count = 0U;
  99:Core/Src/reliability.c ****         Reliability_SetWeakFault(REL_WEAK_REAR_SENSOR, false);
 100:Core/Src/reliability.c ****     } else if (rear_fail_count < SENSOR_FAIL_LIMIT) {
 449              		.loc 1 100 12 is_stmt 1 view .LVU108
 450              		.loc 1 100 32 is_stmt 0 view .LVU109
 451 0038 0C4B     		ldr	r3, .L33+4
 452 003a 1B78     		ldrb	r3, [r3]
 453              		.loc 1 100 15 view .LVU110
 454 003c 022B     		cmp	r3, #2
 455 003e 11D8     		bhi	.L26
 101:Core/Src/reliability.c ****         rear_fail_count++;
 456              		.loc 1 101 9 is_stmt 1 view .LVU111
 457              		.loc 1 101 24 is_stmt 0 view .LVU112
 458 0040 0133     		adds	r3, r3, #1
 459 0042 DBB2     		uxtb	r3, r3
 460 0044 094A     		ldr	r2, .L33+4
 461 0046 1370     		strb	r3, [r2]
 102:Core/Src/reliability.c ****         if (rear_fail_count >= SENSOR_FAIL_LIMIT) {
 462              		.loc 1 102 9 is_stmt 1 view .LVU113
 463              		.loc 1 102 12 is_stmt 0 view .LVU114
 464 0048 022B     		cmp	r3, #2
 465 004a 0BD9     		bls	.L26
 103:Core/Src/reliability.c ****             Reliability_SetWeakFault(REL_WEAK_REAR_SENSOR, true);
 466              		.loc 1 103 13 is_stmt 1 view .LVU115
 467 004c 0121     		movs	r1, #1
 468 004e 0220     		movs	r0, #2
 469 0050 FFF7FEFF 		bl	Reliability_SetWeakFault
 470              	.LVL20:
 104:Core/Src/reliability.c ****         }
 105:Core/Src/reliability.c ****     }
 106:Core/Src/reliability.c **** }
 471              		.loc 1 106 1 is_stmt 0 view .LVU116
 472 0054 06E0     		b	.L26
 473              	.L32:
  98:Core/Src/reliability.c ****         Reliability_SetWeakFault(REL_WEAK_REAR_SENSOR, false);
 474              		.loc 1 98 9 is_stmt 1 view .LVU117
  98:Core/Src/reliability.c ****         Reliability_SetWeakFault(REL_WEAK_REAR_SENSOR, false);
 475              		.loc 1 98 25 is_stmt 0 view .LVU118
 476 0056 054B     		ldr	r3, .L33+4
 477 0058 0022     		movs	r2, #0
 478 005a 1A70     		strb	r2, [r3]
  99:Core/Src/reliability.c ****     } else if (rear_fail_count < SENSOR_FAIL_LIMIT) {
 479              		.loc 1 99 9 is_stmt 1 view .LVU119
ARM GAS  C:\Users\24705\AppData\Local\Temp\ccToMTbw.s 			page 42


 480 005c 0021     		movs	r1, #0
 481 005e 0220     		movs	r0, #2
 482 0060 FFF7FEFF 		bl	Reliability_SetWeakFault
 483              	.LVL21:
 484              	.L26:
 485              		.loc 1 106 1 is_stmt 0 view .LVU120
 486              		@ sp needed
 487              	.LVL22:
 488              		.loc 1 106 1 view .LVU121
 489 0064 10BD     		pop	{r4, pc}
 490              	.L34:
 491 0066 C046     		.align	2
 492              	.L33:
 493 0068 00000000 		.word	front_fail_count
 494 006c 00000000 		.word	rear_fail_count
 495              		.cfi_endproc
 496              	.LFE45:
 498              		.section	.text.Reliability_ObserveEventQueueDropped,"ax",%progbits
 499              		.align	1
 500              		.global	Reliability_ObserveEventQueueDropped
 501              		.syntax unified
 502              		.code	16
 503              		.thumb_func
 505              	Reliability_ObserveEventQueueDropped:
 506              	.LVL23:
 507              	.LFB46:
 107:Core/Src/reliability.c **** 
 108:Core/Src/reliability.c **** void Reliability_ObserveEventQueueDropped(uint32_t dropped_count)
 109:Core/Src/reliability.c **** {
 508              		.loc 1 109 1 is_stmt 1 view -0
 509              		.cfi_startproc
 510              		@ args = 0, pretend = 0, frame = 0
 511              		@ frame_needed = 0, uses_anonymous_args = 0
 512              		.loc 1 109 1 is_stmt 0 view .LVU123
 513 0000 10B5     		push	{r4, lr}
 514              	.LCFI3:
 515              		.cfi_def_cfa_offset 8
 516              		.cfi_offset 4, -8
 517              		.cfi_offset 14, -4
 518 0002 0400     		movs	r4, r0
 110:Core/Src/reliability.c ****     uint32_t now = HAL_GetTick();
 519              		.loc 1 110 5 is_stmt 1 view .LVU124
 520              		.loc 1 110 20 is_stmt 0 view .LVU125
 521 0004 FFF7FEFF 		bl	HAL_GetTick
 522              	.LVL24:
 111:Core/Src/reliability.c **** 
 112:Core/Src/reliability.c ****     if (dropped_count != last_queue_dropped) {
 523              		.loc 1 112 5 is_stmt 1 view .LVU126
 524              		.loc 1 112 23 is_stmt 0 view .LVU127
 525 0008 0E4B     		ldr	r3, .L40
 526 000a 1B68     		ldr	r3, [r3]
 527              		.loc 1 112 8 view .LVU128
 528 000c A342     		cmp	r3, r4
 529 000e 0FD1     		bne	.L39
 113:Core/Src/reliability.c ****         last_queue_dropped = dropped_count;
 114:Core/Src/reliability.c ****         queue_fault_last_tick = now;
 115:Core/Src/reliability.c ****         Reliability_SetWeakFault(REL_WEAK_EVENT_QUEUE, true);
ARM GAS  C:\Users\24705\AppData\Local\Temp\ccToMTbw.s 			page 43


 116:Core/Src/reliability.c ****     } else if ((weak_mask & REL_WEAK_EVENT_QUEUE) != 0U &&
 530              		.loc 1 116 12 is_stmt 1 view .LVU129
 531              		.loc 1 116 27 is_stmt 0 view .LVU130
 532 0010 0D4B     		ldr	r3, .L40+4
 533 0012 1B78     		ldrb	r3, [r3]
 534              		.loc 1 116 15 view .LVU131
 535 0014 DB06     		lsls	r3, r3, #27
 536 0016 13D5     		bpl	.L35
 117:Core/Src/reliability.c ****                (now - queue_fault_last_tick) >= 1000U) {
 537              		.loc 1 117 21 view .LVU132
 538 0018 0C4B     		ldr	r3, .L40+8
 539 001a 1B68     		ldr	r3, [r3]
 540 001c C01A     		subs	r0, r0, r3
 541              	.LVL25:
 116:Core/Src/reliability.c ****                (now - queue_fault_last_tick) >= 1000U) {
 542              		.loc 1 116 57 discriminator 1 view .LVU133
 543 001e FA23     		movs	r3, #250
 544 0020 9B00     		lsls	r3, r3, #2
 545 0022 9842     		cmp	r0, r3
 546 0024 0CD3     		bcc	.L35
 118:Core/Src/reliability.c ****         Reliability_SetWeakFault(REL_WEAK_EVENT_QUEUE, false);
 547              		.loc 1 118 9 is_stmt 1 view .LVU134
 548 0026 0021     		movs	r1, #0
 549 0028 1020     		movs	r0, #16
 550 002a FFF7FEFF 		bl	Reliability_SetWeakFault
 551              	.LVL26:
 119:Core/Src/reliability.c ****     }
 120:Core/Src/reliability.c **** }
 552              		.loc 1 120 1 is_stmt 0 view .LVU135
 553 002e 07E0     		b	.L35
 554              	.LVL27:
 555              	.L39:
 113:Core/Src/reliability.c ****         queue_fault_last_tick = now;
 556              		.loc 1 113 9 is_stmt 1 view .LVU136
 113:Core/Src/reliability.c ****         queue_fault_last_tick = now;
 557              		.loc 1 113 28 is_stmt 0 view .LVU137
 558 0030 044B     		ldr	r3, .L40
 559 0032 1C60     		str	r4, [r3]
 114:Core/Src/reliability.c ****         Reliability_SetWeakFault(REL_WEAK_EVENT_QUEUE, true);
 560              		.loc 1 114 9 is_stmt 1 view .LVU138
 114:Core/Src/reliability.c ****         Reliability_SetWeakFault(REL_WEAK_EVENT_QUEUE, true);
 561              		.loc 1 114 31 is_stmt 0 view .LVU139
 562 0034 054B     		ldr	r3, .L40+8
 563 0036 1860     		str	r0, [r3]
 115:Core/Src/reliability.c ****     } else if ((weak_mask & REL_WEAK_EVENT_QUEUE) != 0U &&
 564              		.loc 1 115 9 is_stmt 1 view .LVU140
 565 0038 0121     		movs	r1, #1
 566 003a 1020     		movs	r0, #16
 567              	.LVL28:
 115:Core/Src/reliability.c ****     } else if ((weak_mask & REL_WEAK_EVENT_QUEUE) != 0U &&
 568              		.loc 1 115 9 is_stmt 0 view .LVU141
 569 003c FFF7FEFF 		bl	Reliability_SetWeakFault
 570              	.LVL29:
 571              	.L35:
 572              		.loc 1 120 1 view .LVU142
 573              		@ sp needed
 574              	.LVL30:
ARM GAS  C:\Users\24705\AppData\Local\Temp\ccToMTbw.s 			page 44


 575              		.loc 1 120 1 view .LVU143
 576 0040 10BD     		pop	{r4, pc}
 577              	.L41:
 578 0042 C046     		.align	2
 579              	.L40:
 580 0044 00000000 		.word	last_queue_dropped
 581 0048 00000000 		.word	weak_mask
 582 004c 00000000 		.word	queue_fault_last_tick
 583              		.cfi_endproc
 584              	.LFE46:
 586              		.section	.text.Reliability_GetWeakMask,"ax",%progbits
 587              		.align	1
 588              		.global	Reliability_GetWeakMask
 589              		.syntax unified
 590              		.code	16
 591              		.thumb_func
 593              	Reliability_GetWeakMask:
 594              	.LFB47:
 121:Core/Src/reliability.c **** 
 122:Core/Src/reliability.c **** uint8_t Reliability_GetWeakMask(void)
 123:Core/Src/reliability.c **** {
 595              		.loc 1 123 1 is_stmt 1 view -0
 596              		.cfi_startproc
 597              		@ args = 0, pretend = 0, frame = 0
 598              		@ frame_needed = 0, uses_anonymous_args = 0
 599              		@ link register save eliminated.
 124:Core/Src/reliability.c ****     return weak_mask;
 600              		.loc 1 124 5 view .LVU145
 601              		.loc 1 124 12 is_stmt 0 view .LVU146
 602 0000 014B     		ldr	r3, .L43
 603              		.loc 1 124 12 discriminator 1 view .LVU147
 604 0002 1878     		ldrb	r0, [r3]
 125:Core/Src/reliability.c **** }
 605              		.loc 1 125 1 view .LVU148
 606              		@ sp needed
 607 0004 7047     		bx	lr
 608              	.L44:
 609 0006 C046     		.align	2
 610              	.L43:
 611 0008 00000000 		.word	weak_mask
 612              		.cfi_endproc
 613              	.LFE47:
 615              		.section	.text.Reliability_IsFaultAlertActive,"ax",%progbits
 616              		.align	1
 617              		.global	Reliability_IsFaultAlertActive
 618              		.syntax unified
 619              		.code	16
 620              		.thumb_func
 622              	Reliability_IsFaultAlertActive:
 623              	.LFB48:
 126:Core/Src/reliability.c **** 
 127:Core/Src/reliability.c **** bool Reliability_IsFaultAlertActive(void)
 128:Core/Src/reliability.c **** {
 624              		.loc 1 128 1 is_stmt 1 view -0
 625              		.cfi_startproc
 626              		@ args = 0, pretend = 0, frame = 0
 627              		@ frame_needed = 0, uses_anonymous_args = 0
ARM GAS  C:\Users\24705\AppData\Local\Temp\ccToMTbw.s 			page 45


 628              		@ link register save eliminated.
 129:Core/Src/reliability.c ****     return weak_mask != 0U;
 629              		.loc 1 129 5 view .LVU150
 630 0000 024B     		ldr	r3, .L46
 631 0002 1878     		ldrb	r0, [r3]
 632              		.loc 1 129 22 is_stmt 0 view .LVU151
 633 0004 431E     		subs	r3, r0, #1
 634 0006 9841     		sbcs	r0, r0, r3
 635              		.loc 1 129 22 discriminator 1 view .LVU152
 636 0008 C0B2     		uxtb	r0, r0
 130:Core/Src/reliability.c **** }
 637              		.loc 1 130 1 view .LVU153
 638              		@ sp needed
 639 000a 7047     		bx	lr
 640              	.L47:
 641              		.align	2
 642              	.L46:
 643 000c 00000000 		.word	weak_mask
 644              		.cfi_endproc
 645              	.LFE48:
 647              		.section	.text.Reliability_HandleHardFault,"ax",%progbits
 648              		.align	1
 649              		.global	Reliability_HandleHardFault
 650              		.syntax unified
 651              		.code	16
 652              		.thumb_func
 654              	Reliability_HandleHardFault:
 655              	.LVL31:
 656              	.LFB49:
 131:Core/Src/reliability.c **** 
 132:Core/Src/reliability.c **** void Reliability_HandleHardFault(const uint32_t *stack_frame)
 133:Core/Src/reliability.c **** {
 657              		.loc 1 133 1 is_stmt 1 view -0
 658              		.cfi_startproc
 659              		@ args = 0, pretend = 0, frame = 0
 660              		@ frame_needed = 0, uses_anonymous_args = 0
 661              		.loc 1 133 1 is_stmt 0 view .LVU155
 662 0000 10B5     		push	{r4, lr}
 663              	.LCFI4:
 664              		.cfi_def_cfa_offset 8
 665              		.cfi_offset 4, -8
 666              		.cfi_offset 14, -4
 134:Core/Src/reliability.c ****     uint32_t pc = 0U;
 667              		.loc 1 134 5 is_stmt 1 view .LVU156
 668              	.LVL32:
 135:Core/Src/reliability.c ****     uint32_t lr = 0U;
 669              		.loc 1 135 5 view .LVU157
 136:Core/Src/reliability.c ****     uint32_t xpsr = 0U;
 670              		.loc 1 136 5 view .LVU158
 137:Core/Src/reliability.c **** 
 138:Core/Src/reliability.c ****     if (stack_frame != NULL) {
 671              		.loc 1 138 5 view .LVU159
 672              		.loc 1 138 8 is_stmt 0 view .LVU160
 673 0002 0028     		cmp	r0, #0
 674 0004 09D0     		beq	.L50
 139:Core/Src/reliability.c ****         lr = stack_frame[5];
 675              		.loc 1 139 9 is_stmt 1 view .LVU161
ARM GAS  C:\Users\24705\AppData\Local\Temp\ccToMTbw.s 			page 46


 676              		.loc 1 139 12 is_stmt 0 view .LVU162
 677 0006 4269     		ldr	r2, [r0, #20]
 678              	.LVL33:
 140:Core/Src/reliability.c ****         pc = stack_frame[6];
 679              		.loc 1 140 9 is_stmt 1 view .LVU163
 680              		.loc 1 140 12 is_stmt 0 view .LVU164
 681 0008 8169     		ldr	r1, [r0, #24]
 682              	.LVL34:
 141:Core/Src/reliability.c ****         xpsr = stack_frame[7];
 683              		.loc 1 141 9 is_stmt 1 view .LVU165
 684              		.loc 1 141 14 is_stmt 0 view .LVU166
 685 000a C369     		ldr	r3, [r0, #28]
 686              	.LVL35:
 687              	.L49:
 142:Core/Src/reliability.c ****     }
 143:Core/Src/reliability.c ****     save_strong_fault(REL_STRONG_HARDFAULT, pc, lr, xpsr);
 688              		.loc 1 143 5 is_stmt 1 view .LVU167
 689 000c 0120     		movs	r0, #1
 690              	.LVL36:
 691              		.loc 1 143 5 is_stmt 0 view .LVU168
 692 000e FFF7FEFF 		bl	save_strong_fault
 693              	.LVL37:
 144:Core/Src/reliability.c ****     __DSB();
 694              		.loc 1 144 5 is_stmt 1 view .LVU169
 695              	.LBB12:
 696              	.LBI12:
 877:Drivers/CMSIS/Include/cmsis_gcc.h **** {
 697              		.loc 3 877 27 view .LVU170
 698              	.LBB13:
 699              		.loc 3 879 3 view .LVU171
 700              		.syntax divided
 701              	@ 879 "Drivers/CMSIS/Include/cmsis_gcc.h" 1
 702 0012 BFF34F8F 		dsb 0xF
 703              	@ 0 "" 2
 704              		.thumb
 705              		.syntax unified
 706              	.LBE13:
 707              	.LBE12:
 145:Core/Src/reliability.c ****     NVIC_SystemReset();
 708              		.loc 1 145 5 view .LVU172
 709 0016 FFF7FEFF 		bl	__NVIC_SystemReset
 710              	.LVL38:
 711              	.L50:
 136:Core/Src/reliability.c **** 
 712              		.loc 1 136 14 is_stmt 0 view .LVU173
 713 001a 0023     		movs	r3, #0
 135:Core/Src/reliability.c ****     uint32_t xpsr = 0U;
 714              		.loc 1 135 14 view .LVU174
 715 001c 1A00     		movs	r2, r3
 134:Core/Src/reliability.c ****     uint32_t lr = 0U;
 716              		.loc 1 134 14 view .LVU175
 717 001e 1900     		movs	r1, r3
 718 0020 F4E7     		b	.L49
 719              		.cfi_endproc
 720              	.LFE49:
 722              		.global	g_dbg_reset_flags_on_boot
 723              		.section	.bss.g_dbg_reset_flags_on_boot,"aw",%nobits
ARM GAS  C:\Users\24705\AppData\Local\Temp\ccToMTbw.s 			page 47


 724              		.align	2
 727              	g_dbg_reset_flags_on_boot:
 728 0000 00000000 		.space	4
 729              		.section	.bss.queue_fault_last_tick,"aw",%nobits
 730              		.align	2
 733              	queue_fault_last_tick:
 734 0000 00000000 		.space	4
 735              		.section	.bss.last_queue_dropped,"aw",%nobits
 736              		.align	2
 739              	last_queue_dropped:
 740 0000 00000000 		.space	4
 741              		.section	.bss.rear_fail_count,"aw",%nobits
 744              	rear_fail_count:
 745 0000 00       		.space	1
 746              		.section	.bss.front_fail_count,"aw",%nobits
 749              	front_fail_count:
 750 0000 00       		.space	1
 751              		.section	.bss.weak_mask,"aw",%nobits
 754              	weak_mask:
 755 0000 00       		.space	1
 756              		.section	.bss.pending_strong_mask,"aw",%nobits
 759              	pending_strong_mask:
 760 0000 00       		.space	1
 761              		.section	.noinit,"aw"
 762              		.align	2
 765              	g_fault_record:
 766 0000 00000000 		.space	24
 766      00000000 
 766      00000000 
 766      00000000 
 766      00000000 
 767              		.text
 768              	.Letext0:
 769              		.file 4 "E:\\STM32CubeCLT_1.21.0\\GNU-tools-for-STM32\\bin/../lib/gcc/arm-none-eabi/14.3.1/../../.
 770              		.file 5 "E:\\STM32CubeCLT_1.21.0\\GNU-tools-for-STM32\\bin/../lib/gcc/arm-none-eabi/14.3.1/../../.
 771              		.file 6 "Drivers/CMSIS/Device/ST/STM32F0xx/Include/stm32f072xb.h"
 772              		.file 7 "Core/Inc/reliability.h"
 773              		.file 8 "Drivers/STM32F0xx_HAL_Driver/Inc/stm32f0xx_hal.h"
ARM GAS  C:\Users\24705\AppData\Local\Temp\ccToMTbw.s 			page 48


DEFINED SYMBOLS
                            *ABS*:00000000 reliability.c
C:\Users\24705\AppData\Local\Temp\ccToMTbw.s:19     .text.__NVIC_SystemReset:00000000 $t
C:\Users\24705\AppData\Local\Temp\ccToMTbw.s:24     .text.__NVIC_SystemReset:00000000 __NVIC_SystemReset
C:\Users\24705\AppData\Local\Temp\ccToMTbw.s:81     .text.__NVIC_SystemReset:00000014 $d
C:\Users\24705\AppData\Local\Temp\ccToMTbw.s:87     .text.fault_checksum:00000000 $t
C:\Users\24705\AppData\Local\Temp\ccToMTbw.s:92     .text.fault_checksum:00000000 fault_checksum
C:\Users\24705\AppData\Local\Temp\ccToMTbw.s:130    .text.fault_checksum:00000018 $d
C:\Users\24705\AppData\Local\Temp\ccToMTbw.s:135    .text.save_strong_fault:00000000 $t
C:\Users\24705\AppData\Local\Temp\ccToMTbw.s:140    .text.save_strong_fault:00000000 save_strong_fault
C:\Users\24705\AppData\Local\Temp\ccToMTbw.s:187    .text.save_strong_fault:0000001c $d
C:\Users\24705\AppData\Local\Temp\ccToMTbw.s:765    .noinit:00000000 g_fault_record
C:\Users\24705\AppData\Local\Temp\ccToMTbw.s:193    .text.Reliability_EarlyInit:00000000 $t
C:\Users\24705\AppData\Local\Temp\ccToMTbw.s:199    .text.Reliability_EarlyInit:00000000 Reliability_EarlyInit
C:\Users\24705\AppData\Local\Temp\ccToMTbw.s:291    .text.Reliability_EarlyInit:00000054 $d
C:\Users\24705\AppData\Local\Temp\ccToMTbw.s:727    .bss.g_dbg_reset_flags_on_boot:00000000 g_dbg_reset_flags_on_boot
C:\Users\24705\AppData\Local\Temp\ccToMTbw.s:759    .bss.pending_strong_mask:00000000 pending_strong_mask
C:\Users\24705\AppData\Local\Temp\ccToMTbw.s:300    .text.Reliability_GetPendingStrongMask:00000000 $t
C:\Users\24705\AppData\Local\Temp\ccToMTbw.s:306    .text.Reliability_GetPendingStrongMask:00000000 Reliability_GetPendingStrongMask
C:\Users\24705\AppData\Local\Temp\ccToMTbw.s:324    .text.Reliability_GetPendingStrongMask:00000008 $d
C:\Users\24705\AppData\Local\Temp\ccToMTbw.s:329    .text.Reliability_SetWeakFault:00000000 $t
C:\Users\24705\AppData\Local\Temp\ccToMTbw.s:335    .text.Reliability_SetWeakFault:00000000 Reliability_SetWeakFault
C:\Users\24705\AppData\Local\Temp\ccToMTbw.s:372    .text.Reliability_SetWeakFault:00000018 $d
C:\Users\24705\AppData\Local\Temp\ccToMTbw.s:754    .bss.weak_mask:00000000 weak_mask
C:\Users\24705\AppData\Local\Temp\ccToMTbw.s:377    .text.Reliability_ObserveSensors:00000000 $t
C:\Users\24705\AppData\Local\Temp\ccToMTbw.s:383    .text.Reliability_ObserveSensors:00000000 Reliability_ObserveSensors
C:\Users\24705\AppData\Local\Temp\ccToMTbw.s:493    .text.Reliability_ObserveSensors:00000068 $d
C:\Users\24705\AppData\Local\Temp\ccToMTbw.s:749    .bss.front_fail_count:00000000 front_fail_count
C:\Users\24705\AppData\Local\Temp\ccToMTbw.s:744    .bss.rear_fail_count:00000000 rear_fail_count
C:\Users\24705\AppData\Local\Temp\ccToMTbw.s:499    .text.Reliability_ObserveEventQueueDropped:00000000 $t
C:\Users\24705\AppData\Local\Temp\ccToMTbw.s:505    .text.Reliability_ObserveEventQueueDropped:00000000 Reliability_ObserveEventQueueDropped
C:\Users\24705\AppData\Local\Temp\ccToMTbw.s:580    .text.Reliability_ObserveEventQueueDropped:00000044 $d
C:\Users\24705\AppData\Local\Temp\ccToMTbw.s:739    .bss.last_queue_dropped:00000000 last_queue_dropped
C:\Users\24705\AppData\Local\Temp\ccToMTbw.s:733    .bss.queue_fault_last_tick:00000000 queue_fault_last_tick
C:\Users\24705\AppData\Local\Temp\ccToMTbw.s:587    .text.Reliability_GetWeakMask:00000000 $t
C:\Users\24705\AppData\Local\Temp\ccToMTbw.s:593    .text.Reliability_GetWeakMask:00000000 Reliability_GetWeakMask
C:\Users\24705\AppData\Local\Temp\ccToMTbw.s:611    .text.Reliability_GetWeakMask:00000008 $d
C:\Users\24705\AppData\Local\Temp\ccToMTbw.s:616    .text.Reliability_IsFaultAlertActive:00000000 $t
C:\Users\24705\AppData\Local\Temp\ccToMTbw.s:622    .text.Reliability_IsFaultAlertActive:00000000 Reliability_IsFaultAlertActive
C:\Users\24705\AppData\Local\Temp\ccToMTbw.s:643    .text.Reliability_IsFaultAlertActive:0000000c $d
C:\Users\24705\AppData\Local\Temp\ccToMTbw.s:648    .text.Reliability_HandleHardFault:00000000 $t
C:\Users\24705\AppData\Local\Temp\ccToMTbw.s:654    .text.Reliability_HandleHardFault:00000000 Reliability_HandleHardFault
C:\Users\24705\AppData\Local\Temp\ccToMTbw.s:724    .bss.g_dbg_reset_flags_on_boot:00000000 $d
C:\Users\24705\AppData\Local\Temp\ccToMTbw.s:730    .bss.queue_fault_last_tick:00000000 $d
C:\Users\24705\AppData\Local\Temp\ccToMTbw.s:736    .bss.last_queue_dropped:00000000 $d
C:\Users\24705\AppData\Local\Temp\ccToMTbw.s:745    .bss.rear_fail_count:00000000 $d
C:\Users\24705\AppData\Local\Temp\ccToMTbw.s:750    .bss.front_fail_count:00000000 $d
C:\Users\24705\AppData\Local\Temp\ccToMTbw.s:755    .bss.weak_mask:00000000 $d
C:\Users\24705\AppData\Local\Temp\ccToMTbw.s:760    .bss.pending_strong_mask:00000000 $d
C:\Users\24705\AppData\Local\Temp\ccToMTbw.s:762    .noinit:00000000 $d

UNDEFINED SYMBOLS
HAL_GetTick
