ARM GAS  C:\Users\24705\AppData\Local\Temp\ccIDpHTN.s 			page 1


   1              		.cpu cortex-m0
   2              		.arch armv6s-m
   3              		.fpu softvfp
   4              		.eabi_attribute 20, 1
   5              		.eabi_attribute 21, 1
   6              		.eabi_attribute 23, 3
   7              		.eabi_attribute 24, 1
   8              		.eabi_attribute 25, 1
   9              		.eabi_attribute 26, 1
  10              		.eabi_attribute 30, 1
  11              		.eabi_attribute 34, 0
  12              		.eabi_attribute 18, 4
  13              		.file	"stm32f0xx_hal_dac.c"
  14              		.text
  15              	.Ltext0:
  16              		.cfi_sections	.debug_frame
  17              		.file 1 "Drivers/STM32F0xx_HAL_Driver/Src/stm32f0xx_hal_dac.c"
  18              		.section	.text.HAL_DAC_MspInit,"ax",%progbits
  19              		.align	1
  20              		.weak	HAL_DAC_MspInit
  21              		.syntax unified
  22              		.code	16
  23              		.thumb_func
  25              	HAL_DAC_MspInit:
  26              	.LVL0:
  27              	.LFB42:
   1:Drivers/STM32F0xx_HAL_Driver/Src/stm32f0xx_hal_dac.c **** /**
   2:Drivers/STM32F0xx_HAL_Driver/Src/stm32f0xx_hal_dac.c ****   ******************************************************************************
   3:Drivers/STM32F0xx_HAL_Driver/Src/stm32f0xx_hal_dac.c ****   * @file    stm32f0xx_hal_dac.c
   4:Drivers/STM32F0xx_HAL_Driver/Src/stm32f0xx_hal_dac.c ****   * @author  MCD Application Team
   5:Drivers/STM32F0xx_HAL_Driver/Src/stm32f0xx_hal_dac.c ****   * @brief   DAC HAL module driver.
   6:Drivers/STM32F0xx_HAL_Driver/Src/stm32f0xx_hal_dac.c ****   *         This file provides firmware functions to manage the following 
   7:Drivers/STM32F0xx_HAL_Driver/Src/stm32f0xx_hal_dac.c ****   *         functionalities of the Digital to Analog Converter (DAC) peripheral:
   8:Drivers/STM32F0xx_HAL_Driver/Src/stm32f0xx_hal_dac.c ****   *           + Initialization and de-initialization functions
   9:Drivers/STM32F0xx_HAL_Driver/Src/stm32f0xx_hal_dac.c ****   *           + Peripheral Control functions
  10:Drivers/STM32F0xx_HAL_Driver/Src/stm32f0xx_hal_dac.c ****   *           + Peripheral State and Errors functions      
  11:Drivers/STM32F0xx_HAL_Driver/Src/stm32f0xx_hal_dac.c ****   *     
  12:Drivers/STM32F0xx_HAL_Driver/Src/stm32f0xx_hal_dac.c ****   *
  13:Drivers/STM32F0xx_HAL_Driver/Src/stm32f0xx_hal_dac.c ****   ******************************************************************************
  14:Drivers/STM32F0xx_HAL_Driver/Src/stm32f0xx_hal_dac.c ****   * @attention
  15:Drivers/STM32F0xx_HAL_Driver/Src/stm32f0xx_hal_dac.c ****   *
  16:Drivers/STM32F0xx_HAL_Driver/Src/stm32f0xx_hal_dac.c ****   * Copyright (c) 2016 STMicroelectronics.
  17:Drivers/STM32F0xx_HAL_Driver/Src/stm32f0xx_hal_dac.c ****   * All rights reserved.
  18:Drivers/STM32F0xx_HAL_Driver/Src/stm32f0xx_hal_dac.c ****   *
  19:Drivers/STM32F0xx_HAL_Driver/Src/stm32f0xx_hal_dac.c ****   * This software is licensed under terms that can be found in the LICENSE file
  20:Drivers/STM32F0xx_HAL_Driver/Src/stm32f0xx_hal_dac.c ****   * in the root directory of this software component.
  21:Drivers/STM32F0xx_HAL_Driver/Src/stm32f0xx_hal_dac.c ****   * If no LICENSE file comes with this software, it is provided AS-IS.
  22:Drivers/STM32F0xx_HAL_Driver/Src/stm32f0xx_hal_dac.c ****   *
  23:Drivers/STM32F0xx_HAL_Driver/Src/stm32f0xx_hal_dac.c ****   ******************************************************************************
  24:Drivers/STM32F0xx_HAL_Driver/Src/stm32f0xx_hal_dac.c ****   @verbatim
  25:Drivers/STM32F0xx_HAL_Driver/Src/stm32f0xx_hal_dac.c ****   ==============================================================================
  26:Drivers/STM32F0xx_HAL_Driver/Src/stm32f0xx_hal_dac.c ****                       ##### DAC Peripheral features #####
  27:Drivers/STM32F0xx_HAL_Driver/Src/stm32f0xx_hal_dac.c ****   ==============================================================================
  28:Drivers/STM32F0xx_HAL_Driver/Src/stm32f0xx_hal_dac.c ****     [..]        
  29:Drivers/STM32F0xx_HAL_Driver/Src/stm32f0xx_hal_dac.c ****       *** DAC Channels ***
  30:Drivers/STM32F0xx_HAL_Driver/Src/stm32f0xx_hal_dac.c ****       ====================  
  31:Drivers/STM32F0xx_HAL_Driver/Src/stm32f0xx_hal_dac.c ****     [..]  
ARM GAS  C:\Users\24705\AppData\Local\Temp\ccIDpHTN.s 			page 2


  32:Drivers/STM32F0xx_HAL_Driver/Src/stm32f0xx_hal_dac.c ****     STM32F0 devices integrates no, one or two 12-bit Digital Analog Converters.
  33:Drivers/STM32F0xx_HAL_Driver/Src/stm32f0xx_hal_dac.c ****     STM32F05x devices have one converter (channel1)
  34:Drivers/STM32F0xx_HAL_Driver/Src/stm32f0xx_hal_dac.c ****     STM32F07x & STM32F09x devices have two converters (i.e. channel1 & channel2)
  35:Drivers/STM32F0xx_HAL_Driver/Src/stm32f0xx_hal_dac.c **** 
  36:Drivers/STM32F0xx_HAL_Driver/Src/stm32f0xx_hal_dac.c ****     When 2 converters are present (i.e. channel1 & channel2)  they 
  37:Drivers/STM32F0xx_HAL_Driver/Src/stm32f0xx_hal_dac.c ****     can be used independently or simultaneously (dual mode):
  38:Drivers/STM32F0xx_HAL_Driver/Src/stm32f0xx_hal_dac.c ****       (#) DAC channel1 with DAC_OUT1 (PA4) as output
  39:Drivers/STM32F0xx_HAL_Driver/Src/stm32f0xx_hal_dac.c ****       (#) DAC channel2 with DAC_OUT2 (PA5) as output
  40:Drivers/STM32F0xx_HAL_Driver/Src/stm32f0xx_hal_dac.c ****       
  41:Drivers/STM32F0xx_HAL_Driver/Src/stm32f0xx_hal_dac.c ****       *** DAC Triggers ***
  42:Drivers/STM32F0xx_HAL_Driver/Src/stm32f0xx_hal_dac.c ****       ====================
  43:Drivers/STM32F0xx_HAL_Driver/Src/stm32f0xx_hal_dac.c ****     [..]
  44:Drivers/STM32F0xx_HAL_Driver/Src/stm32f0xx_hal_dac.c ****     Digital to Analog conversion can be non-triggered using DAC_TRIGGER_NONE
  45:Drivers/STM32F0xx_HAL_Driver/Src/stm32f0xx_hal_dac.c ****     and DAC_OUT1/DAC_OUT2 is available once writing to DHRx register. 
  46:Drivers/STM32F0xx_HAL_Driver/Src/stm32f0xx_hal_dac.c ****     [..] 
  47:Drivers/STM32F0xx_HAL_Driver/Src/stm32f0xx_hal_dac.c ****     Digital to Analog conversion can be triggered by:
  48:Drivers/STM32F0xx_HAL_Driver/Src/stm32f0xx_hal_dac.c ****       (#) External event: EXTI Line 9 (any GPIOx_PIN_9) using DAC_TRIGGER_EXT_IT9.
  49:Drivers/STM32F0xx_HAL_Driver/Src/stm32f0xx_hal_dac.c ****           The used pin (GPIOx_PIN_9) must be configured in input mode.
  50:Drivers/STM32F0xx_HAL_Driver/Src/stm32f0xx_hal_dac.c ****   
  51:Drivers/STM32F0xx_HAL_Driver/Src/stm32f0xx_hal_dac.c ****       (#) Timers TRGO: TIM2, TIM3, TIM6, and TIM15 
  52:Drivers/STM32F0xx_HAL_Driver/Src/stm32f0xx_hal_dac.c ****           (DAC_TRIGGER_T2_TRGO, DAC_TRIGGER_T3_TRGO...)
  53:Drivers/STM32F0xx_HAL_Driver/Src/stm32f0xx_hal_dac.c ****   
  54:Drivers/STM32F0xx_HAL_Driver/Src/stm32f0xx_hal_dac.c ****       (#) Software using DAC_TRIGGER_SOFTWARE
  55:Drivers/STM32F0xx_HAL_Driver/Src/stm32f0xx_hal_dac.c ****   
  56:Drivers/STM32F0xx_HAL_Driver/Src/stm32f0xx_hal_dac.c ****       *** DAC Buffer mode feature ***
  57:Drivers/STM32F0xx_HAL_Driver/Src/stm32f0xx_hal_dac.c ****       =============================== 
  58:Drivers/STM32F0xx_HAL_Driver/Src/stm32f0xx_hal_dac.c ****       [..] 
  59:Drivers/STM32F0xx_HAL_Driver/Src/stm32f0xx_hal_dac.c ****       Each DAC channel integrates an output buffer that can be used to 
  60:Drivers/STM32F0xx_HAL_Driver/Src/stm32f0xx_hal_dac.c ****       reduce the output impedance, and to drive external loads directly
  61:Drivers/STM32F0xx_HAL_Driver/Src/stm32f0xx_hal_dac.c ****       without having to add an external operational amplifier.
  62:Drivers/STM32F0xx_HAL_Driver/Src/stm32f0xx_hal_dac.c ****       To enable, the output buffer use  
  63:Drivers/STM32F0xx_HAL_Driver/Src/stm32f0xx_hal_dac.c ****       sConfig.DAC_OutputBuffer = DAC_OUTPUTBUFFER_ENABLE;
  64:Drivers/STM32F0xx_HAL_Driver/Src/stm32f0xx_hal_dac.c ****       [..]           
  65:Drivers/STM32F0xx_HAL_Driver/Src/stm32f0xx_hal_dac.c ****       (@) Refer to the device datasheet for more details about output 
  66:Drivers/STM32F0xx_HAL_Driver/Src/stm32f0xx_hal_dac.c ****           impedance value with and without output buffer.
  67:Drivers/STM32F0xx_HAL_Driver/Src/stm32f0xx_hal_dac.c **** 
  68:Drivers/STM32F0xx_HAL_Driver/Src/stm32f0xx_hal_dac.c ****       *** GPIO configurations guidelines ***
  69:Drivers/STM32F0xx_HAL_Driver/Src/stm32f0xx_hal_dac.c ****       =====================
  70:Drivers/STM32F0xx_HAL_Driver/Src/stm32f0xx_hal_dac.c ****       [..] 
  71:Drivers/STM32F0xx_HAL_Driver/Src/stm32f0xx_hal_dac.c ****       When a DAC channel is used (ex channel1 on PA4) and the other is not 
  72:Drivers/STM32F0xx_HAL_Driver/Src/stm32f0xx_hal_dac.c ****       (ex channel1 on PA5 is configured in Analog and disabled).
  73:Drivers/STM32F0xx_HAL_Driver/Src/stm32f0xx_hal_dac.c ****       Channel1 may disturb channel2 as coupling effect.
  74:Drivers/STM32F0xx_HAL_Driver/Src/stm32f0xx_hal_dac.c ****       Note that there is no coupling on channel2 as soon as channel2 is turned on.
  75:Drivers/STM32F0xx_HAL_Driver/Src/stm32f0xx_hal_dac.c ****       Coupling on adjacent channel could be avoided as follows:
  76:Drivers/STM32F0xx_HAL_Driver/Src/stm32f0xx_hal_dac.c ****       when unused PA5 is configured as INPUT PULL-UP or DOWN. 
  77:Drivers/STM32F0xx_HAL_Driver/Src/stm32f0xx_hal_dac.c ****       PA5 is configured in ANALOG just before it is turned on.     
  78:Drivers/STM32F0xx_HAL_Driver/Src/stm32f0xx_hal_dac.c ****             
  79:Drivers/STM32F0xx_HAL_Driver/Src/stm32f0xx_hal_dac.c ****        *** DAC wave generation feature ***
  80:Drivers/STM32F0xx_HAL_Driver/Src/stm32f0xx_hal_dac.c ****        =================================== 
  81:Drivers/STM32F0xx_HAL_Driver/Src/stm32f0xx_hal_dac.c ****        [..]     
  82:Drivers/STM32F0xx_HAL_Driver/Src/stm32f0xx_hal_dac.c ****        Both DAC channels can be used to generate
  83:Drivers/STM32F0xx_HAL_Driver/Src/stm32f0xx_hal_dac.c ****          (#) Noise wave 
  84:Drivers/STM32F0xx_HAL_Driver/Src/stm32f0xx_hal_dac.c ****          (#) Triangle wave
  85:Drivers/STM32F0xx_HAL_Driver/Src/stm32f0xx_hal_dac.c ****             
  86:Drivers/STM32F0xx_HAL_Driver/Src/stm32f0xx_hal_dac.c ****        *** DAC data format ***
  87:Drivers/STM32F0xx_HAL_Driver/Src/stm32f0xx_hal_dac.c ****        =======================
  88:Drivers/STM32F0xx_HAL_Driver/Src/stm32f0xx_hal_dac.c ****        [..]   
ARM GAS  C:\Users\24705\AppData\Local\Temp\ccIDpHTN.s 			page 3


  89:Drivers/STM32F0xx_HAL_Driver/Src/stm32f0xx_hal_dac.c ****        The DAC data format can be:
  90:Drivers/STM32F0xx_HAL_Driver/Src/stm32f0xx_hal_dac.c ****          (#) 8-bit right alignment using DAC_ALIGN_8B_R
  91:Drivers/STM32F0xx_HAL_Driver/Src/stm32f0xx_hal_dac.c ****          (#) 12-bit left alignment using DAC_ALIGN_12B_L
  92:Drivers/STM32F0xx_HAL_Driver/Src/stm32f0xx_hal_dac.c ****          (#) 12-bit right alignment using DAC_ALIGN_12B_R
  93:Drivers/STM32F0xx_HAL_Driver/Src/stm32f0xx_hal_dac.c ****   
  94:Drivers/STM32F0xx_HAL_Driver/Src/stm32f0xx_hal_dac.c ****        *** DAC data value to voltage correspondence ***  
  95:Drivers/STM32F0xx_HAL_Driver/Src/stm32f0xx_hal_dac.c ****        ================================================ 
  96:Drivers/STM32F0xx_HAL_Driver/Src/stm32f0xx_hal_dac.c ****        [..] 
  97:Drivers/STM32F0xx_HAL_Driver/Src/stm32f0xx_hal_dac.c ****        The analog output voltage on each DAC channel pin is determined
  98:Drivers/STM32F0xx_HAL_Driver/Src/stm32f0xx_hal_dac.c ****        by the following equation: 
  99:Drivers/STM32F0xx_HAL_Driver/Src/stm32f0xx_hal_dac.c ****        [..]
 100:Drivers/STM32F0xx_HAL_Driver/Src/stm32f0xx_hal_dac.c ****        DAC_OUTx = VREF+ * DOR / 4095
 101:Drivers/STM32F0xx_HAL_Driver/Src/stm32f0xx_hal_dac.c ****        (+) with  DOR is the Data Output Register
 102:Drivers/STM32F0xx_HAL_Driver/Src/stm32f0xx_hal_dac.c ****        [..]
 103:Drivers/STM32F0xx_HAL_Driver/Src/stm32f0xx_hal_dac.c ****           VEF+ is the input voltage reference (refer to the device datasheet)
 104:Drivers/STM32F0xx_HAL_Driver/Src/stm32f0xx_hal_dac.c ****        [..]
 105:Drivers/STM32F0xx_HAL_Driver/Src/stm32f0xx_hal_dac.c ****         e.g. To set DAC_OUT1 to 0.7V, use
 106:Drivers/STM32F0xx_HAL_Driver/Src/stm32f0xx_hal_dac.c ****        (+) Assuming that VREF+ = 3.3V, DAC_OUT1 = (3.3 * 868) / 4095 = 0.7V
 107:Drivers/STM32F0xx_HAL_Driver/Src/stm32f0xx_hal_dac.c ****   
 108:Drivers/STM32F0xx_HAL_Driver/Src/stm32f0xx_hal_dac.c ****        *** DMA requests  ***
 109:Drivers/STM32F0xx_HAL_Driver/Src/stm32f0xx_hal_dac.c ****        =====================
 110:Drivers/STM32F0xx_HAL_Driver/Src/stm32f0xx_hal_dac.c ****        [..]    
 111:Drivers/STM32F0xx_HAL_Driver/Src/stm32f0xx_hal_dac.c ****        A DMA1 request can be generated when an external trigger (but not
 112:Drivers/STM32F0xx_HAL_Driver/Src/stm32f0xx_hal_dac.c ****        a software trigger) occurs if DMA1 requests are enabled using
 113:Drivers/STM32F0xx_HAL_Driver/Src/stm32f0xx_hal_dac.c ****        HAL_DAC_Start_DMA()
 114:Drivers/STM32F0xx_HAL_Driver/Src/stm32f0xx_hal_dac.c ****        [..]
 115:Drivers/STM32F0xx_HAL_Driver/Src/stm32f0xx_hal_dac.c ****        DMA1 requests are mapped as following:
 116:Drivers/STM32F0xx_HAL_Driver/Src/stm32f0xx_hal_dac.c ****          (#) DAC channel1 : mapped on DMA1 channel3 which must be 
 117:Drivers/STM32F0xx_HAL_Driver/Src/stm32f0xx_hal_dac.c ****              already configured
 118:Drivers/STM32F0xx_HAL_Driver/Src/stm32f0xx_hal_dac.c ****          (#) DAC channel2 : mapped on DMA1 channel4 which must be 
 119:Drivers/STM32F0xx_HAL_Driver/Src/stm32f0xx_hal_dac.c ****              already configured
 120:Drivers/STM32F0xx_HAL_Driver/Src/stm32f0xx_hal_dac.c ****        
 121:Drivers/STM32F0xx_HAL_Driver/Src/stm32f0xx_hal_dac.c ****     (@) For Dual mode and specific signal (Triangle and noise) generation please 
 122:Drivers/STM32F0xx_HAL_Driver/Src/stm32f0xx_hal_dac.c ****         refer to Extended Features Driver description        
 123:Drivers/STM32F0xx_HAL_Driver/Src/stm32f0xx_hal_dac.c ****         STM32F0 devices with one channel (one converting capability) does not
 124:Drivers/STM32F0xx_HAL_Driver/Src/stm32f0xx_hal_dac.c ****         support Dual mode and specific signal (Triangle and noise) generation.
 125:Drivers/STM32F0xx_HAL_Driver/Src/stm32f0xx_hal_dac.c ****       
 126:Drivers/STM32F0xx_HAL_Driver/Src/stm32f0xx_hal_dac.c ****                       ##### How to use this driver #####
 127:Drivers/STM32F0xx_HAL_Driver/Src/stm32f0xx_hal_dac.c ****   ==============================================================================
 128:Drivers/STM32F0xx_HAL_Driver/Src/stm32f0xx_hal_dac.c ****     [..]          
 129:Drivers/STM32F0xx_HAL_Driver/Src/stm32f0xx_hal_dac.c ****       (+) DAC APB clock must be enabled to get write access to DAC
 130:Drivers/STM32F0xx_HAL_Driver/Src/stm32f0xx_hal_dac.c ****           registers using HAL_DAC_Init()
 131:Drivers/STM32F0xx_HAL_Driver/Src/stm32f0xx_hal_dac.c ****       (+) Configure DAC_OUTx (DAC_OUT1: PA4, DAC_OUT2: PA5) in analog mode.
 132:Drivers/STM32F0xx_HAL_Driver/Src/stm32f0xx_hal_dac.c ****       (+) Configure the DAC channel using HAL_DAC_ConfigChannel() function.
 133:Drivers/STM32F0xx_HAL_Driver/Src/stm32f0xx_hal_dac.c ****       (+) Enable the DAC channel using HAL_DAC_Start() or HAL_DAC_Start_DMA() functions.
 134:Drivers/STM32F0xx_HAL_Driver/Src/stm32f0xx_hal_dac.c **** 
 135:Drivers/STM32F0xx_HAL_Driver/Src/stm32f0xx_hal_dac.c ****      *** Polling mode IO operation ***
 136:Drivers/STM32F0xx_HAL_Driver/Src/stm32f0xx_hal_dac.c ****      =================================
 137:Drivers/STM32F0xx_HAL_Driver/Src/stm32f0xx_hal_dac.c ****      [..]    
 138:Drivers/STM32F0xx_HAL_Driver/Src/stm32f0xx_hal_dac.c ****        (+) Start the DAC peripheral using HAL_DAC_Start() 
 139:Drivers/STM32F0xx_HAL_Driver/Src/stm32f0xx_hal_dac.c ****        (+) To read the DAC last data output value, use the HAL_DAC_GetValue() function.
 140:Drivers/STM32F0xx_HAL_Driver/Src/stm32f0xx_hal_dac.c ****        (+) Stop the DAC peripheral using HAL_DAC_Stop()
 141:Drivers/STM32F0xx_HAL_Driver/Src/stm32f0xx_hal_dac.c ****        
 142:Drivers/STM32F0xx_HAL_Driver/Src/stm32f0xx_hal_dac.c ****      *** DMA mode IO operation ***    
 143:Drivers/STM32F0xx_HAL_Driver/Src/stm32f0xx_hal_dac.c ****      ==============================
 144:Drivers/STM32F0xx_HAL_Driver/Src/stm32f0xx_hal_dac.c ****      [..]    
 145:Drivers/STM32F0xx_HAL_Driver/Src/stm32f0xx_hal_dac.c ****        (+) Start the DAC peripheral using HAL_DAC_Start_DMA(), at this stage the user specify the l
ARM GAS  C:\Users\24705\AppData\Local\Temp\ccIDpHTN.s 			page 4


 146:Drivers/STM32F0xx_HAL_Driver/Src/stm32f0xx_hal_dac.c ****            of data to be transferred at each end of conversion
 147:Drivers/STM32F0xx_HAL_Driver/Src/stm32f0xx_hal_dac.c ****        (+) At the middle of data transfer HAL_DAC_ConvHalfCpltCallbackCh1() or HAL_DACEx_ConvHalfCp
 148:Drivers/STM32F0xx_HAL_Driver/Src/stm32f0xx_hal_dac.c ****            function is executed and user can add his own code by customization of function pointer 
 149:Drivers/STM32F0xx_HAL_Driver/Src/stm32f0xx_hal_dac.c ****            HAL_DAC_ConvHalfCpltCallbackCh1() or HAL_DACEx_ConvHalfCpltCallbackCh2()
 150:Drivers/STM32F0xx_HAL_Driver/Src/stm32f0xx_hal_dac.c ****        (+) At The end of data transfer HAL_DAC_ConvCpltCallbackCh1() or HAL_DACEx_ConvHalfCpltCallb
 151:Drivers/STM32F0xx_HAL_Driver/Src/stm32f0xx_hal_dac.c ****            function is executed and user can add his own code by customization of function pointer 
 152:Drivers/STM32F0xx_HAL_Driver/Src/stm32f0xx_hal_dac.c ****            HAL_DAC_ConvCpltCallbackCh1() or HAL_DACEx_ConvHalfCpltCallbackCh2()
 153:Drivers/STM32F0xx_HAL_Driver/Src/stm32f0xx_hal_dac.c ****        (+) In case of transfer Error, HAL_DAC_ErrorCallbackCh1() function is executed and user can 
 154:Drivers/STM32F0xx_HAL_Driver/Src/stm32f0xx_hal_dac.c ****             add his own code by customization of function pointer HAL_DAC_ErrorCallbackCh1
 155:Drivers/STM32F0xx_HAL_Driver/Src/stm32f0xx_hal_dac.c ****        (+) In case of DMA underrun, DAC interruption triggers and execute internal function HAL_DAC
 156:Drivers/STM32F0xx_HAL_Driver/Src/stm32f0xx_hal_dac.c ****            HAL_DAC_DMAUnderrunCallbackCh1() or HAL_DACEx_DMAUnderrunCallbackCh2()  
 157:Drivers/STM32F0xx_HAL_Driver/Src/stm32f0xx_hal_dac.c ****            function is executed and user can add his own code by customization of function pointer 
 158:Drivers/STM32F0xx_HAL_Driver/Src/stm32f0xx_hal_dac.c ****            HAL_DAC_DMAUnderrunCallbackCh1() or HAL_DACEx_DMAUnderrunCallbackCh2() and
 159:Drivers/STM32F0xx_HAL_Driver/Src/stm32f0xx_hal_dac.c ****            add his own code by customization of function pointer HAL_DAC_ErrorCallbackCh1()
 160:Drivers/STM32F0xx_HAL_Driver/Src/stm32f0xx_hal_dac.c ****        (+) Stop the DAC peripheral using HAL_DAC_Stop_DMA()
 161:Drivers/STM32F0xx_HAL_Driver/Src/stm32f0xx_hal_dac.c **** 
 162:Drivers/STM32F0xx_HAL_Driver/Src/stm32f0xx_hal_dac.c ****     *** Callback registration ***
 163:Drivers/STM32F0xx_HAL_Driver/Src/stm32f0xx_hal_dac.c ****     =============================================
 164:Drivers/STM32F0xx_HAL_Driver/Src/stm32f0xx_hal_dac.c ****     [..]
 165:Drivers/STM32F0xx_HAL_Driver/Src/stm32f0xx_hal_dac.c ****       The compilation define  USE_HAL_DAC_REGISTER_CALLBACKS when set to 1
 166:Drivers/STM32F0xx_HAL_Driver/Src/stm32f0xx_hal_dac.c ****       allows the user to configure dynamically the driver callbacks.
 167:Drivers/STM32F0xx_HAL_Driver/Src/stm32f0xx_hal_dac.c **** 
 168:Drivers/STM32F0xx_HAL_Driver/Src/stm32f0xx_hal_dac.c ****     Use Functions HAL_DAC_RegisterCallback() to register a user callback,
 169:Drivers/STM32F0xx_HAL_Driver/Src/stm32f0xx_hal_dac.c ****       it allows to register following callbacks:
 170:Drivers/STM32F0xx_HAL_Driver/Src/stm32f0xx_hal_dac.c ****       (+) ConvCpltCallbackCh1     : callback when a half transfer is completed on Ch1.             
 171:Drivers/STM32F0xx_HAL_Driver/Src/stm32f0xx_hal_dac.c ****       (+) ConvHalfCpltCallbackCh1 : callback when a transfer is completed on Ch1.
 172:Drivers/STM32F0xx_HAL_Driver/Src/stm32f0xx_hal_dac.c ****       (+) ErrorCallbackCh1        : callback when an error occurs on Ch1.
 173:Drivers/STM32F0xx_HAL_Driver/Src/stm32f0xx_hal_dac.c ****       (+) DMAUnderrunCallbackCh1  : callback when an error occurs on Ch1.
 174:Drivers/STM32F0xx_HAL_Driver/Src/stm32f0xx_hal_dac.c ****       (+) ConvCpltCallbackCh2     : callback when a half transfer is completed on Ch2.   
 175:Drivers/STM32F0xx_HAL_Driver/Src/stm32f0xx_hal_dac.c ****       (+) ConvHalfCpltCallbackCh2 : callback when a transfer is completed on Ch2.        
 176:Drivers/STM32F0xx_HAL_Driver/Src/stm32f0xx_hal_dac.c ****       (+) ErrorCallbackCh2        : callback when an error occurs on Ch2.                
 177:Drivers/STM32F0xx_HAL_Driver/Src/stm32f0xx_hal_dac.c ****       (+) DMAUnderrunCallbackCh2  : callback when an error occurs on Ch2.                
 178:Drivers/STM32F0xx_HAL_Driver/Src/stm32f0xx_hal_dac.c ****       (+) MspInitCallback         : DAC MspInit.  
 179:Drivers/STM32F0xx_HAL_Driver/Src/stm32f0xx_hal_dac.c ****       (+) MspDeInitCallback       : DAC MspdeInit.
 180:Drivers/STM32F0xx_HAL_Driver/Src/stm32f0xx_hal_dac.c ****       This function takes as parameters the HAL peripheral handle, the Callback ID
 181:Drivers/STM32F0xx_HAL_Driver/Src/stm32f0xx_hal_dac.c ****       and a pointer to the user callback function.
 182:Drivers/STM32F0xx_HAL_Driver/Src/stm32f0xx_hal_dac.c **** 
 183:Drivers/STM32F0xx_HAL_Driver/Src/stm32f0xx_hal_dac.c ****     Use function HAL_DAC_UnRegisterCallback() to reset a callback to the default
 184:Drivers/STM32F0xx_HAL_Driver/Src/stm32f0xx_hal_dac.c ****       weak (surcharged) function. It allows to reset following callbacks:
 185:Drivers/STM32F0xx_HAL_Driver/Src/stm32f0xx_hal_dac.c ****       (+) ConvCpltCallbackCh1     : callback when a half transfer is completed on Ch1.             
 186:Drivers/STM32F0xx_HAL_Driver/Src/stm32f0xx_hal_dac.c ****       (+) ConvHalfCpltCallbackCh1 : callback when a transfer is completed on Ch1.
 187:Drivers/STM32F0xx_HAL_Driver/Src/stm32f0xx_hal_dac.c ****       (+) ErrorCallbackCh1        : callback when an error occurs on Ch1.
 188:Drivers/STM32F0xx_HAL_Driver/Src/stm32f0xx_hal_dac.c ****       (+) DMAUnderrunCallbackCh1  : callback when an error occurs on Ch1.
 189:Drivers/STM32F0xx_HAL_Driver/Src/stm32f0xx_hal_dac.c ****       (+) ConvCpltCallbackCh2     : callback when a half transfer is completed on Ch2.   
 190:Drivers/STM32F0xx_HAL_Driver/Src/stm32f0xx_hal_dac.c ****       (+) ConvHalfCpltCallbackCh2 : callback when a transfer is completed on Ch2.        
 191:Drivers/STM32F0xx_HAL_Driver/Src/stm32f0xx_hal_dac.c ****       (+) ErrorCallbackCh2        : callback when an error occurs on Ch2.                
 192:Drivers/STM32F0xx_HAL_Driver/Src/stm32f0xx_hal_dac.c ****       (+) DMAUnderrunCallbackCh2  : callback when an error occurs on Ch2.                
 193:Drivers/STM32F0xx_HAL_Driver/Src/stm32f0xx_hal_dac.c ****       (+) MspInitCallback         : DAC MspInit.  
 194:Drivers/STM32F0xx_HAL_Driver/Src/stm32f0xx_hal_dac.c ****       (+) MspDeInitCallback       : DAC MspdeInit.
 195:Drivers/STM32F0xx_HAL_Driver/Src/stm32f0xx_hal_dac.c ****       (+) All Callbacks
 196:Drivers/STM32F0xx_HAL_Driver/Src/stm32f0xx_hal_dac.c ****       This function) takes as parameters the HAL peripheral handle and the Callback ID.
 197:Drivers/STM32F0xx_HAL_Driver/Src/stm32f0xx_hal_dac.c **** 
 198:Drivers/STM32F0xx_HAL_Driver/Src/stm32f0xx_hal_dac.c ****       By default, after the HAL_DAC_Init and if the state is HAL_DAC_STATE_RESET
 199:Drivers/STM32F0xx_HAL_Driver/Src/stm32f0xx_hal_dac.c ****       all callbacks are reset to the corresponding legacy weak (surcharged) functions.
 200:Drivers/STM32F0xx_HAL_Driver/Src/stm32f0xx_hal_dac.c ****       Exception done for MspInit and MspDeInit callbacks that are respectively
 201:Drivers/STM32F0xx_HAL_Driver/Src/stm32f0xx_hal_dac.c ****       reset to the legacy weak (surcharged) functions in the HAL_DAC_Init 
 202:Drivers/STM32F0xx_HAL_Driver/Src/stm32f0xx_hal_dac.c ****       and  HAL_DAC_DeInit only when these callbacks are null (not registered beforehand).
ARM GAS  C:\Users\24705\AppData\Local\Temp\ccIDpHTN.s 			page 5


 203:Drivers/STM32F0xx_HAL_Driver/Src/stm32f0xx_hal_dac.c ****       If not, MspInit or MspDeInit are not null, the HAL_DAC_Init and HAL_DAC_DeInit
 204:Drivers/STM32F0xx_HAL_Driver/Src/stm32f0xx_hal_dac.c ****       keep and use the user MspInit/MspDeInit callbacks (registered beforehand)
 205:Drivers/STM32F0xx_HAL_Driver/Src/stm32f0xx_hal_dac.c **** 
 206:Drivers/STM32F0xx_HAL_Driver/Src/stm32f0xx_hal_dac.c ****       Callbacks can be registered/unregistered in READY state only.
 207:Drivers/STM32F0xx_HAL_Driver/Src/stm32f0xx_hal_dac.c ****       Exception done for MspInit/MspDeInit callbacks that can be registered/unregistered
 208:Drivers/STM32F0xx_HAL_Driver/Src/stm32f0xx_hal_dac.c ****       in READY or RESET state, thus registered (user) MspInit/DeInit callbacks can be used
 209:Drivers/STM32F0xx_HAL_Driver/Src/stm32f0xx_hal_dac.c ****       during the Init/DeInit.
 210:Drivers/STM32F0xx_HAL_Driver/Src/stm32f0xx_hal_dac.c ****       In that case first register the MspInit/MspDeInit user callbacks
 211:Drivers/STM32F0xx_HAL_Driver/Src/stm32f0xx_hal_dac.c ****       using HAL_DAC_RegisterCallback before calling HAL_DAC_DeInit 
 212:Drivers/STM32F0xx_HAL_Driver/Src/stm32f0xx_hal_dac.c ****       or HAL_DAC_Init function.
 213:Drivers/STM32F0xx_HAL_Driver/Src/stm32f0xx_hal_dac.c **** 
 214:Drivers/STM32F0xx_HAL_Driver/Src/stm32f0xx_hal_dac.c ****       When The compilation define USE_HAL_DAC_REGISTER_CALLBACKS is set to 0 or
 215:Drivers/STM32F0xx_HAL_Driver/Src/stm32f0xx_hal_dac.c ****       not defined, the callback registering feature is not available 
 216:Drivers/STM32F0xx_HAL_Driver/Src/stm32f0xx_hal_dac.c ****       and weak (surcharged) callbacks are used.
 217:Drivers/STM32F0xx_HAL_Driver/Src/stm32f0xx_hal_dac.c **** 
 218:Drivers/STM32F0xx_HAL_Driver/Src/stm32f0xx_hal_dac.c ****      *** DAC HAL driver macros list ***
 219:Drivers/STM32F0xx_HAL_Driver/Src/stm32f0xx_hal_dac.c ****      ============================================= 
 220:Drivers/STM32F0xx_HAL_Driver/Src/stm32f0xx_hal_dac.c ****      [..]
 221:Drivers/STM32F0xx_HAL_Driver/Src/stm32f0xx_hal_dac.c ****        Below the list of most used macros in DAC HAL driver.
 222:Drivers/STM32F0xx_HAL_Driver/Src/stm32f0xx_hal_dac.c ****        
 223:Drivers/STM32F0xx_HAL_Driver/Src/stm32f0xx_hal_dac.c ****       (+) __HAL_DAC_ENABLE : Enable the DAC peripheral
 224:Drivers/STM32F0xx_HAL_Driver/Src/stm32f0xx_hal_dac.c ****       (+) __HAL_DAC_DISABLE : Disable the DAC peripheral
 225:Drivers/STM32F0xx_HAL_Driver/Src/stm32f0xx_hal_dac.c ****       (+) __HAL_DAC_CLEAR_FLAG: Clear the DAC's pending flags
 226:Drivers/STM32F0xx_HAL_Driver/Src/stm32f0xx_hal_dac.c ****       (+) __HAL_DAC_GET_FLAG: Get the selected DAC's flag status
 227:Drivers/STM32F0xx_HAL_Driver/Src/stm32f0xx_hal_dac.c ****       
 228:Drivers/STM32F0xx_HAL_Driver/Src/stm32f0xx_hal_dac.c ****      [..]
 229:Drivers/STM32F0xx_HAL_Driver/Src/stm32f0xx_hal_dac.c ****       (@) You can refer to the DAC HAL driver header file for more useful macros  
 230:Drivers/STM32F0xx_HAL_Driver/Src/stm32f0xx_hal_dac.c ****    
 231:Drivers/STM32F0xx_HAL_Driver/Src/stm32f0xx_hal_dac.c ****  @endverbatim
 232:Drivers/STM32F0xx_HAL_Driver/Src/stm32f0xx_hal_dac.c ****   ******************************************************************************
 233:Drivers/STM32F0xx_HAL_Driver/Src/stm32f0xx_hal_dac.c ****   */
 234:Drivers/STM32F0xx_HAL_Driver/Src/stm32f0xx_hal_dac.c **** 
 235:Drivers/STM32F0xx_HAL_Driver/Src/stm32f0xx_hal_dac.c **** 
 236:Drivers/STM32F0xx_HAL_Driver/Src/stm32f0xx_hal_dac.c **** /* Includes ------------------------------------------------------------------*/
 237:Drivers/STM32F0xx_HAL_Driver/Src/stm32f0xx_hal_dac.c **** #include "stm32f0xx_hal.h"
 238:Drivers/STM32F0xx_HAL_Driver/Src/stm32f0xx_hal_dac.c **** 
 239:Drivers/STM32F0xx_HAL_Driver/Src/stm32f0xx_hal_dac.c **** /** @addtogroup STM32F0xx_HAL_Driver
 240:Drivers/STM32F0xx_HAL_Driver/Src/stm32f0xx_hal_dac.c ****   * @{
 241:Drivers/STM32F0xx_HAL_Driver/Src/stm32f0xx_hal_dac.c ****   */
 242:Drivers/STM32F0xx_HAL_Driver/Src/stm32f0xx_hal_dac.c **** 
 243:Drivers/STM32F0xx_HAL_Driver/Src/stm32f0xx_hal_dac.c **** #ifdef HAL_DAC_MODULE_ENABLED
 244:Drivers/STM32F0xx_HAL_Driver/Src/stm32f0xx_hal_dac.c **** 
 245:Drivers/STM32F0xx_HAL_Driver/Src/stm32f0xx_hal_dac.c **** #if defined (DAC1)
 246:Drivers/STM32F0xx_HAL_Driver/Src/stm32f0xx_hal_dac.c **** 
 247:Drivers/STM32F0xx_HAL_Driver/Src/stm32f0xx_hal_dac.c **** /** @defgroup DAC DAC
 248:Drivers/STM32F0xx_HAL_Driver/Src/stm32f0xx_hal_dac.c ****   * @brief DAC driver modules
 249:Drivers/STM32F0xx_HAL_Driver/Src/stm32f0xx_hal_dac.c ****   * @{
 250:Drivers/STM32F0xx_HAL_Driver/Src/stm32f0xx_hal_dac.c ****   */ 
 251:Drivers/STM32F0xx_HAL_Driver/Src/stm32f0xx_hal_dac.c **** 
 252:Drivers/STM32F0xx_HAL_Driver/Src/stm32f0xx_hal_dac.c **** /* Private typedef -----------------------------------------------------------*/
 253:Drivers/STM32F0xx_HAL_Driver/Src/stm32f0xx_hal_dac.c **** /* Private define ------------------------------------------------------------*/
 254:Drivers/STM32F0xx_HAL_Driver/Src/stm32f0xx_hal_dac.c **** /* Private macro -------------------------------------------------------------*/
 255:Drivers/STM32F0xx_HAL_Driver/Src/stm32f0xx_hal_dac.c **** /** @defgroup DAC_Private_Macros DAC Private Macros
 256:Drivers/STM32F0xx_HAL_Driver/Src/stm32f0xx_hal_dac.c ****   * @{
 257:Drivers/STM32F0xx_HAL_Driver/Src/stm32f0xx_hal_dac.c ****   */
 258:Drivers/STM32F0xx_HAL_Driver/Src/stm32f0xx_hal_dac.c **** /**
 259:Drivers/STM32F0xx_HAL_Driver/Src/stm32f0xx_hal_dac.c ****   * @}
ARM GAS  C:\Users\24705\AppData\Local\Temp\ccIDpHTN.s 			page 6


 260:Drivers/STM32F0xx_HAL_Driver/Src/stm32f0xx_hal_dac.c ****   */
 261:Drivers/STM32F0xx_HAL_Driver/Src/stm32f0xx_hal_dac.c **** 
 262:Drivers/STM32F0xx_HAL_Driver/Src/stm32f0xx_hal_dac.c **** /* Private variables ---------------------------------------------------------*/
 263:Drivers/STM32F0xx_HAL_Driver/Src/stm32f0xx_hal_dac.c **** /* Private function prototypes -----------------------------------------------*/
 264:Drivers/STM32F0xx_HAL_Driver/Src/stm32f0xx_hal_dac.c **** /** @defgroup DAC_Private_Functions DAC Private Functions
 265:Drivers/STM32F0xx_HAL_Driver/Src/stm32f0xx_hal_dac.c ****   * @{
 266:Drivers/STM32F0xx_HAL_Driver/Src/stm32f0xx_hal_dac.c ****   */
 267:Drivers/STM32F0xx_HAL_Driver/Src/stm32f0xx_hal_dac.c **** /**
 268:Drivers/STM32F0xx_HAL_Driver/Src/stm32f0xx_hal_dac.c ****   * @}
 269:Drivers/STM32F0xx_HAL_Driver/Src/stm32f0xx_hal_dac.c ****   */
 270:Drivers/STM32F0xx_HAL_Driver/Src/stm32f0xx_hal_dac.c **** 
 271:Drivers/STM32F0xx_HAL_Driver/Src/stm32f0xx_hal_dac.c **** /* Exported functions -------------------------------------------------------*/
 272:Drivers/STM32F0xx_HAL_Driver/Src/stm32f0xx_hal_dac.c **** 
 273:Drivers/STM32F0xx_HAL_Driver/Src/stm32f0xx_hal_dac.c **** /** @defgroup DAC_Exported_Functions DAC Exported Functions
 274:Drivers/STM32F0xx_HAL_Driver/Src/stm32f0xx_hal_dac.c ****   * @{
 275:Drivers/STM32F0xx_HAL_Driver/Src/stm32f0xx_hal_dac.c ****   */
 276:Drivers/STM32F0xx_HAL_Driver/Src/stm32f0xx_hal_dac.c **** 
 277:Drivers/STM32F0xx_HAL_Driver/Src/stm32f0xx_hal_dac.c **** /** @defgroup DAC_Exported_Functions_Group1 Initialization and de-initialization functions 
 278:Drivers/STM32F0xx_HAL_Driver/Src/stm32f0xx_hal_dac.c ****  *  @brief    Initialization and Configuration functions 
 279:Drivers/STM32F0xx_HAL_Driver/Src/stm32f0xx_hal_dac.c ****  *
 280:Drivers/STM32F0xx_HAL_Driver/Src/stm32f0xx_hal_dac.c **** @verbatim    
 281:Drivers/STM32F0xx_HAL_Driver/Src/stm32f0xx_hal_dac.c ****   ==============================================================================
 282:Drivers/STM32F0xx_HAL_Driver/Src/stm32f0xx_hal_dac.c ****               ##### Initialization and de-initialization functions #####
 283:Drivers/STM32F0xx_HAL_Driver/Src/stm32f0xx_hal_dac.c ****   ==============================================================================
 284:Drivers/STM32F0xx_HAL_Driver/Src/stm32f0xx_hal_dac.c ****     [..]  This section provides functions allowing to:
 285:Drivers/STM32F0xx_HAL_Driver/Src/stm32f0xx_hal_dac.c ****       (+) Initialize and configure the DAC. 
 286:Drivers/STM32F0xx_HAL_Driver/Src/stm32f0xx_hal_dac.c ****       (+) De-initialize the DAC. 
 287:Drivers/STM32F0xx_HAL_Driver/Src/stm32f0xx_hal_dac.c ****          
 288:Drivers/STM32F0xx_HAL_Driver/Src/stm32f0xx_hal_dac.c **** @endverbatim
 289:Drivers/STM32F0xx_HAL_Driver/Src/stm32f0xx_hal_dac.c ****   * @{
 290:Drivers/STM32F0xx_HAL_Driver/Src/stm32f0xx_hal_dac.c ****   */
 291:Drivers/STM32F0xx_HAL_Driver/Src/stm32f0xx_hal_dac.c **** 
 292:Drivers/STM32F0xx_HAL_Driver/Src/stm32f0xx_hal_dac.c **** /**
 293:Drivers/STM32F0xx_HAL_Driver/Src/stm32f0xx_hal_dac.c ****   * @brief  Initialize the DAC peripheral according to the specified parameters
 294:Drivers/STM32F0xx_HAL_Driver/Src/stm32f0xx_hal_dac.c ****   *         in the DAC_InitStruct and initialize the associated handle.
 295:Drivers/STM32F0xx_HAL_Driver/Src/stm32f0xx_hal_dac.c ****   * @param  hdac pointer to a DAC_HandleTypeDef structure that contains
 296:Drivers/STM32F0xx_HAL_Driver/Src/stm32f0xx_hal_dac.c ****   *         the configuration information for the specified DAC.
 297:Drivers/STM32F0xx_HAL_Driver/Src/stm32f0xx_hal_dac.c ****   * @retval HAL status
 298:Drivers/STM32F0xx_HAL_Driver/Src/stm32f0xx_hal_dac.c ****   */
 299:Drivers/STM32F0xx_HAL_Driver/Src/stm32f0xx_hal_dac.c **** HAL_StatusTypeDef HAL_DAC_Init(DAC_HandleTypeDef* hdac)
 300:Drivers/STM32F0xx_HAL_Driver/Src/stm32f0xx_hal_dac.c **** { 
 301:Drivers/STM32F0xx_HAL_Driver/Src/stm32f0xx_hal_dac.c ****   /* Check DAC handle */
 302:Drivers/STM32F0xx_HAL_Driver/Src/stm32f0xx_hal_dac.c ****   if(hdac == NULL)
 303:Drivers/STM32F0xx_HAL_Driver/Src/stm32f0xx_hal_dac.c ****   {
 304:Drivers/STM32F0xx_HAL_Driver/Src/stm32f0xx_hal_dac.c ****      return HAL_ERROR;
 305:Drivers/STM32F0xx_HAL_Driver/Src/stm32f0xx_hal_dac.c ****   }
 306:Drivers/STM32F0xx_HAL_Driver/Src/stm32f0xx_hal_dac.c ****   /* Check the parameters */
 307:Drivers/STM32F0xx_HAL_Driver/Src/stm32f0xx_hal_dac.c ****   assert_param(IS_DAC_ALL_INSTANCE(hdac->Instance));
 308:Drivers/STM32F0xx_HAL_Driver/Src/stm32f0xx_hal_dac.c ****   
 309:Drivers/STM32F0xx_HAL_Driver/Src/stm32f0xx_hal_dac.c ****   if (hdac->State == HAL_DAC_STATE_RESET)
 310:Drivers/STM32F0xx_HAL_Driver/Src/stm32f0xx_hal_dac.c ****   {
 311:Drivers/STM32F0xx_HAL_Driver/Src/stm32f0xx_hal_dac.c **** #if (USE_HAL_DAC_REGISTER_CALLBACKS == 1)
 312:Drivers/STM32F0xx_HAL_Driver/Src/stm32f0xx_hal_dac.c ****     /* Init the DAC Callback settings */
 313:Drivers/STM32F0xx_HAL_Driver/Src/stm32f0xx_hal_dac.c ****     hdac->ConvCpltCallbackCh1           = HAL_DAC_ConvCpltCallbackCh1;
 314:Drivers/STM32F0xx_HAL_Driver/Src/stm32f0xx_hal_dac.c ****     hdac->ConvHalfCpltCallbackCh1       = HAL_DAC_ConvHalfCpltCallbackCh1;
 315:Drivers/STM32F0xx_HAL_Driver/Src/stm32f0xx_hal_dac.c ****     hdac->ErrorCallbackCh1              = HAL_DAC_ErrorCallbackCh1;
 316:Drivers/STM32F0xx_HAL_Driver/Src/stm32f0xx_hal_dac.c ****     hdac->DMAUnderrunCallbackCh1        = HAL_DAC_DMAUnderrunCallbackCh1;
ARM GAS  C:\Users\24705\AppData\Local\Temp\ccIDpHTN.s 			page 7


 317:Drivers/STM32F0xx_HAL_Driver/Src/stm32f0xx_hal_dac.c **** 
 318:Drivers/STM32F0xx_HAL_Driver/Src/stm32f0xx_hal_dac.c ****     hdac->ConvCpltCallbackCh2           = HAL_DACEx_ConvCpltCallbackCh2;
 319:Drivers/STM32F0xx_HAL_Driver/Src/stm32f0xx_hal_dac.c ****     hdac->ConvHalfCpltCallbackCh2       = HAL_DACEx_ConvHalfCpltCallbackCh2;
 320:Drivers/STM32F0xx_HAL_Driver/Src/stm32f0xx_hal_dac.c ****     hdac->ErrorCallbackCh2              = HAL_DACEx_ErrorCallbackCh2;
 321:Drivers/STM32F0xx_HAL_Driver/Src/stm32f0xx_hal_dac.c ****     hdac->DMAUnderrunCallbackCh2        = HAL_DACEx_DMAUnderrunCallbackCh2;
 322:Drivers/STM32F0xx_HAL_Driver/Src/stm32f0xx_hal_dac.c **** 
 323:Drivers/STM32F0xx_HAL_Driver/Src/stm32f0xx_hal_dac.c ****     if (hdac->MspInitCallback == NULL)
 324:Drivers/STM32F0xx_HAL_Driver/Src/stm32f0xx_hal_dac.c ****     {
 325:Drivers/STM32F0xx_HAL_Driver/Src/stm32f0xx_hal_dac.c ****       hdac->MspInitCallback             = HAL_DAC_MspInit;
 326:Drivers/STM32F0xx_HAL_Driver/Src/stm32f0xx_hal_dac.c ****     }
 327:Drivers/STM32F0xx_HAL_Driver/Src/stm32f0xx_hal_dac.c **** #endif /* USE_HAL_DAC_REGISTER_CALLBACKS */
 328:Drivers/STM32F0xx_HAL_Driver/Src/stm32f0xx_hal_dac.c **** 
 329:Drivers/STM32F0xx_HAL_Driver/Src/stm32f0xx_hal_dac.c ****     /* Allocate lock resource and initialize it */
 330:Drivers/STM32F0xx_HAL_Driver/Src/stm32f0xx_hal_dac.c ****     hdac->Lock = HAL_UNLOCKED;
 331:Drivers/STM32F0xx_HAL_Driver/Src/stm32f0xx_hal_dac.c **** 
 332:Drivers/STM32F0xx_HAL_Driver/Src/stm32f0xx_hal_dac.c **** #if (USE_HAL_DAC_REGISTER_CALLBACKS == 1)
 333:Drivers/STM32F0xx_HAL_Driver/Src/stm32f0xx_hal_dac.c ****     /* Init the low level hardware */
 334:Drivers/STM32F0xx_HAL_Driver/Src/stm32f0xx_hal_dac.c ****     hdac->MspInitCallback(hdac);
 335:Drivers/STM32F0xx_HAL_Driver/Src/stm32f0xx_hal_dac.c **** #else
 336:Drivers/STM32F0xx_HAL_Driver/Src/stm32f0xx_hal_dac.c ****     /* Init the low level hardware */
 337:Drivers/STM32F0xx_HAL_Driver/Src/stm32f0xx_hal_dac.c ****     HAL_DAC_MspInit(hdac);
 338:Drivers/STM32F0xx_HAL_Driver/Src/stm32f0xx_hal_dac.c **** #endif /* USE_HAL_DAC_REGISTER_CALLBACKS */
 339:Drivers/STM32F0xx_HAL_Driver/Src/stm32f0xx_hal_dac.c ****   }
 340:Drivers/STM32F0xx_HAL_Driver/Src/stm32f0xx_hal_dac.c ****   
 341:Drivers/STM32F0xx_HAL_Driver/Src/stm32f0xx_hal_dac.c ****   /* Initialize the DAC state*/
 342:Drivers/STM32F0xx_HAL_Driver/Src/stm32f0xx_hal_dac.c ****   hdac->State = HAL_DAC_STATE_BUSY;
 343:Drivers/STM32F0xx_HAL_Driver/Src/stm32f0xx_hal_dac.c ****   
 344:Drivers/STM32F0xx_HAL_Driver/Src/stm32f0xx_hal_dac.c ****   /* Set DAC error code to none */
 345:Drivers/STM32F0xx_HAL_Driver/Src/stm32f0xx_hal_dac.c ****   hdac->ErrorCode = HAL_DAC_ERROR_NONE;
 346:Drivers/STM32F0xx_HAL_Driver/Src/stm32f0xx_hal_dac.c ****   
 347:Drivers/STM32F0xx_HAL_Driver/Src/stm32f0xx_hal_dac.c ****   /* Initialize the DAC state*/
 348:Drivers/STM32F0xx_HAL_Driver/Src/stm32f0xx_hal_dac.c ****   hdac->State = HAL_DAC_STATE_READY;
 349:Drivers/STM32F0xx_HAL_Driver/Src/stm32f0xx_hal_dac.c ****   
 350:Drivers/STM32F0xx_HAL_Driver/Src/stm32f0xx_hal_dac.c ****   /* Return function status */
 351:Drivers/STM32F0xx_HAL_Driver/Src/stm32f0xx_hal_dac.c ****   return HAL_OK;
 352:Drivers/STM32F0xx_HAL_Driver/Src/stm32f0xx_hal_dac.c **** }
 353:Drivers/STM32F0xx_HAL_Driver/Src/stm32f0xx_hal_dac.c **** 
 354:Drivers/STM32F0xx_HAL_Driver/Src/stm32f0xx_hal_dac.c **** /**
 355:Drivers/STM32F0xx_HAL_Driver/Src/stm32f0xx_hal_dac.c ****   * @brief  Deinitialize the DAC peripheral registers to their default reset values.
 356:Drivers/STM32F0xx_HAL_Driver/Src/stm32f0xx_hal_dac.c ****   * @param  hdac pointer to a DAC_HandleTypeDef structure that contains
 357:Drivers/STM32F0xx_HAL_Driver/Src/stm32f0xx_hal_dac.c ****   *         the configuration information for the specified DAC.
 358:Drivers/STM32F0xx_HAL_Driver/Src/stm32f0xx_hal_dac.c ****   * @retval HAL status
 359:Drivers/STM32F0xx_HAL_Driver/Src/stm32f0xx_hal_dac.c ****   */
 360:Drivers/STM32F0xx_HAL_Driver/Src/stm32f0xx_hal_dac.c **** HAL_StatusTypeDef HAL_DAC_DeInit(DAC_HandleTypeDef* hdac)
 361:Drivers/STM32F0xx_HAL_Driver/Src/stm32f0xx_hal_dac.c **** {
 362:Drivers/STM32F0xx_HAL_Driver/Src/stm32f0xx_hal_dac.c ****   /* Check DAC handle */
 363:Drivers/STM32F0xx_HAL_Driver/Src/stm32f0xx_hal_dac.c ****   if(hdac == NULL)
 364:Drivers/STM32F0xx_HAL_Driver/Src/stm32f0xx_hal_dac.c ****   {
 365:Drivers/STM32F0xx_HAL_Driver/Src/stm32f0xx_hal_dac.c ****      return HAL_ERROR;
 366:Drivers/STM32F0xx_HAL_Driver/Src/stm32f0xx_hal_dac.c ****   }
 367:Drivers/STM32F0xx_HAL_Driver/Src/stm32f0xx_hal_dac.c **** 
 368:Drivers/STM32F0xx_HAL_Driver/Src/stm32f0xx_hal_dac.c ****   /* Check the parameters */
 369:Drivers/STM32F0xx_HAL_Driver/Src/stm32f0xx_hal_dac.c ****   assert_param(IS_DAC_ALL_INSTANCE(hdac->Instance));
 370:Drivers/STM32F0xx_HAL_Driver/Src/stm32f0xx_hal_dac.c **** 
 371:Drivers/STM32F0xx_HAL_Driver/Src/stm32f0xx_hal_dac.c ****   /* Change DAC state */
 372:Drivers/STM32F0xx_HAL_Driver/Src/stm32f0xx_hal_dac.c ****   hdac->State = HAL_DAC_STATE_BUSY;
 373:Drivers/STM32F0xx_HAL_Driver/Src/stm32f0xx_hal_dac.c **** 
ARM GAS  C:\Users\24705\AppData\Local\Temp\ccIDpHTN.s 			page 8


 374:Drivers/STM32F0xx_HAL_Driver/Src/stm32f0xx_hal_dac.c **** #if (USE_HAL_DAC_REGISTER_CALLBACKS == 1)
 375:Drivers/STM32F0xx_HAL_Driver/Src/stm32f0xx_hal_dac.c ****   if(hdac->MspDeInitCallback == NULL)
 376:Drivers/STM32F0xx_HAL_Driver/Src/stm32f0xx_hal_dac.c ****   {
 377:Drivers/STM32F0xx_HAL_Driver/Src/stm32f0xx_hal_dac.c ****     hdac->MspDeInitCallback = HAL_DAC_MspDeInit;
 378:Drivers/STM32F0xx_HAL_Driver/Src/stm32f0xx_hal_dac.c ****   }
 379:Drivers/STM32F0xx_HAL_Driver/Src/stm32f0xx_hal_dac.c ****   /* DeInit the low level hardware */
 380:Drivers/STM32F0xx_HAL_Driver/Src/stm32f0xx_hal_dac.c ****   hdac->MspDeInitCallback(hdac);
 381:Drivers/STM32F0xx_HAL_Driver/Src/stm32f0xx_hal_dac.c ****   
 382:Drivers/STM32F0xx_HAL_Driver/Src/stm32f0xx_hal_dac.c **** #else 
 383:Drivers/STM32F0xx_HAL_Driver/Src/stm32f0xx_hal_dac.c ****   /* DeInit the low level hardware */
 384:Drivers/STM32F0xx_HAL_Driver/Src/stm32f0xx_hal_dac.c ****   HAL_DAC_MspDeInit(hdac);
 385:Drivers/STM32F0xx_HAL_Driver/Src/stm32f0xx_hal_dac.c **** #endif /* USE_HAL_DAC_REGISTER_CALLBACKS */
 386:Drivers/STM32F0xx_HAL_Driver/Src/stm32f0xx_hal_dac.c **** 
 387:Drivers/STM32F0xx_HAL_Driver/Src/stm32f0xx_hal_dac.c ****   /* Set DAC error code to none */
 388:Drivers/STM32F0xx_HAL_Driver/Src/stm32f0xx_hal_dac.c ****   hdac->ErrorCode = HAL_DAC_ERROR_NONE;
 389:Drivers/STM32F0xx_HAL_Driver/Src/stm32f0xx_hal_dac.c **** 
 390:Drivers/STM32F0xx_HAL_Driver/Src/stm32f0xx_hal_dac.c ****   /* Change DAC state */
 391:Drivers/STM32F0xx_HAL_Driver/Src/stm32f0xx_hal_dac.c ****   hdac->State = HAL_DAC_STATE_RESET;
 392:Drivers/STM32F0xx_HAL_Driver/Src/stm32f0xx_hal_dac.c **** 
 393:Drivers/STM32F0xx_HAL_Driver/Src/stm32f0xx_hal_dac.c ****   /* Release Lock */
 394:Drivers/STM32F0xx_HAL_Driver/Src/stm32f0xx_hal_dac.c ****   __HAL_UNLOCK(hdac);
 395:Drivers/STM32F0xx_HAL_Driver/Src/stm32f0xx_hal_dac.c **** 
 396:Drivers/STM32F0xx_HAL_Driver/Src/stm32f0xx_hal_dac.c ****   /* Return function status */
 397:Drivers/STM32F0xx_HAL_Driver/Src/stm32f0xx_hal_dac.c ****   return HAL_OK;
 398:Drivers/STM32F0xx_HAL_Driver/Src/stm32f0xx_hal_dac.c **** }
 399:Drivers/STM32F0xx_HAL_Driver/Src/stm32f0xx_hal_dac.c **** 
 400:Drivers/STM32F0xx_HAL_Driver/Src/stm32f0xx_hal_dac.c **** /**
 401:Drivers/STM32F0xx_HAL_Driver/Src/stm32f0xx_hal_dac.c ****   * @brief  Initialize the DAC MSP.
 402:Drivers/STM32F0xx_HAL_Driver/Src/stm32f0xx_hal_dac.c ****   * @param  hdac pointer to a DAC_HandleTypeDef structure that contains
 403:Drivers/STM32F0xx_HAL_Driver/Src/stm32f0xx_hal_dac.c ****   *         the configuration information for the specified DAC.
 404:Drivers/STM32F0xx_HAL_Driver/Src/stm32f0xx_hal_dac.c ****   * @retval None
 405:Drivers/STM32F0xx_HAL_Driver/Src/stm32f0xx_hal_dac.c ****   */
 406:Drivers/STM32F0xx_HAL_Driver/Src/stm32f0xx_hal_dac.c **** __weak void HAL_DAC_MspInit(DAC_HandleTypeDef* hdac)
 407:Drivers/STM32F0xx_HAL_Driver/Src/stm32f0xx_hal_dac.c **** { 
  28              		.loc 1 407 1 view -0
  29              		.cfi_startproc
  30              		@ args = 0, pretend = 0, frame = 0
  31              		@ frame_needed = 0, uses_anonymous_args = 0
  32              		@ link register save eliminated.
 408:Drivers/STM32F0xx_HAL_Driver/Src/stm32f0xx_hal_dac.c ****   /* Prevent unused argument(s) compilation warning */
 409:Drivers/STM32F0xx_HAL_Driver/Src/stm32f0xx_hal_dac.c ****   UNUSED(hdac);
  33              		.loc 1 409 3 view .LVU1
 410:Drivers/STM32F0xx_HAL_Driver/Src/stm32f0xx_hal_dac.c **** 
 411:Drivers/STM32F0xx_HAL_Driver/Src/stm32f0xx_hal_dac.c ****   /* NOTE : This function should not be modified, when the callback is needed,
 412:Drivers/STM32F0xx_HAL_Driver/Src/stm32f0xx_hal_dac.c ****             the HAL_DAC_MspInit could be implemented in the user file
 413:Drivers/STM32F0xx_HAL_Driver/Src/stm32f0xx_hal_dac.c ****    */ 
 414:Drivers/STM32F0xx_HAL_Driver/Src/stm32f0xx_hal_dac.c **** }
  34              		.loc 1 414 1 is_stmt 0 view .LVU2
  35              		@ sp needed
  36 0000 7047     		bx	lr
  37              		.cfi_endproc
  38              	.LFE42:
  40              		.section	.text.HAL_DAC_Init,"ax",%progbits
  41              		.align	1
  42              		.global	HAL_DAC_Init
  43              		.syntax unified
  44              		.code	16
ARM GAS  C:\Users\24705\AppData\Local\Temp\ccIDpHTN.s 			page 9


  45              		.thumb_func
  47              	HAL_DAC_Init:
  48              	.LVL1:
  49              	.LFB40:
 300:Drivers/STM32F0xx_HAL_Driver/Src/stm32f0xx_hal_dac.c ****   /* Check DAC handle */
  50              		.loc 1 300 1 is_stmt 1 view -0
  51              		.cfi_startproc
  52              		@ args = 0, pretend = 0, frame = 0
  53              		@ frame_needed = 0, uses_anonymous_args = 0
 300:Drivers/STM32F0xx_HAL_Driver/Src/stm32f0xx_hal_dac.c ****   /* Check DAC handle */
  54              		.loc 1 300 1 is_stmt 0 view .LVU4
  55 0000 10B5     		push	{r4, lr}
  56              	.LCFI0:
  57              		.cfi_def_cfa_offset 8
  58              		.cfi_offset 4, -8
  59              		.cfi_offset 14, -4
  60 0002 041E     		subs	r4, r0, #0
 302:Drivers/STM32F0xx_HAL_Driver/Src/stm32f0xx_hal_dac.c ****   {
  61              		.loc 1 302 3 is_stmt 1 view .LVU5
 302:Drivers/STM32F0xx_HAL_Driver/Src/stm32f0xx_hal_dac.c ****   {
  62              		.loc 1 302 5 is_stmt 0 view .LVU6
  63 0004 0ED0     		beq	.L5
 307:Drivers/STM32F0xx_HAL_Driver/Src/stm32f0xx_hal_dac.c ****   
  64              		.loc 1 307 3 is_stmt 1 view .LVU7
 309:Drivers/STM32F0xx_HAL_Driver/Src/stm32f0xx_hal_dac.c ****   {
  65              		.loc 1 309 3 view .LVU8
 309:Drivers/STM32F0xx_HAL_Driver/Src/stm32f0xx_hal_dac.c ****   {
  66              		.loc 1 309 11 is_stmt 0 view .LVU9
  67 0006 0379     		ldrb	r3, [r0, #4]
 309:Drivers/STM32F0xx_HAL_Driver/Src/stm32f0xx_hal_dac.c ****   {
  68              		.loc 1 309 6 view .LVU10
  69 0008 002B     		cmp	r3, #0
  70 000a 07D0     		beq	.L6
  71              	.LVL2:
  72              	.L4:
 342:Drivers/STM32F0xx_HAL_Driver/Src/stm32f0xx_hal_dac.c ****   
  73              		.loc 1 342 3 is_stmt 1 view .LVU11
 342:Drivers/STM32F0xx_HAL_Driver/Src/stm32f0xx_hal_dac.c ****   
  74              		.loc 1 342 15 is_stmt 0 view .LVU12
  75 000c 0223     		movs	r3, #2
  76 000e 2371     		strb	r3, [r4, #4]
 345:Drivers/STM32F0xx_HAL_Driver/Src/stm32f0xx_hal_dac.c ****   
  77              		.loc 1 345 3 is_stmt 1 view .LVU13
 345:Drivers/STM32F0xx_HAL_Driver/Src/stm32f0xx_hal_dac.c ****   
  78              		.loc 1 345 19 is_stmt 0 view .LVU14
  79 0010 0023     		movs	r3, #0
  80 0012 2361     		str	r3, [r4, #16]
 348:Drivers/STM32F0xx_HAL_Driver/Src/stm32f0xx_hal_dac.c ****   
  81              		.loc 1 348 3 is_stmt 1 view .LVU15
 348:Drivers/STM32F0xx_HAL_Driver/Src/stm32f0xx_hal_dac.c ****   
  82              		.loc 1 348 15 is_stmt 0 view .LVU16
  83 0014 0133     		adds	r3, r3, #1
  84 0016 2371     		strb	r3, [r4, #4]
 351:Drivers/STM32F0xx_HAL_Driver/Src/stm32f0xx_hal_dac.c **** }
  85              		.loc 1 351 3 is_stmt 1 view .LVU17
 351:Drivers/STM32F0xx_HAL_Driver/Src/stm32f0xx_hal_dac.c **** }
  86              		.loc 1 351 10 is_stmt 0 view .LVU18
ARM GAS  C:\Users\24705\AppData\Local\Temp\ccIDpHTN.s 			page 10


  87 0018 0020     		movs	r0, #0
  88              	.L3:
 352:Drivers/STM32F0xx_HAL_Driver/Src/stm32f0xx_hal_dac.c **** 
  89              		.loc 1 352 1 view .LVU19
  90              		@ sp needed
  91              	.LVL3:
 352:Drivers/STM32F0xx_HAL_Driver/Src/stm32f0xx_hal_dac.c **** 
  92              		.loc 1 352 1 view .LVU20
  93 001a 10BD     		pop	{r4, pc}
  94              	.LVL4:
  95              	.L6:
 330:Drivers/STM32F0xx_HAL_Driver/Src/stm32f0xx_hal_dac.c **** 
  96              		.loc 1 330 5 is_stmt 1 view .LVU21
 330:Drivers/STM32F0xx_HAL_Driver/Src/stm32f0xx_hal_dac.c **** 
  97              		.loc 1 330 16 is_stmt 0 view .LVU22
  98 001c 4371     		strb	r3, [r0, #5]
 337:Drivers/STM32F0xx_HAL_Driver/Src/stm32f0xx_hal_dac.c **** #endif /* USE_HAL_DAC_REGISTER_CALLBACKS */
  99              		.loc 1 337 5 is_stmt 1 view .LVU23
 100 001e FFF7FEFF 		bl	HAL_DAC_MspInit
 101              	.LVL5:
 337:Drivers/STM32F0xx_HAL_Driver/Src/stm32f0xx_hal_dac.c **** #endif /* USE_HAL_DAC_REGISTER_CALLBACKS */
 102              		.loc 1 337 5 is_stmt 0 view .LVU24
 103 0022 F3E7     		b	.L4
 104              	.LVL6:
 105              	.L5:
 304:Drivers/STM32F0xx_HAL_Driver/Src/stm32f0xx_hal_dac.c ****   }
 106              		.loc 1 304 13 view .LVU25
 107 0024 0120     		movs	r0, #1
 108              	.LVL7:
 304:Drivers/STM32F0xx_HAL_Driver/Src/stm32f0xx_hal_dac.c ****   }
 109              		.loc 1 304 13 view .LVU26
 110 0026 F8E7     		b	.L3
 111              		.cfi_endproc
 112              	.LFE40:
 114              		.section	.text.HAL_DAC_MspDeInit,"ax",%progbits
 115              		.align	1
 116              		.weak	HAL_DAC_MspDeInit
 117              		.syntax unified
 118              		.code	16
 119              		.thumb_func
 121              	HAL_DAC_MspDeInit:
 122              	.LVL8:
 123              	.LFB43:
 415:Drivers/STM32F0xx_HAL_Driver/Src/stm32f0xx_hal_dac.c **** 
 416:Drivers/STM32F0xx_HAL_Driver/Src/stm32f0xx_hal_dac.c **** /**
 417:Drivers/STM32F0xx_HAL_Driver/Src/stm32f0xx_hal_dac.c ****   * @brief  DeInitialize the DAC MSP.
 418:Drivers/STM32F0xx_HAL_Driver/Src/stm32f0xx_hal_dac.c ****   * @param  hdac pointer to a DAC_HandleTypeDef structure that contains
 419:Drivers/STM32F0xx_HAL_Driver/Src/stm32f0xx_hal_dac.c ****   *         the configuration information for the specified DAC.  
 420:Drivers/STM32F0xx_HAL_Driver/Src/stm32f0xx_hal_dac.c ****   * @retval None
 421:Drivers/STM32F0xx_HAL_Driver/Src/stm32f0xx_hal_dac.c ****   */
 422:Drivers/STM32F0xx_HAL_Driver/Src/stm32f0xx_hal_dac.c **** __weak void HAL_DAC_MspDeInit(DAC_HandleTypeDef* hdac)
 423:Drivers/STM32F0xx_HAL_Driver/Src/stm32f0xx_hal_dac.c **** {
 124              		.loc 1 423 1 is_stmt 1 view -0
 125              		.cfi_startproc
 126              		@ args = 0, pretend = 0, frame = 0
 127              		@ frame_needed = 0, uses_anonymous_args = 0
 128              		@ link register save eliminated.
ARM GAS  C:\Users\24705\AppData\Local\Temp\ccIDpHTN.s 			page 11


 424:Drivers/STM32F0xx_HAL_Driver/Src/stm32f0xx_hal_dac.c ****   /* Prevent unused argument(s) compilation warning */
 425:Drivers/STM32F0xx_HAL_Driver/Src/stm32f0xx_hal_dac.c ****   UNUSED(hdac);
 129              		.loc 1 425 3 view .LVU28
 426:Drivers/STM32F0xx_HAL_Driver/Src/stm32f0xx_hal_dac.c **** 
 427:Drivers/STM32F0xx_HAL_Driver/Src/stm32f0xx_hal_dac.c ****   /* NOTE : This function should not be modified, when the callback is needed,
 428:Drivers/STM32F0xx_HAL_Driver/Src/stm32f0xx_hal_dac.c ****             the HAL_DAC_MspDeInit could be implemented in the user file
 429:Drivers/STM32F0xx_HAL_Driver/Src/stm32f0xx_hal_dac.c ****    */ 
 430:Drivers/STM32F0xx_HAL_Driver/Src/stm32f0xx_hal_dac.c **** }
 130              		.loc 1 430 1 is_stmt 0 view .LVU29
 131              		@ sp needed
 132 0000 7047     		bx	lr
 133              		.cfi_endproc
 134              	.LFE43:
 136              		.section	.text.HAL_DAC_DeInit,"ax",%progbits
 137              		.align	1
 138              		.global	HAL_DAC_DeInit
 139              		.syntax unified
 140              		.code	16
 141              		.thumb_func
 143              	HAL_DAC_DeInit:
 144              	.LVL9:
 145              	.LFB41:
 361:Drivers/STM32F0xx_HAL_Driver/Src/stm32f0xx_hal_dac.c ****   /* Check DAC handle */
 146              		.loc 1 361 1 is_stmt 1 view -0
 147              		.cfi_startproc
 148              		@ args = 0, pretend = 0, frame = 0
 149              		@ frame_needed = 0, uses_anonymous_args = 0
 361:Drivers/STM32F0xx_HAL_Driver/Src/stm32f0xx_hal_dac.c ****   /* Check DAC handle */
 150              		.loc 1 361 1 is_stmt 0 view .LVU31
 151 0000 10B5     		push	{r4, lr}
 152              	.LCFI1:
 153              		.cfi_def_cfa_offset 8
 154              		.cfi_offset 4, -8
 155              		.cfi_offset 14, -4
 156 0002 041E     		subs	r4, r0, #0
 363:Drivers/STM32F0xx_HAL_Driver/Src/stm32f0xx_hal_dac.c ****   {
 157              		.loc 1 363 3 is_stmt 1 view .LVU32
 363:Drivers/STM32F0xx_HAL_Driver/Src/stm32f0xx_hal_dac.c ****   {
 158              		.loc 1 363 5 is_stmt 0 view .LVU33
 159 0004 09D0     		beq	.L10
 369:Drivers/STM32F0xx_HAL_Driver/Src/stm32f0xx_hal_dac.c **** 
 160              		.loc 1 369 3 is_stmt 1 view .LVU34
 372:Drivers/STM32F0xx_HAL_Driver/Src/stm32f0xx_hal_dac.c **** 
 161              		.loc 1 372 3 view .LVU35
 372:Drivers/STM32F0xx_HAL_Driver/Src/stm32f0xx_hal_dac.c **** 
 162              		.loc 1 372 15 is_stmt 0 view .LVU36
 163 0006 0223     		movs	r3, #2
 164 0008 0371     		strb	r3, [r0, #4]
 384:Drivers/STM32F0xx_HAL_Driver/Src/stm32f0xx_hal_dac.c **** #endif /* USE_HAL_DAC_REGISTER_CALLBACKS */
 165              		.loc 1 384 3 is_stmt 1 view .LVU37
 166 000a FFF7FEFF 		bl	HAL_DAC_MspDeInit
 167              	.LVL10:
 388:Drivers/STM32F0xx_HAL_Driver/Src/stm32f0xx_hal_dac.c **** 
 168              		.loc 1 388 3 view .LVU38
 388:Drivers/STM32F0xx_HAL_Driver/Src/stm32f0xx_hal_dac.c **** 
 169              		.loc 1 388 19 is_stmt 0 view .LVU39
 170 000e 0023     		movs	r3, #0
ARM GAS  C:\Users\24705\AppData\Local\Temp\ccIDpHTN.s 			page 12


 171 0010 2361     		str	r3, [r4, #16]
 391:Drivers/STM32F0xx_HAL_Driver/Src/stm32f0xx_hal_dac.c **** 
 172              		.loc 1 391 3 is_stmt 1 view .LVU40
 391:Drivers/STM32F0xx_HAL_Driver/Src/stm32f0xx_hal_dac.c **** 
 173              		.loc 1 391 15 is_stmt 0 view .LVU41
 174 0012 2371     		strb	r3, [r4, #4]
 394:Drivers/STM32F0xx_HAL_Driver/Src/stm32f0xx_hal_dac.c **** 
 175              		.loc 1 394 3 is_stmt 1 view .LVU42
 394:Drivers/STM32F0xx_HAL_Driver/Src/stm32f0xx_hal_dac.c **** 
 176              		.loc 1 394 3 view .LVU43
 177 0014 6371     		strb	r3, [r4, #5]
 394:Drivers/STM32F0xx_HAL_Driver/Src/stm32f0xx_hal_dac.c **** 
 178              		.loc 1 394 3 view .LVU44
 397:Drivers/STM32F0xx_HAL_Driver/Src/stm32f0xx_hal_dac.c **** }
 179              		.loc 1 397 3 view .LVU45
 397:Drivers/STM32F0xx_HAL_Driver/Src/stm32f0xx_hal_dac.c **** }
 180              		.loc 1 397 10 is_stmt 0 view .LVU46
 181 0016 0020     		movs	r0, #0
 182              	.L9:
 398:Drivers/STM32F0xx_HAL_Driver/Src/stm32f0xx_hal_dac.c **** 
 183              		.loc 1 398 1 view .LVU47
 184              		@ sp needed
 185              	.LVL11:
 398:Drivers/STM32F0xx_HAL_Driver/Src/stm32f0xx_hal_dac.c **** 
 186              		.loc 1 398 1 view .LVU48
 187 0018 10BD     		pop	{r4, pc}
 188              	.LVL12:
 189              	.L10:
 365:Drivers/STM32F0xx_HAL_Driver/Src/stm32f0xx_hal_dac.c ****   }
 190              		.loc 1 365 13 view .LVU49
 191 001a 0120     		movs	r0, #1
 192              	.LVL13:
 365:Drivers/STM32F0xx_HAL_Driver/Src/stm32f0xx_hal_dac.c ****   }
 193              		.loc 1 365 13 view .LVU50
 194 001c FCE7     		b	.L9
 195              		.cfi_endproc
 196              	.LFE41:
 198              		.section	.text.HAL_DAC_Start,"ax",%progbits
 199              		.align	1
 200              		.weak	HAL_DAC_Start
 201              		.syntax unified
 202              		.code	16
 203              		.thumb_func
 205              	HAL_DAC_Start:
 206              	.LVL14:
 207              	.LFB44:
 431:Drivers/STM32F0xx_HAL_Driver/Src/stm32f0xx_hal_dac.c **** 
 432:Drivers/STM32F0xx_HAL_Driver/Src/stm32f0xx_hal_dac.c **** /**
 433:Drivers/STM32F0xx_HAL_Driver/Src/stm32f0xx_hal_dac.c ****   * @}
 434:Drivers/STM32F0xx_HAL_Driver/Src/stm32f0xx_hal_dac.c ****   */
 435:Drivers/STM32F0xx_HAL_Driver/Src/stm32f0xx_hal_dac.c **** 
 436:Drivers/STM32F0xx_HAL_Driver/Src/stm32f0xx_hal_dac.c **** /** @defgroup DAC_Exported_Functions_Group2 IO operation functions
 437:Drivers/STM32F0xx_HAL_Driver/Src/stm32f0xx_hal_dac.c ****  *  @brief    IO operation functions 
 438:Drivers/STM32F0xx_HAL_Driver/Src/stm32f0xx_hal_dac.c ****  *
 439:Drivers/STM32F0xx_HAL_Driver/Src/stm32f0xx_hal_dac.c **** @verbatim   
 440:Drivers/STM32F0xx_HAL_Driver/Src/stm32f0xx_hal_dac.c ****   ==============================================================================
 441:Drivers/STM32F0xx_HAL_Driver/Src/stm32f0xx_hal_dac.c ****              ##### IO operation functions #####
ARM GAS  C:\Users\24705\AppData\Local\Temp\ccIDpHTN.s 			page 13


 442:Drivers/STM32F0xx_HAL_Driver/Src/stm32f0xx_hal_dac.c ****   ==============================================================================  
 443:Drivers/STM32F0xx_HAL_Driver/Src/stm32f0xx_hal_dac.c ****     [..]  This section provides functions allowing to:
 444:Drivers/STM32F0xx_HAL_Driver/Src/stm32f0xx_hal_dac.c ****       (+) Start conversion.
 445:Drivers/STM32F0xx_HAL_Driver/Src/stm32f0xx_hal_dac.c ****       (+) Stop conversion.
 446:Drivers/STM32F0xx_HAL_Driver/Src/stm32f0xx_hal_dac.c ****       (+) Start conversion and enable DMA transfer.
 447:Drivers/STM32F0xx_HAL_Driver/Src/stm32f0xx_hal_dac.c ****       (+) Stop conversion and disable DMA transfer.
 448:Drivers/STM32F0xx_HAL_Driver/Src/stm32f0xx_hal_dac.c ****       (+) Set the specified data holding register value for DAC channel.
 449:Drivers/STM32F0xx_HAL_Driver/Src/stm32f0xx_hal_dac.c ****                      
 450:Drivers/STM32F0xx_HAL_Driver/Src/stm32f0xx_hal_dac.c **** @endverbatim
 451:Drivers/STM32F0xx_HAL_Driver/Src/stm32f0xx_hal_dac.c ****   * @{
 452:Drivers/STM32F0xx_HAL_Driver/Src/stm32f0xx_hal_dac.c ****   */
 453:Drivers/STM32F0xx_HAL_Driver/Src/stm32f0xx_hal_dac.c **** 
 454:Drivers/STM32F0xx_HAL_Driver/Src/stm32f0xx_hal_dac.c **** /**
 455:Drivers/STM32F0xx_HAL_Driver/Src/stm32f0xx_hal_dac.c ****   * @brief  Enables DAC and starts conversion of channel.
 456:Drivers/STM32F0xx_HAL_Driver/Src/stm32f0xx_hal_dac.c ****   * @param  hdac pointer to a DAC_HandleTypeDef structure that contains
 457:Drivers/STM32F0xx_HAL_Driver/Src/stm32f0xx_hal_dac.c ****   *         the configuration information for the specified DAC.
 458:Drivers/STM32F0xx_HAL_Driver/Src/stm32f0xx_hal_dac.c ****   * @param  Channel The selected DAC channel. 
 459:Drivers/STM32F0xx_HAL_Driver/Src/stm32f0xx_hal_dac.c ****   *          This parameter can be one of the following values:
 460:Drivers/STM32F0xx_HAL_Driver/Src/stm32f0xx_hal_dac.c ****   *            @arg DAC_CHANNEL_1: DAC Channel1 selected
 461:Drivers/STM32F0xx_HAL_Driver/Src/stm32f0xx_hal_dac.c ****   *            @arg DAC_CHANNEL_2: DAC Channel2 selected
 462:Drivers/STM32F0xx_HAL_Driver/Src/stm32f0xx_hal_dac.c ****   * @retval HAL status
 463:Drivers/STM32F0xx_HAL_Driver/Src/stm32f0xx_hal_dac.c ****   */
 464:Drivers/STM32F0xx_HAL_Driver/Src/stm32f0xx_hal_dac.c **** __weak HAL_StatusTypeDef HAL_DAC_Start(DAC_HandleTypeDef* hdac, uint32_t Channel)
 465:Drivers/STM32F0xx_HAL_Driver/Src/stm32f0xx_hal_dac.c **** {
 208              		.loc 1 465 1 is_stmt 1 view -0
 209              		.cfi_startproc
 210              		@ args = 0, pretend = 0, frame = 0
 211              		@ frame_needed = 0, uses_anonymous_args = 0
 212              		@ link register save eliminated.
 466:Drivers/STM32F0xx_HAL_Driver/Src/stm32f0xx_hal_dac.c ****   /* Prevent unused argument(s) compilation warning */
 467:Drivers/STM32F0xx_HAL_Driver/Src/stm32f0xx_hal_dac.c ****   UNUSED(hdac);
 213              		.loc 1 467 3 view .LVU52
 468:Drivers/STM32F0xx_HAL_Driver/Src/stm32f0xx_hal_dac.c ****   UNUSED(Channel);
 214              		.loc 1 468 3 view .LVU53
 469:Drivers/STM32F0xx_HAL_Driver/Src/stm32f0xx_hal_dac.c **** 
 470:Drivers/STM32F0xx_HAL_Driver/Src/stm32f0xx_hal_dac.c ****   /* Note : This function is defined into this file for library reference. */
 471:Drivers/STM32F0xx_HAL_Driver/Src/stm32f0xx_hal_dac.c ****   /*        Function content is located into file stm32f0xx_hal_dac_ex.c   */
 472:Drivers/STM32F0xx_HAL_Driver/Src/stm32f0xx_hal_dac.c ****   
 473:Drivers/STM32F0xx_HAL_Driver/Src/stm32f0xx_hal_dac.c ****   /* Return error status as not implemented here */
 474:Drivers/STM32F0xx_HAL_Driver/Src/stm32f0xx_hal_dac.c ****   return HAL_ERROR;
 215              		.loc 1 474 3 view .LVU54
 475:Drivers/STM32F0xx_HAL_Driver/Src/stm32f0xx_hal_dac.c **** }
 216              		.loc 1 475 1 is_stmt 0 view .LVU55
 217 0000 0120     		movs	r0, #1
 218              	.LVL15:
 219              		.loc 1 475 1 view .LVU56
 220              		@ sp needed
 221 0002 7047     		bx	lr
 222              		.cfi_endproc
 223              	.LFE44:
 225              		.section	.text.HAL_DAC_Stop,"ax",%progbits
 226              		.align	1
 227              		.global	HAL_DAC_Stop
 228              		.syntax unified
 229              		.code	16
 230              		.thumb_func
 232              	HAL_DAC_Stop:
ARM GAS  C:\Users\24705\AppData\Local\Temp\ccIDpHTN.s 			page 14


 233              	.LVL16:
 234              	.LFB45:
 476:Drivers/STM32F0xx_HAL_Driver/Src/stm32f0xx_hal_dac.c **** 
 477:Drivers/STM32F0xx_HAL_Driver/Src/stm32f0xx_hal_dac.c **** /**
 478:Drivers/STM32F0xx_HAL_Driver/Src/stm32f0xx_hal_dac.c ****   * @brief  Disables DAC and stop conversion of channel.
 479:Drivers/STM32F0xx_HAL_Driver/Src/stm32f0xx_hal_dac.c ****   * @param  hdac pointer to a DAC_HandleTypeDef structure that contains
 480:Drivers/STM32F0xx_HAL_Driver/Src/stm32f0xx_hal_dac.c ****   *         the configuration information for the specified DAC.
 481:Drivers/STM32F0xx_HAL_Driver/Src/stm32f0xx_hal_dac.c ****   * @param  Channel The selected DAC channel. 
 482:Drivers/STM32F0xx_HAL_Driver/Src/stm32f0xx_hal_dac.c ****   *          This parameter can be one of the following values:
 483:Drivers/STM32F0xx_HAL_Driver/Src/stm32f0xx_hal_dac.c ****   *            @arg DAC_CHANNEL_1: DAC Channel1 selected
 484:Drivers/STM32F0xx_HAL_Driver/Src/stm32f0xx_hal_dac.c ****   *            @arg DAC_CHANNEL_2: DAC Channel2 selected  
 485:Drivers/STM32F0xx_HAL_Driver/Src/stm32f0xx_hal_dac.c ****   * @retval HAL status
 486:Drivers/STM32F0xx_HAL_Driver/Src/stm32f0xx_hal_dac.c ****   */
 487:Drivers/STM32F0xx_HAL_Driver/Src/stm32f0xx_hal_dac.c **** HAL_StatusTypeDef HAL_DAC_Stop(DAC_HandleTypeDef* hdac, uint32_t Channel)
 488:Drivers/STM32F0xx_HAL_Driver/Src/stm32f0xx_hal_dac.c **** {
 235              		.loc 1 488 1 is_stmt 1 view -0
 236              		.cfi_startproc
 237              		@ args = 0, pretend = 0, frame = 0
 238              		@ frame_needed = 0, uses_anonymous_args = 0
 239              		.loc 1 488 1 is_stmt 0 view .LVU58
 240 0000 30B5     		push	{r4, r5, lr}
 241              	.LCFI2:
 242              		.cfi_def_cfa_offset 12
 243              		.cfi_offset 4, -12
 244              		.cfi_offset 5, -8
 245              		.cfi_offset 14, -4
 489:Drivers/STM32F0xx_HAL_Driver/Src/stm32f0xx_hal_dac.c ****   /* Check the parameters */
 490:Drivers/STM32F0xx_HAL_Driver/Src/stm32f0xx_hal_dac.c ****   assert_param(IS_DAC_CHANNEL(Channel));
 246              		.loc 1 490 3 is_stmt 1 view .LVU59
 491:Drivers/STM32F0xx_HAL_Driver/Src/stm32f0xx_hal_dac.c ****   
 492:Drivers/STM32F0xx_HAL_Driver/Src/stm32f0xx_hal_dac.c ****   /* Disable the Peripheral */
 493:Drivers/STM32F0xx_HAL_Driver/Src/stm32f0xx_hal_dac.c ****   __HAL_DAC_DISABLE(hdac, Channel);
 247              		.loc 1 493 3 view .LVU60
 248 0002 0468     		ldr	r4, [r0]
 249 0004 2368     		ldr	r3, [r4]
 250 0006 0122     		movs	r2, #1
 251 0008 1500     		movs	r5, r2
 252 000a 8D40     		lsls	r5, r5, r1
 253 000c AB43     		bics	r3, r5
 254 000e 2360     		str	r3, [r4]
 494:Drivers/STM32F0xx_HAL_Driver/Src/stm32f0xx_hal_dac.c ****   
 495:Drivers/STM32F0xx_HAL_Driver/Src/stm32f0xx_hal_dac.c ****   /* Change DAC state */
 496:Drivers/STM32F0xx_HAL_Driver/Src/stm32f0xx_hal_dac.c ****   hdac->State = HAL_DAC_STATE_READY;
 255              		.loc 1 496 3 view .LVU61
 256              		.loc 1 496 15 is_stmt 0 view .LVU62
 257 0010 0271     		strb	r2, [r0, #4]
 497:Drivers/STM32F0xx_HAL_Driver/Src/stm32f0xx_hal_dac.c ****   
 498:Drivers/STM32F0xx_HAL_Driver/Src/stm32f0xx_hal_dac.c ****   /* Return function status */
 499:Drivers/STM32F0xx_HAL_Driver/Src/stm32f0xx_hal_dac.c ****   return HAL_OK;
 258              		.loc 1 499 3 is_stmt 1 view .LVU63
 500:Drivers/STM32F0xx_HAL_Driver/Src/stm32f0xx_hal_dac.c **** }
 259              		.loc 1 500 1 is_stmt 0 view .LVU64
 260 0012 0020     		movs	r0, #0
 261              	.LVL17:
 262              		.loc 1 500 1 view .LVU65
 263              		@ sp needed
 264 0014 30BD     		pop	{r4, r5, pc}
ARM GAS  C:\Users\24705\AppData\Local\Temp\ccIDpHTN.s 			page 15


 265              		.cfi_endproc
 266              	.LFE45:
 268              		.section	.text.HAL_DAC_Start_DMA,"ax",%progbits
 269              		.align	1
 270              		.weak	HAL_DAC_Start_DMA
 271              		.syntax unified
 272              		.code	16
 273              		.thumb_func
 275              	HAL_DAC_Start_DMA:
 276              	.LVL18:
 277              	.LFB46:
 501:Drivers/STM32F0xx_HAL_Driver/Src/stm32f0xx_hal_dac.c **** 
 502:Drivers/STM32F0xx_HAL_Driver/Src/stm32f0xx_hal_dac.c **** /**
 503:Drivers/STM32F0xx_HAL_Driver/Src/stm32f0xx_hal_dac.c ****   * @brief  Enables DAC and starts conversion of channel.
 504:Drivers/STM32F0xx_HAL_Driver/Src/stm32f0xx_hal_dac.c ****   * @param  hdac pointer to a DAC_HandleTypeDef structure that contains
 505:Drivers/STM32F0xx_HAL_Driver/Src/stm32f0xx_hal_dac.c ****   *         the configuration information for the specified DAC.
 506:Drivers/STM32F0xx_HAL_Driver/Src/stm32f0xx_hal_dac.c ****   * @param  Channel The selected DAC channel. 
 507:Drivers/STM32F0xx_HAL_Driver/Src/stm32f0xx_hal_dac.c ****   *          This parameter can be one of the following values:
 508:Drivers/STM32F0xx_HAL_Driver/Src/stm32f0xx_hal_dac.c ****   *            @arg DAC_CHANNEL_1: DAC Channel1 selected
 509:Drivers/STM32F0xx_HAL_Driver/Src/stm32f0xx_hal_dac.c ****   *            @arg DAC_CHANNEL_2: DAC Channel2 selected
 510:Drivers/STM32F0xx_HAL_Driver/Src/stm32f0xx_hal_dac.c ****   * @param  pData The destination peripheral Buffer address.
 511:Drivers/STM32F0xx_HAL_Driver/Src/stm32f0xx_hal_dac.c ****   * @param  Length The length of data to be transferred from memory to DAC peripheral
 512:Drivers/STM32F0xx_HAL_Driver/Src/stm32f0xx_hal_dac.c ****   * @param  Alignment Specifies the data alignment for DAC channel.
 513:Drivers/STM32F0xx_HAL_Driver/Src/stm32f0xx_hal_dac.c ****   *          This parameter can be one of the following values:
 514:Drivers/STM32F0xx_HAL_Driver/Src/stm32f0xx_hal_dac.c ****   *            @arg DAC_ALIGN_8B_R: 8bit right data alignment selected
 515:Drivers/STM32F0xx_HAL_Driver/Src/stm32f0xx_hal_dac.c ****   *            @arg DAC_ALIGN_12B_L: 12bit left data alignment selected
 516:Drivers/STM32F0xx_HAL_Driver/Src/stm32f0xx_hal_dac.c ****   *            @arg DAC_ALIGN_12B_R: 12bit right data alignment selected
 517:Drivers/STM32F0xx_HAL_Driver/Src/stm32f0xx_hal_dac.c ****   * @retval HAL status
 518:Drivers/STM32F0xx_HAL_Driver/Src/stm32f0xx_hal_dac.c ****   */
 519:Drivers/STM32F0xx_HAL_Driver/Src/stm32f0xx_hal_dac.c **** __weak HAL_StatusTypeDef HAL_DAC_Start_DMA(DAC_HandleTypeDef* hdac, uint32_t Channel, uint32_t* pDa
 520:Drivers/STM32F0xx_HAL_Driver/Src/stm32f0xx_hal_dac.c **** {
 278              		.loc 1 520 1 is_stmt 1 view -0
 279              		.cfi_startproc
 280              		@ args = 4, pretend = 0, frame = 0
 281              		@ frame_needed = 0, uses_anonymous_args = 0
 282              		@ link register save eliminated.
 521:Drivers/STM32F0xx_HAL_Driver/Src/stm32f0xx_hal_dac.c ****   /* Prevent unused argument(s) compilation warning */
 522:Drivers/STM32F0xx_HAL_Driver/Src/stm32f0xx_hal_dac.c ****   UNUSED(hdac);
 283              		.loc 1 522 3 view .LVU67
 523:Drivers/STM32F0xx_HAL_Driver/Src/stm32f0xx_hal_dac.c ****   UNUSED(Channel);
 284              		.loc 1 523 3 view .LVU68
 524:Drivers/STM32F0xx_HAL_Driver/Src/stm32f0xx_hal_dac.c ****   UNUSED(pData);
 285              		.loc 1 524 3 view .LVU69
 525:Drivers/STM32F0xx_HAL_Driver/Src/stm32f0xx_hal_dac.c ****   UNUSED(Length);
 286              		.loc 1 525 3 view .LVU70
 526:Drivers/STM32F0xx_HAL_Driver/Src/stm32f0xx_hal_dac.c ****   UNUSED(Alignment);
 287              		.loc 1 526 3 view .LVU71
 527:Drivers/STM32F0xx_HAL_Driver/Src/stm32f0xx_hal_dac.c **** 
 528:Drivers/STM32F0xx_HAL_Driver/Src/stm32f0xx_hal_dac.c ****   /* Note : This function is defined into this file for library reference. */
 529:Drivers/STM32F0xx_HAL_Driver/Src/stm32f0xx_hal_dac.c ****   /*        Function content is located into file stm32f0xx_hal_dac_ex.c   */
 530:Drivers/STM32F0xx_HAL_Driver/Src/stm32f0xx_hal_dac.c ****   
 531:Drivers/STM32F0xx_HAL_Driver/Src/stm32f0xx_hal_dac.c ****   /* Return error status as not implemented here */
 532:Drivers/STM32F0xx_HAL_Driver/Src/stm32f0xx_hal_dac.c ****   return HAL_ERROR;
 288              		.loc 1 532 3 view .LVU72
 533:Drivers/STM32F0xx_HAL_Driver/Src/stm32f0xx_hal_dac.c **** }
 289              		.loc 1 533 1 is_stmt 0 view .LVU73
 290 0000 0120     		movs	r0, #1
ARM GAS  C:\Users\24705\AppData\Local\Temp\ccIDpHTN.s 			page 16


 291              	.LVL19:
 292              		.loc 1 533 1 view .LVU74
 293              		@ sp needed
 294 0002 7047     		bx	lr
 295              		.cfi_endproc
 296              	.LFE46:
 298              		.section	.text.HAL_DAC_Stop_DMA,"ax",%progbits
 299              		.align	1
 300              		.global	HAL_DAC_Stop_DMA
 301              		.syntax unified
 302              		.code	16
 303              		.thumb_func
 305              	HAL_DAC_Stop_DMA:
 306              	.LVL20:
 307              	.LFB47:
 534:Drivers/STM32F0xx_HAL_Driver/Src/stm32f0xx_hal_dac.c **** 
 535:Drivers/STM32F0xx_HAL_Driver/Src/stm32f0xx_hal_dac.c **** /**
 536:Drivers/STM32F0xx_HAL_Driver/Src/stm32f0xx_hal_dac.c ****   * @brief  Disables DAC and stop conversion of channel.
 537:Drivers/STM32F0xx_HAL_Driver/Src/stm32f0xx_hal_dac.c ****   * @param  hdac pointer to a DAC_HandleTypeDef structure that contains
 538:Drivers/STM32F0xx_HAL_Driver/Src/stm32f0xx_hal_dac.c ****   *         the configuration information for the specified DAC.
 539:Drivers/STM32F0xx_HAL_Driver/Src/stm32f0xx_hal_dac.c ****   * @param  Channel The selected DAC channel. 
 540:Drivers/STM32F0xx_HAL_Driver/Src/stm32f0xx_hal_dac.c ****   *          This parameter can be one of the following values:
 541:Drivers/STM32F0xx_HAL_Driver/Src/stm32f0xx_hal_dac.c ****   *            @arg DAC_CHANNEL_1: DAC Channel1 selected
 542:Drivers/STM32F0xx_HAL_Driver/Src/stm32f0xx_hal_dac.c ****   *            @arg DAC_CHANNEL_2: DAC Channel2 selected   
 543:Drivers/STM32F0xx_HAL_Driver/Src/stm32f0xx_hal_dac.c ****   * @retval HAL status
 544:Drivers/STM32F0xx_HAL_Driver/Src/stm32f0xx_hal_dac.c ****   */
 545:Drivers/STM32F0xx_HAL_Driver/Src/stm32f0xx_hal_dac.c **** HAL_StatusTypeDef HAL_DAC_Stop_DMA(DAC_HandleTypeDef* hdac, uint32_t Channel)
 546:Drivers/STM32F0xx_HAL_Driver/Src/stm32f0xx_hal_dac.c **** {
 308              		.loc 1 546 1 is_stmt 1 view -0
 309              		.cfi_startproc
 310              		@ args = 0, pretend = 0, frame = 0
 311              		@ frame_needed = 0, uses_anonymous_args = 0
 312              		.loc 1 546 1 is_stmt 0 view .LVU76
 313 0000 10B5     		push	{r4, lr}
 314              	.LCFI3:
 315              		.cfi_def_cfa_offset 8
 316              		.cfi_offset 4, -8
 317              		.cfi_offset 14, -4
 318 0002 0400     		movs	r4, r0
 547:Drivers/STM32F0xx_HAL_Driver/Src/stm32f0xx_hal_dac.c ****    HAL_StatusTypeDef status = HAL_OK;
 319              		.loc 1 547 4 is_stmt 1 view .LVU77
 320              	.LVL21:
 548:Drivers/STM32F0xx_HAL_Driver/Src/stm32f0xx_hal_dac.c ****     
 549:Drivers/STM32F0xx_HAL_Driver/Src/stm32f0xx_hal_dac.c ****   /* Check the parameters */
 550:Drivers/STM32F0xx_HAL_Driver/Src/stm32f0xx_hal_dac.c ****   assert_param(IS_DAC_CHANNEL(Channel));
 321              		.loc 1 550 3 view .LVU78
 551:Drivers/STM32F0xx_HAL_Driver/Src/stm32f0xx_hal_dac.c ****   
 552:Drivers/STM32F0xx_HAL_Driver/Src/stm32f0xx_hal_dac.c ****   /* Disable the selected DAC channel DMA request */
 553:Drivers/STM32F0xx_HAL_Driver/Src/stm32f0xx_hal_dac.c ****     hdac->Instance->CR &= ~(DAC_CR_DMAEN1 << Channel);
 322              		.loc 1 553 5 view .LVU79
 323              		.loc 1 553 9 is_stmt 0 view .LVU80
 324 0004 0068     		ldr	r0, [r0]
 325              	.LVL22:
 326              		.loc 1 553 19 view .LVU81
 327 0006 0368     		ldr	r3, [r0]
 328              		.loc 1 553 43 view .LVU82
 329 0008 8022     		movs	r2, #128
ARM GAS  C:\Users\24705\AppData\Local\Temp\ccIDpHTN.s 			page 17


 330 000a 5201     		lsls	r2, r2, #5
 331 000c 8A40     		lsls	r2, r2, r1
 332              		.loc 1 553 24 view .LVU83
 333 000e 9343     		bics	r3, r2
 334 0010 0360     		str	r3, [r0]
 554:Drivers/STM32F0xx_HAL_Driver/Src/stm32f0xx_hal_dac.c ****     
 555:Drivers/STM32F0xx_HAL_Driver/Src/stm32f0xx_hal_dac.c ****   /* Disable the Peripheral */
 556:Drivers/STM32F0xx_HAL_Driver/Src/stm32f0xx_hal_dac.c ****   __HAL_DAC_DISABLE(hdac, Channel);
 335              		.loc 1 556 3 is_stmt 1 view .LVU84
 336 0012 2068     		ldr	r0, [r4]
 337 0014 0368     		ldr	r3, [r0]
 338 0016 0122     		movs	r2, #1
 339 0018 8A40     		lsls	r2, r2, r1
 340 001a 9343     		bics	r3, r2
 341 001c 0360     		str	r3, [r0]
 557:Drivers/STM32F0xx_HAL_Driver/Src/stm32f0xx_hal_dac.c ****   
 558:Drivers/STM32F0xx_HAL_Driver/Src/stm32f0xx_hal_dac.c ****   /* Disable the DMA channel */
 559:Drivers/STM32F0xx_HAL_Driver/Src/stm32f0xx_hal_dac.c ****   /* Channel1 is used */
 560:Drivers/STM32F0xx_HAL_Driver/Src/stm32f0xx_hal_dac.c ****   if (Channel == DAC_CHANNEL_1)
 342              		.loc 1 560 3 view .LVU85
 343              		.loc 1 560 6 is_stmt 0 view .LVU86
 344 001e 0029     		cmp	r1, #0
 345 0020 0CD1     		bne	.L15
 561:Drivers/STM32F0xx_HAL_Driver/Src/stm32f0xx_hal_dac.c ****   {
 562:Drivers/STM32F0xx_HAL_Driver/Src/stm32f0xx_hal_dac.c ****     /* Disable the DMA channel */
 563:Drivers/STM32F0xx_HAL_Driver/Src/stm32f0xx_hal_dac.c ****     status = HAL_DMA_Abort(hdac->DMA_Handle1);   
 346              		.loc 1 563 5 is_stmt 1 view .LVU87
 347              		.loc 1 563 14 is_stmt 0 view .LVU88
 348 0022 A068     		ldr	r0, [r4, #8]
 349 0024 FFF7FEFF 		bl	HAL_DMA_Abort
 350              	.LVL23:
 564:Drivers/STM32F0xx_HAL_Driver/Src/stm32f0xx_hal_dac.c ****     
 565:Drivers/STM32F0xx_HAL_Driver/Src/stm32f0xx_hal_dac.c ****     /* Disable the DAC DMA underrun interrupt */
 566:Drivers/STM32F0xx_HAL_Driver/Src/stm32f0xx_hal_dac.c ****     __HAL_DAC_DISABLE_IT(hdac, DAC_IT_DMAUDR1);
 351              		.loc 1 566 5 is_stmt 1 view .LVU89
 352 0028 2268     		ldr	r2, [r4]
 353 002a 1368     		ldr	r3, [r2]
 354 002c 0949     		ldr	r1, .L19
 355 002e 0B40     		ands	r3, r1
 356 0030 1360     		str	r3, [r2]
 357              	.LVL24:
 358              	.L16:
 567:Drivers/STM32F0xx_HAL_Driver/Src/stm32f0xx_hal_dac.c ****   }
 568:Drivers/STM32F0xx_HAL_Driver/Src/stm32f0xx_hal_dac.c **** 
 569:Drivers/STM32F0xx_HAL_Driver/Src/stm32f0xx_hal_dac.c **** #if defined(DAC_CHANNEL2_SUPPORT)
 570:Drivers/STM32F0xx_HAL_Driver/Src/stm32f0xx_hal_dac.c ****   
 571:Drivers/STM32F0xx_HAL_Driver/Src/stm32f0xx_hal_dac.c ****   else /* Channel2 is used */
 572:Drivers/STM32F0xx_HAL_Driver/Src/stm32f0xx_hal_dac.c ****   {
 573:Drivers/STM32F0xx_HAL_Driver/Src/stm32f0xx_hal_dac.c ****     /* Disable the DMA channel */
 574:Drivers/STM32F0xx_HAL_Driver/Src/stm32f0xx_hal_dac.c ****     status = HAL_DMA_Abort(hdac->DMA_Handle2);   
 575:Drivers/STM32F0xx_HAL_Driver/Src/stm32f0xx_hal_dac.c ****     
 576:Drivers/STM32F0xx_HAL_Driver/Src/stm32f0xx_hal_dac.c ****     /* Disable the DAC DMA underrun interrupt */
 577:Drivers/STM32F0xx_HAL_Driver/Src/stm32f0xx_hal_dac.c ****     __HAL_DAC_DISABLE_IT(hdac, DAC_IT_DMAUDR2);
 578:Drivers/STM32F0xx_HAL_Driver/Src/stm32f0xx_hal_dac.c ****   }
 579:Drivers/STM32F0xx_HAL_Driver/Src/stm32f0xx_hal_dac.c **** #endif  /* DAC_CHANNEL2_SUPPORT */ 
 580:Drivers/STM32F0xx_HAL_Driver/Src/stm32f0xx_hal_dac.c ****   
 581:Drivers/STM32F0xx_HAL_Driver/Src/stm32f0xx_hal_dac.c ****   /* Check if DMA Channel effectively disabled */
ARM GAS  C:\Users\24705\AppData\Local\Temp\ccIDpHTN.s 			page 18


 582:Drivers/STM32F0xx_HAL_Driver/Src/stm32f0xx_hal_dac.c ****   if (status != HAL_OK)
 359              		.loc 1 582 3 view .LVU90
 360              		.loc 1 582 6 is_stmt 0 view .LVU91
 361 0032 0028     		cmp	r0, #0
 362 0034 0BD0     		beq	.L17
 583:Drivers/STM32F0xx_HAL_Driver/Src/stm32f0xx_hal_dac.c ****   {
 584:Drivers/STM32F0xx_HAL_Driver/Src/stm32f0xx_hal_dac.c ****   /* Update DAC state machine to error */
 585:Drivers/STM32F0xx_HAL_Driver/Src/stm32f0xx_hal_dac.c ****   hdac->State = HAL_DAC_STATE_ERROR; 
 363              		.loc 1 585 3 is_stmt 1 view .LVU92
 364              		.loc 1 585 15 is_stmt 0 view .LVU93
 365 0036 0423     		movs	r3, #4
 366 0038 2371     		strb	r3, [r4, #4]
 367              	.L18:
 586:Drivers/STM32F0xx_HAL_Driver/Src/stm32f0xx_hal_dac.c ****   }
 587:Drivers/STM32F0xx_HAL_Driver/Src/stm32f0xx_hal_dac.c ****   else
 588:Drivers/STM32F0xx_HAL_Driver/Src/stm32f0xx_hal_dac.c ****   {
 589:Drivers/STM32F0xx_HAL_Driver/Src/stm32f0xx_hal_dac.c ****   /* Change DAC state */
 590:Drivers/STM32F0xx_HAL_Driver/Src/stm32f0xx_hal_dac.c ****   hdac->State = HAL_DAC_STATE_READY;
 591:Drivers/STM32F0xx_HAL_Driver/Src/stm32f0xx_hal_dac.c ****   }
 592:Drivers/STM32F0xx_HAL_Driver/Src/stm32f0xx_hal_dac.c **** 
 593:Drivers/STM32F0xx_HAL_Driver/Src/stm32f0xx_hal_dac.c ****   /* Return function status */
 594:Drivers/STM32F0xx_HAL_Driver/Src/stm32f0xx_hal_dac.c ****   return status;
 368              		.loc 1 594 3 is_stmt 1 view .LVU94
 595:Drivers/STM32F0xx_HAL_Driver/Src/stm32f0xx_hal_dac.c **** }
 369              		.loc 1 595 1 is_stmt 0 view .LVU95
 370              		@ sp needed
 371              	.LVL25:
 372              		.loc 1 595 1 view .LVU96
 373 003a 10BD     		pop	{r4, pc}
 374              	.LVL26:
 375              	.L15:
 574:Drivers/STM32F0xx_HAL_Driver/Src/stm32f0xx_hal_dac.c ****     
 376              		.loc 1 574 5 is_stmt 1 view .LVU97
 574:Drivers/STM32F0xx_HAL_Driver/Src/stm32f0xx_hal_dac.c ****     
 377              		.loc 1 574 14 is_stmt 0 view .LVU98
 378 003c E068     		ldr	r0, [r4, #12]
 379 003e FFF7FEFF 		bl	HAL_DMA_Abort
 380              	.LVL27:
 577:Drivers/STM32F0xx_HAL_Driver/Src/stm32f0xx_hal_dac.c ****   }
 381              		.loc 1 577 5 is_stmt 1 view .LVU99
 382 0042 2268     		ldr	r2, [r4]
 383 0044 1368     		ldr	r3, [r2]
 384 0046 0449     		ldr	r1, .L19+4
 385 0048 0B40     		ands	r3, r1
 386 004a 1360     		str	r3, [r2]
 387 004c F1E7     		b	.L16
 388              	.L17:
 590:Drivers/STM32F0xx_HAL_Driver/Src/stm32f0xx_hal_dac.c ****   }
 389              		.loc 1 590 3 view .LVU100
 590:Drivers/STM32F0xx_HAL_Driver/Src/stm32f0xx_hal_dac.c ****   }
 390              		.loc 1 590 15 is_stmt 0 view .LVU101
 391 004e 0123     		movs	r3, #1
 392 0050 2371     		strb	r3, [r4, #4]
 393 0052 F2E7     		b	.L18
 394              	.L20:
 395              		.align	2
 396              	.L19:
ARM GAS  C:\Users\24705\AppData\Local\Temp\ccIDpHTN.s 			page 19


 397 0054 FFDFFFFF 		.word	-8193
 398 0058 FFFFFFDF 		.word	-536870913
 399              		.cfi_endproc
 400              	.LFE47:
 402              		.section	.text.HAL_DAC_IRQHandler,"ax",%progbits
 403              		.align	1
 404              		.weak	HAL_DAC_IRQHandler
 405              		.syntax unified
 406              		.code	16
 407              		.thumb_func
 409              	HAL_DAC_IRQHandler:
 410              	.LVL28:
 411              	.LFB48:
 596:Drivers/STM32F0xx_HAL_Driver/Src/stm32f0xx_hal_dac.c **** 
 597:Drivers/STM32F0xx_HAL_Driver/Src/stm32f0xx_hal_dac.c **** /**
 598:Drivers/STM32F0xx_HAL_Driver/Src/stm32f0xx_hal_dac.c ****   * @brief  Handles DAC interrupt request  
 599:Drivers/STM32F0xx_HAL_Driver/Src/stm32f0xx_hal_dac.c ****   * @param  hdac pointer to a DAC_HandleTypeDef structure that contains
 600:Drivers/STM32F0xx_HAL_Driver/Src/stm32f0xx_hal_dac.c ****   *         the configuration information for the specified DAC.
 601:Drivers/STM32F0xx_HAL_Driver/Src/stm32f0xx_hal_dac.c ****   * @retval None
 602:Drivers/STM32F0xx_HAL_Driver/Src/stm32f0xx_hal_dac.c ****   */
 603:Drivers/STM32F0xx_HAL_Driver/Src/stm32f0xx_hal_dac.c **** __weak void HAL_DAC_IRQHandler(DAC_HandleTypeDef* hdac)
 604:Drivers/STM32F0xx_HAL_Driver/Src/stm32f0xx_hal_dac.c **** {
 412              		.loc 1 604 1 is_stmt 1 view -0
 413              		.cfi_startproc
 414              		@ args = 0, pretend = 0, frame = 0
 415              		@ frame_needed = 0, uses_anonymous_args = 0
 416              		@ link register save eliminated.
 605:Drivers/STM32F0xx_HAL_Driver/Src/stm32f0xx_hal_dac.c ****   /* Prevent unused argument(s) compilation warning */
 606:Drivers/STM32F0xx_HAL_Driver/Src/stm32f0xx_hal_dac.c ****   UNUSED(hdac);
 417              		.loc 1 606 3 view .LVU103
 607:Drivers/STM32F0xx_HAL_Driver/Src/stm32f0xx_hal_dac.c **** 
 608:Drivers/STM32F0xx_HAL_Driver/Src/stm32f0xx_hal_dac.c ****   /* Note : This function is defined into this file for library reference. */
 609:Drivers/STM32F0xx_HAL_Driver/Src/stm32f0xx_hal_dac.c ****   /*        Function content is located into file stm32f0xx_hal_dac_ex.c   */
 610:Drivers/STM32F0xx_HAL_Driver/Src/stm32f0xx_hal_dac.c **** }
 418              		.loc 1 610 1 is_stmt 0 view .LVU104
 419              		@ sp needed
 420 0000 7047     		bx	lr
 421              		.cfi_endproc
 422              	.LFE48:
 424              		.section	.text.HAL_DAC_SetValue,"ax",%progbits
 425              		.align	1
 426              		.global	HAL_DAC_SetValue
 427              		.syntax unified
 428              		.code	16
 429              		.thumb_func
 431              	HAL_DAC_SetValue:
 432              	.LVL29:
 433              	.LFB49:
 611:Drivers/STM32F0xx_HAL_Driver/Src/stm32f0xx_hal_dac.c **** 
 612:Drivers/STM32F0xx_HAL_Driver/Src/stm32f0xx_hal_dac.c **** /**
 613:Drivers/STM32F0xx_HAL_Driver/Src/stm32f0xx_hal_dac.c ****   * @brief  Set the specified data holding register value for DAC channel.
 614:Drivers/STM32F0xx_HAL_Driver/Src/stm32f0xx_hal_dac.c ****   * @param  hdac pointer to a DAC_HandleTypeDef structure that contains
 615:Drivers/STM32F0xx_HAL_Driver/Src/stm32f0xx_hal_dac.c ****   *         the configuration information for the specified DAC.
 616:Drivers/STM32F0xx_HAL_Driver/Src/stm32f0xx_hal_dac.c ****   * @param  Channel The selected DAC channel. 
 617:Drivers/STM32F0xx_HAL_Driver/Src/stm32f0xx_hal_dac.c ****   *          This parameter can be one of the following values:
 618:Drivers/STM32F0xx_HAL_Driver/Src/stm32f0xx_hal_dac.c ****   *            @arg DAC_CHANNEL_1: DAC Channel1 selected
 619:Drivers/STM32F0xx_HAL_Driver/Src/stm32f0xx_hal_dac.c ****   *            @arg DAC_CHANNEL_2: DAC Channel2 selected  
ARM GAS  C:\Users\24705\AppData\Local\Temp\ccIDpHTN.s 			page 20


 620:Drivers/STM32F0xx_HAL_Driver/Src/stm32f0xx_hal_dac.c ****   * @param  Alignment Specifies the data alignment.
 621:Drivers/STM32F0xx_HAL_Driver/Src/stm32f0xx_hal_dac.c ****   *          This parameter can be one of the following values:
 622:Drivers/STM32F0xx_HAL_Driver/Src/stm32f0xx_hal_dac.c ****   *            @arg DAC_ALIGN_8B_R: 8bit right data alignment selected
 623:Drivers/STM32F0xx_HAL_Driver/Src/stm32f0xx_hal_dac.c ****   *            @arg DAC_ALIGN_12B_L: 12bit left data alignment selected
 624:Drivers/STM32F0xx_HAL_Driver/Src/stm32f0xx_hal_dac.c ****   *            @arg DAC_ALIGN_12B_R: 12bit right data alignment selected
 625:Drivers/STM32F0xx_HAL_Driver/Src/stm32f0xx_hal_dac.c ****   * @param  Data Data to be loaded in the selected data holding register.
 626:Drivers/STM32F0xx_HAL_Driver/Src/stm32f0xx_hal_dac.c ****   * @retval HAL status
 627:Drivers/STM32F0xx_HAL_Driver/Src/stm32f0xx_hal_dac.c ****   */
 628:Drivers/STM32F0xx_HAL_Driver/Src/stm32f0xx_hal_dac.c **** HAL_StatusTypeDef HAL_DAC_SetValue(DAC_HandleTypeDef* hdac, uint32_t Channel, uint32_t Alignment, u
 629:Drivers/STM32F0xx_HAL_Driver/Src/stm32f0xx_hal_dac.c **** {  
 434              		.loc 1 629 1 is_stmt 1 view -0
 435              		.cfi_startproc
 436              		@ args = 0, pretend = 0, frame = 8
 437              		@ frame_needed = 0, uses_anonymous_args = 0
 438              		.loc 1 629 1 is_stmt 0 view .LVU106
 439 0000 10B5     		push	{r4, lr}
 440              	.LCFI4:
 441              		.cfi_def_cfa_offset 8
 442              		.cfi_offset 4, -8
 443              		.cfi_offset 14, -4
 444 0002 82B0     		sub	sp, sp, #8
 445              	.LCFI5:
 446              		.cfi_def_cfa_offset 16
 630:Drivers/STM32F0xx_HAL_Driver/Src/stm32f0xx_hal_dac.c ****   __IO uint32_t tmp = 0;
 447              		.loc 1 630 3 is_stmt 1 view .LVU107
 448              		.loc 1 630 17 is_stmt 0 view .LVU108
 449 0004 0024     		movs	r4, #0
 450 0006 0194     		str	r4, [sp, #4]
 631:Drivers/STM32F0xx_HAL_Driver/Src/stm32f0xx_hal_dac.c ****   
 632:Drivers/STM32F0xx_HAL_Driver/Src/stm32f0xx_hal_dac.c ****   /* Check the parameters */
 633:Drivers/STM32F0xx_HAL_Driver/Src/stm32f0xx_hal_dac.c ****   assert_param(IS_DAC_CHANNEL(Channel));
 451              		.loc 1 633 3 is_stmt 1 view .LVU109
 634:Drivers/STM32F0xx_HAL_Driver/Src/stm32f0xx_hal_dac.c ****   assert_param(IS_DAC_ALIGN(Alignment));
 452              		.loc 1 634 3 view .LVU110
 635:Drivers/STM32F0xx_HAL_Driver/Src/stm32f0xx_hal_dac.c ****   assert_param(IS_DAC_DATA(Data));
 453              		.loc 1 635 3 view .LVU111
 636:Drivers/STM32F0xx_HAL_Driver/Src/stm32f0xx_hal_dac.c ****   
 637:Drivers/STM32F0xx_HAL_Driver/Src/stm32f0xx_hal_dac.c ****   tmp = (uint32_t)hdac->Instance; 
 454              		.loc 1 637 3 view .LVU112
 455              		.loc 1 637 23 is_stmt 0 view .LVU113
 456 0008 0068     		ldr	r0, [r0]
 457              	.LVL30:
 458              		.loc 1 637 7 view .LVU114
 459 000a 0190     		str	r0, [sp, #4]
 638:Drivers/STM32F0xx_HAL_Driver/Src/stm32f0xx_hal_dac.c ****   if(Channel == DAC_CHANNEL_1)
 460              		.loc 1 638 3 is_stmt 1 view .LVU115
 461              		.loc 1 638 5 is_stmt 0 view .LVU116
 462 000c 0029     		cmp	r1, #0
 463 000e 08D1     		bne	.L23
 639:Drivers/STM32F0xx_HAL_Driver/Src/stm32f0xx_hal_dac.c ****   {
 640:Drivers/STM32F0xx_HAL_Driver/Src/stm32f0xx_hal_dac.c ****     tmp += DAC_DHR12R1_ALIGNMENT(Alignment);
 464              		.loc 1 640 5 is_stmt 1 view .LVU117
 465              		.loc 1 640 9 is_stmt 0 view .LVU118
 466 0010 0199     		ldr	r1, [sp, #4]
 467              	.LVL31:
 468              		.loc 1 640 9 view .LVU119
 469 0012 8A18     		adds	r2, r1, r2
ARM GAS  C:\Users\24705\AppData\Local\Temp\ccIDpHTN.s 			page 21


 470              	.LVL32:
 471              		.loc 1 640 9 view .LVU120
 472 0014 0832     		adds	r2, r2, #8
 473 0016 0192     		str	r2, [sp, #4]
 474              	.L24:
 641:Drivers/STM32F0xx_HAL_Driver/Src/stm32f0xx_hal_dac.c ****   }
 642:Drivers/STM32F0xx_HAL_Driver/Src/stm32f0xx_hal_dac.c ****   else
 643:Drivers/STM32F0xx_HAL_Driver/Src/stm32f0xx_hal_dac.c ****   {
 644:Drivers/STM32F0xx_HAL_Driver/Src/stm32f0xx_hal_dac.c ****     tmp += DAC_DHR12R2_ALIGNMENT(Alignment);
 645:Drivers/STM32F0xx_HAL_Driver/Src/stm32f0xx_hal_dac.c ****   }
 646:Drivers/STM32F0xx_HAL_Driver/Src/stm32f0xx_hal_dac.c **** 
 647:Drivers/STM32F0xx_HAL_Driver/Src/stm32f0xx_hal_dac.c ****   /* Set the DAC channel1 selected data holding register */
 648:Drivers/STM32F0xx_HAL_Driver/Src/stm32f0xx_hal_dac.c ****   *(__IO uint32_t *) tmp = Data;
 475              		.loc 1 648 3 is_stmt 1 view .LVU121
 476              		.loc 1 648 4 is_stmt 0 view .LVU122
 477 0018 019A     		ldr	r2, [sp, #4]
 478              		.loc 1 648 26 view .LVU123
 479 001a 1360     		str	r3, [r2]
 649:Drivers/STM32F0xx_HAL_Driver/Src/stm32f0xx_hal_dac.c ****   
 650:Drivers/STM32F0xx_HAL_Driver/Src/stm32f0xx_hal_dac.c ****   /* Return function status */
 651:Drivers/STM32F0xx_HAL_Driver/Src/stm32f0xx_hal_dac.c ****   return HAL_OK;
 480              		.loc 1 651 3 is_stmt 1 view .LVU124
 652:Drivers/STM32F0xx_HAL_Driver/Src/stm32f0xx_hal_dac.c **** }
 481              		.loc 1 652 1 is_stmt 0 view .LVU125
 482 001c 0020     		movs	r0, #0
 483 001e 02B0     		add	sp, sp, #8
 484              		@ sp needed
 485 0020 10BD     		pop	{r4, pc}
 486              	.LVL33:
 487              	.L23:
 644:Drivers/STM32F0xx_HAL_Driver/Src/stm32f0xx_hal_dac.c ****   }
 488              		.loc 1 644 5 is_stmt 1 view .LVU126
 644:Drivers/STM32F0xx_HAL_Driver/Src/stm32f0xx_hal_dac.c ****   }
 489              		.loc 1 644 9 is_stmt 0 view .LVU127
 490 0022 0199     		ldr	r1, [sp, #4]
 491              	.LVL34:
 644:Drivers/STM32F0xx_HAL_Driver/Src/stm32f0xx_hal_dac.c ****   }
 492              		.loc 1 644 9 view .LVU128
 493 0024 8A18     		adds	r2, r1, r2
 494              	.LVL35:
 644:Drivers/STM32F0xx_HAL_Driver/Src/stm32f0xx_hal_dac.c ****   }
 495              		.loc 1 644 9 view .LVU129
 496 0026 1432     		adds	r2, r2, #20
 497 0028 0192     		str	r2, [sp, #4]
 498 002a F5E7     		b	.L24
 499              		.cfi_endproc
 500              	.LFE49:
 502              		.section	.text.HAL_DAC_ConvCpltCallbackCh1,"ax",%progbits
 503              		.align	1
 504              		.weak	HAL_DAC_ConvCpltCallbackCh1
 505              		.syntax unified
 506              		.code	16
 507              		.thumb_func
 509              	HAL_DAC_ConvCpltCallbackCh1:
 510              	.LVL36:
 511              	.LFB50:
 653:Drivers/STM32F0xx_HAL_Driver/Src/stm32f0xx_hal_dac.c **** 
ARM GAS  C:\Users\24705\AppData\Local\Temp\ccIDpHTN.s 			page 22


 654:Drivers/STM32F0xx_HAL_Driver/Src/stm32f0xx_hal_dac.c **** /**
 655:Drivers/STM32F0xx_HAL_Driver/Src/stm32f0xx_hal_dac.c ****   * @brief  Conversion complete callback in non blocking mode for Channel1 
 656:Drivers/STM32F0xx_HAL_Driver/Src/stm32f0xx_hal_dac.c ****   * @param  hdac pointer to a DAC_HandleTypeDef structure that contains
 657:Drivers/STM32F0xx_HAL_Driver/Src/stm32f0xx_hal_dac.c ****   *         the configuration information for the specified DAC.
 658:Drivers/STM32F0xx_HAL_Driver/Src/stm32f0xx_hal_dac.c ****   * @retval None
 659:Drivers/STM32F0xx_HAL_Driver/Src/stm32f0xx_hal_dac.c ****   */
 660:Drivers/STM32F0xx_HAL_Driver/Src/stm32f0xx_hal_dac.c **** __weak void HAL_DAC_ConvCpltCallbackCh1(DAC_HandleTypeDef* hdac)
 661:Drivers/STM32F0xx_HAL_Driver/Src/stm32f0xx_hal_dac.c **** {
 512              		.loc 1 661 1 is_stmt 1 view -0
 513              		.cfi_startproc
 514              		@ args = 0, pretend = 0, frame = 0
 515              		@ frame_needed = 0, uses_anonymous_args = 0
 516              		@ link register save eliminated.
 662:Drivers/STM32F0xx_HAL_Driver/Src/stm32f0xx_hal_dac.c ****   /* Prevent unused argument(s) compilation warning */
 663:Drivers/STM32F0xx_HAL_Driver/Src/stm32f0xx_hal_dac.c ****   UNUSED(hdac);
 517              		.loc 1 663 3 view .LVU131
 664:Drivers/STM32F0xx_HAL_Driver/Src/stm32f0xx_hal_dac.c **** 
 665:Drivers/STM32F0xx_HAL_Driver/Src/stm32f0xx_hal_dac.c ****   /* NOTE : This function should not be modified, when the callback is needed,
 666:Drivers/STM32F0xx_HAL_Driver/Src/stm32f0xx_hal_dac.c ****             the HAL_DAC_ConvCpltCallbackCh1 could be implemented in the user file
 667:Drivers/STM32F0xx_HAL_Driver/Src/stm32f0xx_hal_dac.c ****    */
 668:Drivers/STM32F0xx_HAL_Driver/Src/stm32f0xx_hal_dac.c **** }
 518              		.loc 1 668 1 is_stmt 0 view .LVU132
 519              		@ sp needed
 520 0000 7047     		bx	lr
 521              		.cfi_endproc
 522              	.LFE50:
 524              		.section	.text.HAL_DAC_ConvHalfCpltCallbackCh1,"ax",%progbits
 525              		.align	1
 526              		.weak	HAL_DAC_ConvHalfCpltCallbackCh1
 527              		.syntax unified
 528              		.code	16
 529              		.thumb_func
 531              	HAL_DAC_ConvHalfCpltCallbackCh1:
 532              	.LVL37:
 533              	.LFB51:
 669:Drivers/STM32F0xx_HAL_Driver/Src/stm32f0xx_hal_dac.c **** 
 670:Drivers/STM32F0xx_HAL_Driver/Src/stm32f0xx_hal_dac.c **** /**
 671:Drivers/STM32F0xx_HAL_Driver/Src/stm32f0xx_hal_dac.c ****   * @brief  Conversion half DMA transfer callback in non-blocking mode for Channel1 
 672:Drivers/STM32F0xx_HAL_Driver/Src/stm32f0xx_hal_dac.c ****   * @param  hdac pointer to a DAC_HandleTypeDef structure that contains
 673:Drivers/STM32F0xx_HAL_Driver/Src/stm32f0xx_hal_dac.c ****   *         the configuration information for the specified DAC.
 674:Drivers/STM32F0xx_HAL_Driver/Src/stm32f0xx_hal_dac.c ****   * @retval None
 675:Drivers/STM32F0xx_HAL_Driver/Src/stm32f0xx_hal_dac.c ****   */
 676:Drivers/STM32F0xx_HAL_Driver/Src/stm32f0xx_hal_dac.c **** __weak void HAL_DAC_ConvHalfCpltCallbackCh1(DAC_HandleTypeDef* hdac)
 677:Drivers/STM32F0xx_HAL_Driver/Src/stm32f0xx_hal_dac.c **** {
 534              		.loc 1 677 1 is_stmt 1 view -0
 535              		.cfi_startproc
 536              		@ args = 0, pretend = 0, frame = 0
 537              		@ frame_needed = 0, uses_anonymous_args = 0
 538              		@ link register save eliminated.
 678:Drivers/STM32F0xx_HAL_Driver/Src/stm32f0xx_hal_dac.c ****   /* Prevent unused argument(s) compilation warning */
 679:Drivers/STM32F0xx_HAL_Driver/Src/stm32f0xx_hal_dac.c ****   UNUSED(hdac);
 539              		.loc 1 679 3 view .LVU134
 680:Drivers/STM32F0xx_HAL_Driver/Src/stm32f0xx_hal_dac.c **** 
 681:Drivers/STM32F0xx_HAL_Driver/Src/stm32f0xx_hal_dac.c ****   /* NOTE : This function should not be modified, when the callback is needed,
 682:Drivers/STM32F0xx_HAL_Driver/Src/stm32f0xx_hal_dac.c ****             the HAL_DAC_ConvHalfCpltCallbackCh1 could be implemented in the user file
 683:Drivers/STM32F0xx_HAL_Driver/Src/stm32f0xx_hal_dac.c ****    */
 684:Drivers/STM32F0xx_HAL_Driver/Src/stm32f0xx_hal_dac.c **** }
ARM GAS  C:\Users\24705\AppData\Local\Temp\ccIDpHTN.s 			page 23


 540              		.loc 1 684 1 is_stmt 0 view .LVU135
 541              		@ sp needed
 542 0000 7047     		bx	lr
 543              		.cfi_endproc
 544              	.LFE51:
 546              		.section	.text.HAL_DAC_ErrorCallbackCh1,"ax",%progbits
 547              		.align	1
 548              		.weak	HAL_DAC_ErrorCallbackCh1
 549              		.syntax unified
 550              		.code	16
 551              		.thumb_func
 553              	HAL_DAC_ErrorCallbackCh1:
 554              	.LVL38:
 555              	.LFB52:
 685:Drivers/STM32F0xx_HAL_Driver/Src/stm32f0xx_hal_dac.c **** 
 686:Drivers/STM32F0xx_HAL_Driver/Src/stm32f0xx_hal_dac.c **** /**
 687:Drivers/STM32F0xx_HAL_Driver/Src/stm32f0xx_hal_dac.c ****   * @brief  Error DAC callback for Channel1.
 688:Drivers/STM32F0xx_HAL_Driver/Src/stm32f0xx_hal_dac.c ****   * @param  hdac pointer to a DAC_HandleTypeDef structure that contains
 689:Drivers/STM32F0xx_HAL_Driver/Src/stm32f0xx_hal_dac.c ****   *         the configuration information for the specified DAC.
 690:Drivers/STM32F0xx_HAL_Driver/Src/stm32f0xx_hal_dac.c ****   * @retval None
 691:Drivers/STM32F0xx_HAL_Driver/Src/stm32f0xx_hal_dac.c ****   */
 692:Drivers/STM32F0xx_HAL_Driver/Src/stm32f0xx_hal_dac.c **** __weak void HAL_DAC_ErrorCallbackCh1(DAC_HandleTypeDef *hdac)
 693:Drivers/STM32F0xx_HAL_Driver/Src/stm32f0xx_hal_dac.c **** {
 556              		.loc 1 693 1 is_stmt 1 view -0
 557              		.cfi_startproc
 558              		@ args = 0, pretend = 0, frame = 0
 559              		@ frame_needed = 0, uses_anonymous_args = 0
 560              		@ link register save eliminated.
 694:Drivers/STM32F0xx_HAL_Driver/Src/stm32f0xx_hal_dac.c ****   /* Prevent unused argument(s) compilation warning */
 695:Drivers/STM32F0xx_HAL_Driver/Src/stm32f0xx_hal_dac.c ****   UNUSED(hdac);
 561              		.loc 1 695 3 view .LVU137
 696:Drivers/STM32F0xx_HAL_Driver/Src/stm32f0xx_hal_dac.c **** 
 697:Drivers/STM32F0xx_HAL_Driver/Src/stm32f0xx_hal_dac.c ****   /* NOTE : This function should not be modified, when the callback is needed,
 698:Drivers/STM32F0xx_HAL_Driver/Src/stm32f0xx_hal_dac.c ****             the HAL_DAC_ErrorCallbackCh1 could be implemented in the user file
 699:Drivers/STM32F0xx_HAL_Driver/Src/stm32f0xx_hal_dac.c ****    */
 700:Drivers/STM32F0xx_HAL_Driver/Src/stm32f0xx_hal_dac.c **** }
 562              		.loc 1 700 1 is_stmt 0 view .LVU138
 563              		@ sp needed
 564 0000 7047     		bx	lr
 565              		.cfi_endproc
 566              	.LFE52:
 568              		.section	.text.HAL_DAC_DMAUnderrunCallbackCh1,"ax",%progbits
 569              		.align	1
 570              		.weak	HAL_DAC_DMAUnderrunCallbackCh1
 571              		.syntax unified
 572              		.code	16
 573              		.thumb_func
 575              	HAL_DAC_DMAUnderrunCallbackCh1:
 576              	.LVL39:
 577              	.LFB53:
 701:Drivers/STM32F0xx_HAL_Driver/Src/stm32f0xx_hal_dac.c **** 
 702:Drivers/STM32F0xx_HAL_Driver/Src/stm32f0xx_hal_dac.c **** /**
 703:Drivers/STM32F0xx_HAL_Driver/Src/stm32f0xx_hal_dac.c ****   * @brief  DMA underrun DAC callback for channel1.
 704:Drivers/STM32F0xx_HAL_Driver/Src/stm32f0xx_hal_dac.c ****   * @param  hdac pointer to a DAC_HandleTypeDef structure that contains
 705:Drivers/STM32F0xx_HAL_Driver/Src/stm32f0xx_hal_dac.c ****   *         the configuration information for the specified DAC.
 706:Drivers/STM32F0xx_HAL_Driver/Src/stm32f0xx_hal_dac.c ****   * @retval None
 707:Drivers/STM32F0xx_HAL_Driver/Src/stm32f0xx_hal_dac.c ****   */
ARM GAS  C:\Users\24705\AppData\Local\Temp\ccIDpHTN.s 			page 24


 708:Drivers/STM32F0xx_HAL_Driver/Src/stm32f0xx_hal_dac.c **** __weak void HAL_DAC_DMAUnderrunCallbackCh1(DAC_HandleTypeDef *hdac)
 709:Drivers/STM32F0xx_HAL_Driver/Src/stm32f0xx_hal_dac.c **** {
 578              		.loc 1 709 1 is_stmt 1 view -0
 579              		.cfi_startproc
 580              		@ args = 0, pretend = 0, frame = 0
 581              		@ frame_needed = 0, uses_anonymous_args = 0
 582              		@ link register save eliminated.
 710:Drivers/STM32F0xx_HAL_Driver/Src/stm32f0xx_hal_dac.c ****   /* Prevent unused argument(s) compilation warning */
 711:Drivers/STM32F0xx_HAL_Driver/Src/stm32f0xx_hal_dac.c ****   UNUSED(hdac);
 583              		.loc 1 711 3 view .LVU140
 712:Drivers/STM32F0xx_HAL_Driver/Src/stm32f0xx_hal_dac.c **** 
 713:Drivers/STM32F0xx_HAL_Driver/Src/stm32f0xx_hal_dac.c ****   /* NOTE : This function should not be modified, when the callback is needed,
 714:Drivers/STM32F0xx_HAL_Driver/Src/stm32f0xx_hal_dac.c ****             the HAL_DAC_DMAUnderrunCallbackCh1 could be implemented in the user file
 715:Drivers/STM32F0xx_HAL_Driver/Src/stm32f0xx_hal_dac.c ****    */
 716:Drivers/STM32F0xx_HAL_Driver/Src/stm32f0xx_hal_dac.c **** }
 584              		.loc 1 716 1 is_stmt 0 view .LVU141
 585              		@ sp needed
 586 0000 7047     		bx	lr
 587              		.cfi_endproc
 588              	.LFE53:
 590              		.section	.text.HAL_DAC_GetValue,"ax",%progbits
 591              		.align	1
 592              		.weak	HAL_DAC_GetValue
 593              		.syntax unified
 594              		.code	16
 595              		.thumb_func
 597              	HAL_DAC_GetValue:
 598              	.LVL40:
 599              	.LFB54:
 717:Drivers/STM32F0xx_HAL_Driver/Src/stm32f0xx_hal_dac.c **** 
 718:Drivers/STM32F0xx_HAL_Driver/Src/stm32f0xx_hal_dac.c **** /**
 719:Drivers/STM32F0xx_HAL_Driver/Src/stm32f0xx_hal_dac.c ****   * @}
 720:Drivers/STM32F0xx_HAL_Driver/Src/stm32f0xx_hal_dac.c ****   */
 721:Drivers/STM32F0xx_HAL_Driver/Src/stm32f0xx_hal_dac.c ****   
 722:Drivers/STM32F0xx_HAL_Driver/Src/stm32f0xx_hal_dac.c **** /** @defgroup DAC_Exported_Functions_Group3 Peripheral Control functions
 723:Drivers/STM32F0xx_HAL_Driver/Src/stm32f0xx_hal_dac.c ****  *  @brief    Peripheral Control functions 
 724:Drivers/STM32F0xx_HAL_Driver/Src/stm32f0xx_hal_dac.c ****  *
 725:Drivers/STM32F0xx_HAL_Driver/Src/stm32f0xx_hal_dac.c **** @verbatim
 726:Drivers/STM32F0xx_HAL_Driver/Src/stm32f0xx_hal_dac.c ****   ==============================================================================
 727:Drivers/STM32F0xx_HAL_Driver/Src/stm32f0xx_hal_dac.c ****              ##### Peripheral Control functions #####
 728:Drivers/STM32F0xx_HAL_Driver/Src/stm32f0xx_hal_dac.c ****   ==============================================================================  
 729:Drivers/STM32F0xx_HAL_Driver/Src/stm32f0xx_hal_dac.c ****     [..]  This section provides functions allowing to:
 730:Drivers/STM32F0xx_HAL_Driver/Src/stm32f0xx_hal_dac.c ****       (+) Configure channels. 
 731:Drivers/STM32F0xx_HAL_Driver/Src/stm32f0xx_hal_dac.c ****       (+) Get result of conversion.
 732:Drivers/STM32F0xx_HAL_Driver/Src/stm32f0xx_hal_dac.c ****       
 733:Drivers/STM32F0xx_HAL_Driver/Src/stm32f0xx_hal_dac.c **** @endverbatim
 734:Drivers/STM32F0xx_HAL_Driver/Src/stm32f0xx_hal_dac.c ****   * @{
 735:Drivers/STM32F0xx_HAL_Driver/Src/stm32f0xx_hal_dac.c ****   */
 736:Drivers/STM32F0xx_HAL_Driver/Src/stm32f0xx_hal_dac.c **** 
 737:Drivers/STM32F0xx_HAL_Driver/Src/stm32f0xx_hal_dac.c **** /**
 738:Drivers/STM32F0xx_HAL_Driver/Src/stm32f0xx_hal_dac.c ****   * @brief  Returns the last data output value of the selected DAC channel.
 739:Drivers/STM32F0xx_HAL_Driver/Src/stm32f0xx_hal_dac.c ****   * @param  hdac pointer to a DAC_HandleTypeDef structure that contains
 740:Drivers/STM32F0xx_HAL_Driver/Src/stm32f0xx_hal_dac.c ****   *         the configuration information for the specified DAC.
 741:Drivers/STM32F0xx_HAL_Driver/Src/stm32f0xx_hal_dac.c ****   * @param  Channel The selected DAC channel. 
 742:Drivers/STM32F0xx_HAL_Driver/Src/stm32f0xx_hal_dac.c ****   *          This parameter can be one of the following values:
 743:Drivers/STM32F0xx_HAL_Driver/Src/stm32f0xx_hal_dac.c ****   *            @arg DAC_CHANNEL_1: DAC Channel1 selected
 744:Drivers/STM32F0xx_HAL_Driver/Src/stm32f0xx_hal_dac.c ****   *            @arg DAC_CHANNEL_2: DAC Channel2 selected
ARM GAS  C:\Users\24705\AppData\Local\Temp\ccIDpHTN.s 			page 25


 745:Drivers/STM32F0xx_HAL_Driver/Src/stm32f0xx_hal_dac.c ****   * @retval The selected DAC channel data output value.
 746:Drivers/STM32F0xx_HAL_Driver/Src/stm32f0xx_hal_dac.c ****   */
 747:Drivers/STM32F0xx_HAL_Driver/Src/stm32f0xx_hal_dac.c **** __weak uint32_t HAL_DAC_GetValue(DAC_HandleTypeDef* hdac, uint32_t Channel)
 748:Drivers/STM32F0xx_HAL_Driver/Src/stm32f0xx_hal_dac.c **** {
 600              		.loc 1 748 1 is_stmt 1 view -0
 601              		.cfi_startproc
 602              		@ args = 0, pretend = 0, frame = 0
 603              		@ frame_needed = 0, uses_anonymous_args = 0
 604              		@ link register save eliminated.
 749:Drivers/STM32F0xx_HAL_Driver/Src/stm32f0xx_hal_dac.c ****   /* Prevent unused argument(s) compilation warning */
 750:Drivers/STM32F0xx_HAL_Driver/Src/stm32f0xx_hal_dac.c ****   UNUSED(hdac);
 605              		.loc 1 750 3 view .LVU143
 751:Drivers/STM32F0xx_HAL_Driver/Src/stm32f0xx_hal_dac.c ****   UNUSED(Channel);
 606              		.loc 1 751 3 view .LVU144
 752:Drivers/STM32F0xx_HAL_Driver/Src/stm32f0xx_hal_dac.c **** 
 753:Drivers/STM32F0xx_HAL_Driver/Src/stm32f0xx_hal_dac.c ****   /* Note : This function is defined into this file for library reference. */
 754:Drivers/STM32F0xx_HAL_Driver/Src/stm32f0xx_hal_dac.c ****   /*        Function content is located into file stm32f0xx_hal_dac_ex.c   */
 755:Drivers/STM32F0xx_HAL_Driver/Src/stm32f0xx_hal_dac.c ****   
 756:Drivers/STM32F0xx_HAL_Driver/Src/stm32f0xx_hal_dac.c ****   /* Return error status as not implemented here */
 757:Drivers/STM32F0xx_HAL_Driver/Src/stm32f0xx_hal_dac.c ****   return HAL_ERROR;
 607              		.loc 1 757 3 view .LVU145
 758:Drivers/STM32F0xx_HAL_Driver/Src/stm32f0xx_hal_dac.c **** }
 608              		.loc 1 758 1 is_stmt 0 view .LVU146
 609 0000 0120     		movs	r0, #1
 610              	.LVL41:
 611              		.loc 1 758 1 view .LVU147
 612              		@ sp needed
 613 0002 7047     		bx	lr
 614              		.cfi_endproc
 615              	.LFE54:
 617              		.section	.text.HAL_DAC_ConfigChannel,"ax",%progbits
 618              		.align	1
 619              		.weak	HAL_DAC_ConfigChannel
 620              		.syntax unified
 621              		.code	16
 622              		.thumb_func
 624              	HAL_DAC_ConfigChannel:
 625              	.LVL42:
 626              	.LFB55:
 759:Drivers/STM32F0xx_HAL_Driver/Src/stm32f0xx_hal_dac.c **** 
 760:Drivers/STM32F0xx_HAL_Driver/Src/stm32f0xx_hal_dac.c **** /**
 761:Drivers/STM32F0xx_HAL_Driver/Src/stm32f0xx_hal_dac.c ****   * @brief  Configures the selected DAC channel.
 762:Drivers/STM32F0xx_HAL_Driver/Src/stm32f0xx_hal_dac.c ****   * @param  hdac pointer to a DAC_HandleTypeDef structure that contains
 763:Drivers/STM32F0xx_HAL_Driver/Src/stm32f0xx_hal_dac.c ****   *         the configuration information for the specified DAC.
 764:Drivers/STM32F0xx_HAL_Driver/Src/stm32f0xx_hal_dac.c ****   * @param  sConfig DAC configuration structure.
 765:Drivers/STM32F0xx_HAL_Driver/Src/stm32f0xx_hal_dac.c ****   * @param  Channel The selected DAC channel. 
 766:Drivers/STM32F0xx_HAL_Driver/Src/stm32f0xx_hal_dac.c ****   *          This parameter can be one of the following values:
 767:Drivers/STM32F0xx_HAL_Driver/Src/stm32f0xx_hal_dac.c ****   *            @arg DAC_CHANNEL_1: DAC Channel1 selected
 768:Drivers/STM32F0xx_HAL_Driver/Src/stm32f0xx_hal_dac.c ****   *            @arg DAC_CHANNEL_2: DAC Channel2 selected
 769:Drivers/STM32F0xx_HAL_Driver/Src/stm32f0xx_hal_dac.c ****   * @retval HAL status
 770:Drivers/STM32F0xx_HAL_Driver/Src/stm32f0xx_hal_dac.c ****   */
 771:Drivers/STM32F0xx_HAL_Driver/Src/stm32f0xx_hal_dac.c **** __weak HAL_StatusTypeDef HAL_DAC_ConfigChannel(DAC_HandleTypeDef* hdac, DAC_ChannelConfTypeDef* sCo
 772:Drivers/STM32F0xx_HAL_Driver/Src/stm32f0xx_hal_dac.c **** {
 627              		.loc 1 772 1 is_stmt 1 view -0
 628              		.cfi_startproc
 629              		@ args = 0, pretend = 0, frame = 0
 630              		@ frame_needed = 0, uses_anonymous_args = 0
ARM GAS  C:\Users\24705\AppData\Local\Temp\ccIDpHTN.s 			page 26


 631              		@ link register save eliminated.
 773:Drivers/STM32F0xx_HAL_Driver/Src/stm32f0xx_hal_dac.c ****   /* Prevent unused argument(s) compilation warning */
 774:Drivers/STM32F0xx_HAL_Driver/Src/stm32f0xx_hal_dac.c ****   UNUSED(hdac);
 632              		.loc 1 774 3 view .LVU149
 775:Drivers/STM32F0xx_HAL_Driver/Src/stm32f0xx_hal_dac.c ****   UNUSED(sConfig);
 633              		.loc 1 775 3 view .LVU150
 776:Drivers/STM32F0xx_HAL_Driver/Src/stm32f0xx_hal_dac.c ****   UNUSED(Channel);
 634              		.loc 1 776 3 view .LVU151
 777:Drivers/STM32F0xx_HAL_Driver/Src/stm32f0xx_hal_dac.c **** 
 778:Drivers/STM32F0xx_HAL_Driver/Src/stm32f0xx_hal_dac.c ****   /* Note : This function is defined into this file for library reference. */
 779:Drivers/STM32F0xx_HAL_Driver/Src/stm32f0xx_hal_dac.c ****   /*        Function content is located into file stm32f0xx_hal_dac_ex.c   */
 780:Drivers/STM32F0xx_HAL_Driver/Src/stm32f0xx_hal_dac.c ****   
 781:Drivers/STM32F0xx_HAL_Driver/Src/stm32f0xx_hal_dac.c ****   /* Return error status as not implemented here */
 782:Drivers/STM32F0xx_HAL_Driver/Src/stm32f0xx_hal_dac.c ****   return HAL_ERROR;
 635              		.loc 1 782 3 view .LVU152
 783:Drivers/STM32F0xx_HAL_Driver/Src/stm32f0xx_hal_dac.c **** }
 636              		.loc 1 783 1 is_stmt 0 view .LVU153
 637 0000 0120     		movs	r0, #1
 638              	.LVL43:
 639              		.loc 1 783 1 view .LVU154
 640              		@ sp needed
 641 0002 7047     		bx	lr
 642              		.cfi_endproc
 643              	.LFE55:
 645              		.section	.text.HAL_DAC_GetState,"ax",%progbits
 646              		.align	1
 647              		.global	HAL_DAC_GetState
 648              		.syntax unified
 649              		.code	16
 650              		.thumb_func
 652              	HAL_DAC_GetState:
 653              	.LVL44:
 654              	.LFB56:
 784:Drivers/STM32F0xx_HAL_Driver/Src/stm32f0xx_hal_dac.c **** 
 785:Drivers/STM32F0xx_HAL_Driver/Src/stm32f0xx_hal_dac.c **** /**
 786:Drivers/STM32F0xx_HAL_Driver/Src/stm32f0xx_hal_dac.c ****   * @}
 787:Drivers/STM32F0xx_HAL_Driver/Src/stm32f0xx_hal_dac.c ****   */
 788:Drivers/STM32F0xx_HAL_Driver/Src/stm32f0xx_hal_dac.c **** 
 789:Drivers/STM32F0xx_HAL_Driver/Src/stm32f0xx_hal_dac.c **** /** @defgroup DAC_Exported_Functions_Group4 Peripheral State and Errors functions
 790:Drivers/STM32F0xx_HAL_Driver/Src/stm32f0xx_hal_dac.c ****  *  @brief   Peripheral State and Errors functions 
 791:Drivers/STM32F0xx_HAL_Driver/Src/stm32f0xx_hal_dac.c ****  *
 792:Drivers/STM32F0xx_HAL_Driver/Src/stm32f0xx_hal_dac.c **** @verbatim   
 793:Drivers/STM32F0xx_HAL_Driver/Src/stm32f0xx_hal_dac.c ****   ==============================================================================
 794:Drivers/STM32F0xx_HAL_Driver/Src/stm32f0xx_hal_dac.c ****             ##### Peripheral State and Errors functions #####
 795:Drivers/STM32F0xx_HAL_Driver/Src/stm32f0xx_hal_dac.c ****   ==============================================================================  
 796:Drivers/STM32F0xx_HAL_Driver/Src/stm32f0xx_hal_dac.c ****     [..]
 797:Drivers/STM32F0xx_HAL_Driver/Src/stm32f0xx_hal_dac.c ****     This subsection provides functions allowing to
 798:Drivers/STM32F0xx_HAL_Driver/Src/stm32f0xx_hal_dac.c ****       (+) Check the DAC state.
 799:Drivers/STM32F0xx_HAL_Driver/Src/stm32f0xx_hal_dac.c ****       (+) Check the DAC Errors.
 800:Drivers/STM32F0xx_HAL_Driver/Src/stm32f0xx_hal_dac.c ****         
 801:Drivers/STM32F0xx_HAL_Driver/Src/stm32f0xx_hal_dac.c **** @endverbatim
 802:Drivers/STM32F0xx_HAL_Driver/Src/stm32f0xx_hal_dac.c ****   * @{
 803:Drivers/STM32F0xx_HAL_Driver/Src/stm32f0xx_hal_dac.c ****   */
 804:Drivers/STM32F0xx_HAL_Driver/Src/stm32f0xx_hal_dac.c **** 
 805:Drivers/STM32F0xx_HAL_Driver/Src/stm32f0xx_hal_dac.c **** /**
 806:Drivers/STM32F0xx_HAL_Driver/Src/stm32f0xx_hal_dac.c ****   * @brief  return the DAC handle state
 807:Drivers/STM32F0xx_HAL_Driver/Src/stm32f0xx_hal_dac.c ****   * @param  hdac pointer to a DAC_HandleTypeDef structure that contains
ARM GAS  C:\Users\24705\AppData\Local\Temp\ccIDpHTN.s 			page 27


 808:Drivers/STM32F0xx_HAL_Driver/Src/stm32f0xx_hal_dac.c ****   *         the configuration information for the specified DAC.
 809:Drivers/STM32F0xx_HAL_Driver/Src/stm32f0xx_hal_dac.c ****   * @retval HAL state
 810:Drivers/STM32F0xx_HAL_Driver/Src/stm32f0xx_hal_dac.c ****   */
 811:Drivers/STM32F0xx_HAL_Driver/Src/stm32f0xx_hal_dac.c **** HAL_DAC_StateTypeDef HAL_DAC_GetState(DAC_HandleTypeDef* hdac)
 812:Drivers/STM32F0xx_HAL_Driver/Src/stm32f0xx_hal_dac.c **** {
 655              		.loc 1 812 1 is_stmt 1 view -0
 656              		.cfi_startproc
 657              		@ args = 0, pretend = 0, frame = 0
 658              		@ frame_needed = 0, uses_anonymous_args = 0
 659              		@ link register save eliminated.
 813:Drivers/STM32F0xx_HAL_Driver/Src/stm32f0xx_hal_dac.c ****   /* Return DAC handle state */
 814:Drivers/STM32F0xx_HAL_Driver/Src/stm32f0xx_hal_dac.c ****   return hdac->State;
 660              		.loc 1 814 3 view .LVU156
 661              		.loc 1 814 14 is_stmt 0 view .LVU157
 662 0000 0079     		ldrb	r0, [r0, #4]
 663              	.LVL45:
 664              		.loc 1 814 14 view .LVU158
 665 0002 C0B2     		uxtb	r0, r0
 815:Drivers/STM32F0xx_HAL_Driver/Src/stm32f0xx_hal_dac.c **** }
 666              		.loc 1 815 1 view .LVU159
 667              		@ sp needed
 668 0004 7047     		bx	lr
 669              		.cfi_endproc
 670              	.LFE56:
 672              		.section	.text.HAL_DAC_GetError,"ax",%progbits
 673              		.align	1
 674              		.global	HAL_DAC_GetError
 675              		.syntax unified
 676              		.code	16
 677              		.thumb_func
 679              	HAL_DAC_GetError:
 680              	.LVL46:
 681              	.LFB57:
 816:Drivers/STM32F0xx_HAL_Driver/Src/stm32f0xx_hal_dac.c **** 
 817:Drivers/STM32F0xx_HAL_Driver/Src/stm32f0xx_hal_dac.c **** 
 818:Drivers/STM32F0xx_HAL_Driver/Src/stm32f0xx_hal_dac.c **** /**
 819:Drivers/STM32F0xx_HAL_Driver/Src/stm32f0xx_hal_dac.c ****   * @brief  Return the DAC error code
 820:Drivers/STM32F0xx_HAL_Driver/Src/stm32f0xx_hal_dac.c ****   * @param  hdac pointer to a DAC_HandleTypeDef structure that contains
 821:Drivers/STM32F0xx_HAL_Driver/Src/stm32f0xx_hal_dac.c ****   *         the configuration information for the specified DAC.
 822:Drivers/STM32F0xx_HAL_Driver/Src/stm32f0xx_hal_dac.c ****   * @retval DAC Error Code
 823:Drivers/STM32F0xx_HAL_Driver/Src/stm32f0xx_hal_dac.c ****   */
 824:Drivers/STM32F0xx_HAL_Driver/Src/stm32f0xx_hal_dac.c **** uint32_t HAL_DAC_GetError(DAC_HandleTypeDef *hdac)
 825:Drivers/STM32F0xx_HAL_Driver/Src/stm32f0xx_hal_dac.c **** {
 682              		.loc 1 825 1 is_stmt 1 view -0
 683              		.cfi_startproc
 684              		@ args = 0, pretend = 0, frame = 0
 685              		@ frame_needed = 0, uses_anonymous_args = 0
 686              		@ link register save eliminated.
 826:Drivers/STM32F0xx_HAL_Driver/Src/stm32f0xx_hal_dac.c ****   return hdac->ErrorCode;
 687              		.loc 1 826 3 view .LVU161
 688              		.loc 1 826 14 is_stmt 0 view .LVU162
 689 0000 0069     		ldr	r0, [r0, #16]
 690              	.LVL47:
 827:Drivers/STM32F0xx_HAL_Driver/Src/stm32f0xx_hal_dac.c **** }
 691              		.loc 1 827 1 view .LVU163
 692              		@ sp needed
 693 0002 7047     		bx	lr
ARM GAS  C:\Users\24705\AppData\Local\Temp\ccIDpHTN.s 			page 28


 694              		.cfi_endproc
 695              	.LFE57:
 697              		.text
 698              	.Letext0:
 699              		.file 2 "E:\\STM32CubeCLT_1.21.0\\GNU-tools-for-STM32\\bin/../lib/gcc/arm-none-eabi/14.3.1/../../.
 700              		.file 3 "E:\\STM32CubeCLT_1.21.0\\GNU-tools-for-STM32\\bin/../lib/gcc/arm-none-eabi/14.3.1/../../.
 701              		.file 4 "Drivers/CMSIS/Device/ST/STM32F0xx/Include/stm32f072xb.h"
 702              		.file 5 "Drivers/STM32F0xx_HAL_Driver/Inc/stm32f0xx_hal_def.h"
 703              		.file 6 "Drivers/STM32F0xx_HAL_Driver/Inc/stm32f0xx_hal_dma.h"
 704              		.file 7 "Drivers/STM32F0xx_HAL_Driver/Inc/stm32f0xx_hal_dac.h"
ARM GAS  C:\Users\24705\AppData\Local\Temp\ccIDpHTN.s 			page 29


DEFINED SYMBOLS
                            *ABS*:00000000 stm32f0xx_hal_dac.c
C:\Users\24705\AppData\Local\Temp\ccIDpHTN.s:19     .text.HAL_DAC_MspInit:00000000 $t
C:\Users\24705\AppData\Local\Temp\ccIDpHTN.s:25     .text.HAL_DAC_MspInit:00000000 HAL_DAC_MspInit
C:\Users\24705\AppData\Local\Temp\ccIDpHTN.s:41     .text.HAL_DAC_Init:00000000 $t
C:\Users\24705\AppData\Local\Temp\ccIDpHTN.s:47     .text.HAL_DAC_Init:00000000 HAL_DAC_Init
C:\Users\24705\AppData\Local\Temp\ccIDpHTN.s:115    .text.HAL_DAC_MspDeInit:00000000 $t
C:\Users\24705\AppData\Local\Temp\ccIDpHTN.s:121    .text.HAL_DAC_MspDeInit:00000000 HAL_DAC_MspDeInit
C:\Users\24705\AppData\Local\Temp\ccIDpHTN.s:137    .text.HAL_DAC_DeInit:00000000 $t
C:\Users\24705\AppData\Local\Temp\ccIDpHTN.s:143    .text.HAL_DAC_DeInit:00000000 HAL_DAC_DeInit
C:\Users\24705\AppData\Local\Temp\ccIDpHTN.s:199    .text.HAL_DAC_Start:00000000 $t
C:\Users\24705\AppData\Local\Temp\ccIDpHTN.s:205    .text.HAL_DAC_Start:00000000 HAL_DAC_Start
C:\Users\24705\AppData\Local\Temp\ccIDpHTN.s:226    .text.HAL_DAC_Stop:00000000 $t
C:\Users\24705\AppData\Local\Temp\ccIDpHTN.s:232    .text.HAL_DAC_Stop:00000000 HAL_DAC_Stop
C:\Users\24705\AppData\Local\Temp\ccIDpHTN.s:269    .text.HAL_DAC_Start_DMA:00000000 $t
C:\Users\24705\AppData\Local\Temp\ccIDpHTN.s:275    .text.HAL_DAC_Start_DMA:00000000 HAL_DAC_Start_DMA
C:\Users\24705\AppData\Local\Temp\ccIDpHTN.s:299    .text.HAL_DAC_Stop_DMA:00000000 $t
C:\Users\24705\AppData\Local\Temp\ccIDpHTN.s:305    .text.HAL_DAC_Stop_DMA:00000000 HAL_DAC_Stop_DMA
C:\Users\24705\AppData\Local\Temp\ccIDpHTN.s:397    .text.HAL_DAC_Stop_DMA:00000054 $d
C:\Users\24705\AppData\Local\Temp\ccIDpHTN.s:403    .text.HAL_DAC_IRQHandler:00000000 $t
C:\Users\24705\AppData\Local\Temp\ccIDpHTN.s:409    .text.HAL_DAC_IRQHandler:00000000 HAL_DAC_IRQHandler
C:\Users\24705\AppData\Local\Temp\ccIDpHTN.s:425    .text.HAL_DAC_SetValue:00000000 $t
C:\Users\24705\AppData\Local\Temp\ccIDpHTN.s:431    .text.HAL_DAC_SetValue:00000000 HAL_DAC_SetValue
C:\Users\24705\AppData\Local\Temp\ccIDpHTN.s:503    .text.HAL_DAC_ConvCpltCallbackCh1:00000000 $t
C:\Users\24705\AppData\Local\Temp\ccIDpHTN.s:509    .text.HAL_DAC_ConvCpltCallbackCh1:00000000 HAL_DAC_ConvCpltCallbackCh1
C:\Users\24705\AppData\Local\Temp\ccIDpHTN.s:525    .text.HAL_DAC_ConvHalfCpltCallbackCh1:00000000 $t
C:\Users\24705\AppData\Local\Temp\ccIDpHTN.s:531    .text.HAL_DAC_ConvHalfCpltCallbackCh1:00000000 HAL_DAC_ConvHalfCpltCallbackCh1
C:\Users\24705\AppData\Local\Temp\ccIDpHTN.s:547    .text.HAL_DAC_ErrorCallbackCh1:00000000 $t
C:\Users\24705\AppData\Local\Temp\ccIDpHTN.s:553    .text.HAL_DAC_ErrorCallbackCh1:00000000 HAL_DAC_ErrorCallbackCh1
C:\Users\24705\AppData\Local\Temp\ccIDpHTN.s:569    .text.HAL_DAC_DMAUnderrunCallbackCh1:00000000 $t
C:\Users\24705\AppData\Local\Temp\ccIDpHTN.s:575    .text.HAL_DAC_DMAUnderrunCallbackCh1:00000000 HAL_DAC_DMAUnderrunCallbackCh1
C:\Users\24705\AppData\Local\Temp\ccIDpHTN.s:591    .text.HAL_DAC_GetValue:00000000 $t
C:\Users\24705\AppData\Local\Temp\ccIDpHTN.s:597    .text.HAL_DAC_GetValue:00000000 HAL_DAC_GetValue
C:\Users\24705\AppData\Local\Temp\ccIDpHTN.s:618    .text.HAL_DAC_ConfigChannel:00000000 $t
C:\Users\24705\AppData\Local\Temp\ccIDpHTN.s:624    .text.HAL_DAC_ConfigChannel:00000000 HAL_DAC_ConfigChannel
C:\Users\24705\AppData\Local\Temp\ccIDpHTN.s:646    .text.HAL_DAC_GetState:00000000 $t
C:\Users\24705\AppData\Local\Temp\ccIDpHTN.s:652    .text.HAL_DAC_GetState:00000000 HAL_DAC_GetState
C:\Users\24705\AppData\Local\Temp\ccIDpHTN.s:673    .text.HAL_DAC_GetError:00000000 $t
C:\Users\24705\AppData\Local\Temp\ccIDpHTN.s:679    .text.HAL_DAC_GetError:00000000 HAL_DAC_GetError

UNDEFINED SYMBOLS
HAL_DMA_Abort
