ARM GAS  C:\Users\24705\AppData\Local\Temp\ccydURtf.s 			page 1


   1              		.cpu cortex-m0
   2              		.arch armv6s-m
   3              		.fpu softvfp
   4              		.eabi_attribute 20, 1
   5              		.eabi_attribute 21, 1
   6              		.eabi_attribute 23, 3
   7              		.eabi_attribute 24, 1
   8              		.eabi_attribute 25, 1
   9              		.eabi_attribute 26, 1
  10              		.eabi_attribute 30, 1
  11              		.eabi_attribute 34, 0
  12              		.eabi_attribute 18, 4
  13              		.file	"stm32f0xx_hal_rcc_ex.c"
  14              		.text
  15              	.Ltext0:
  16              		.cfi_sections	.debug_frame
  17              		.file 1 "Drivers/STM32F0xx_HAL_Driver/Src/stm32f0xx_hal_rcc_ex.c"
  18              		.section	.text.HAL_RCCEx_PeriphCLKConfig,"ax",%progbits
  19              		.align	1
  20              		.global	HAL_RCCEx_PeriphCLKConfig
  21              		.syntax unified
  22              		.code	16
  23              		.thumb_func
  25              	HAL_RCCEx_PeriphCLKConfig:
  26              	.LVL0:
  27              	.LFB40:
   1:Drivers/STM32F0xx_HAL_Driver/Src/stm32f0xx_hal_rcc_ex.c **** /**
   2:Drivers/STM32F0xx_HAL_Driver/Src/stm32f0xx_hal_rcc_ex.c ****   ******************************************************************************
   3:Drivers/STM32F0xx_HAL_Driver/Src/stm32f0xx_hal_rcc_ex.c ****   * @file    stm32f0xx_hal_rcc_ex.c
   4:Drivers/STM32F0xx_HAL_Driver/Src/stm32f0xx_hal_rcc_ex.c ****   * @author  MCD Application Team
   5:Drivers/STM32F0xx_HAL_Driver/Src/stm32f0xx_hal_rcc_ex.c ****   * @brief   Extended RCC HAL module driver.
   6:Drivers/STM32F0xx_HAL_Driver/Src/stm32f0xx_hal_rcc_ex.c ****   *          This file provides firmware functions to manage the following 
   7:Drivers/STM32F0xx_HAL_Driver/Src/stm32f0xx_hal_rcc_ex.c ****   *          functionalities RCC extension peripheral:
   8:Drivers/STM32F0xx_HAL_Driver/Src/stm32f0xx_hal_rcc_ex.c ****   *           + Extended Peripheral Control functions
   9:Drivers/STM32F0xx_HAL_Driver/Src/stm32f0xx_hal_rcc_ex.c ****   *           + Extended Clock Recovery System Control functions
  10:Drivers/STM32F0xx_HAL_Driver/Src/stm32f0xx_hal_rcc_ex.c ****   *
  11:Drivers/STM32F0xx_HAL_Driver/Src/stm32f0xx_hal_rcc_ex.c ****   ******************************************************************************
  12:Drivers/STM32F0xx_HAL_Driver/Src/stm32f0xx_hal_rcc_ex.c ****   * @attention
  13:Drivers/STM32F0xx_HAL_Driver/Src/stm32f0xx_hal_rcc_ex.c ****   *
  14:Drivers/STM32F0xx_HAL_Driver/Src/stm32f0xx_hal_rcc_ex.c ****   * Copyright (c) 2016 STMicroelectronics.
  15:Drivers/STM32F0xx_HAL_Driver/Src/stm32f0xx_hal_rcc_ex.c ****   * All rights reserved.
  16:Drivers/STM32F0xx_HAL_Driver/Src/stm32f0xx_hal_rcc_ex.c ****   *
  17:Drivers/STM32F0xx_HAL_Driver/Src/stm32f0xx_hal_rcc_ex.c ****   * This software is licensed under terms that can be found in the LICENSE file in
  18:Drivers/STM32F0xx_HAL_Driver/Src/stm32f0xx_hal_rcc_ex.c ****   * the root directory of this software component.
  19:Drivers/STM32F0xx_HAL_Driver/Src/stm32f0xx_hal_rcc_ex.c ****   * If no LICENSE file comes with this software, it is provided AS-IS.
  20:Drivers/STM32F0xx_HAL_Driver/Src/stm32f0xx_hal_rcc_ex.c ****   ******************************************************************************
  21:Drivers/STM32F0xx_HAL_Driver/Src/stm32f0xx_hal_rcc_ex.c ****   */
  22:Drivers/STM32F0xx_HAL_Driver/Src/stm32f0xx_hal_rcc_ex.c **** 
  23:Drivers/STM32F0xx_HAL_Driver/Src/stm32f0xx_hal_rcc_ex.c **** /* Includes ------------------------------------------------------------------*/
  24:Drivers/STM32F0xx_HAL_Driver/Src/stm32f0xx_hal_rcc_ex.c **** #include "stm32f0xx_hal.h"
  25:Drivers/STM32F0xx_HAL_Driver/Src/stm32f0xx_hal_rcc_ex.c **** 
  26:Drivers/STM32F0xx_HAL_Driver/Src/stm32f0xx_hal_rcc_ex.c **** /** @addtogroup STM32F0xx_HAL_Driver
  27:Drivers/STM32F0xx_HAL_Driver/Src/stm32f0xx_hal_rcc_ex.c ****   * @{
  28:Drivers/STM32F0xx_HAL_Driver/Src/stm32f0xx_hal_rcc_ex.c ****   */
  29:Drivers/STM32F0xx_HAL_Driver/Src/stm32f0xx_hal_rcc_ex.c **** 
  30:Drivers/STM32F0xx_HAL_Driver/Src/stm32f0xx_hal_rcc_ex.c **** #ifdef HAL_RCC_MODULE_ENABLED
  31:Drivers/STM32F0xx_HAL_Driver/Src/stm32f0xx_hal_rcc_ex.c **** 
ARM GAS  C:\Users\24705\AppData\Local\Temp\ccydURtf.s 			page 2


  32:Drivers/STM32F0xx_HAL_Driver/Src/stm32f0xx_hal_rcc_ex.c **** /** @defgroup RCCEx RCCEx
  33:Drivers/STM32F0xx_HAL_Driver/Src/stm32f0xx_hal_rcc_ex.c ****   * @brief RCC Extension HAL module driver.
  34:Drivers/STM32F0xx_HAL_Driver/Src/stm32f0xx_hal_rcc_ex.c ****   * @{
  35:Drivers/STM32F0xx_HAL_Driver/Src/stm32f0xx_hal_rcc_ex.c ****   */
  36:Drivers/STM32F0xx_HAL_Driver/Src/stm32f0xx_hal_rcc_ex.c **** 
  37:Drivers/STM32F0xx_HAL_Driver/Src/stm32f0xx_hal_rcc_ex.c **** /* Private typedef -----------------------------------------------------------*/
  38:Drivers/STM32F0xx_HAL_Driver/Src/stm32f0xx_hal_rcc_ex.c **** /* Private define ------------------------------------------------------------*/
  39:Drivers/STM32F0xx_HAL_Driver/Src/stm32f0xx_hal_rcc_ex.c **** #if defined(CRS)
  40:Drivers/STM32F0xx_HAL_Driver/Src/stm32f0xx_hal_rcc_ex.c **** /** @defgroup RCCEx_Private_Constants RCCEx Private Constants
  41:Drivers/STM32F0xx_HAL_Driver/Src/stm32f0xx_hal_rcc_ex.c ****   * @{
  42:Drivers/STM32F0xx_HAL_Driver/Src/stm32f0xx_hal_rcc_ex.c ****   */
  43:Drivers/STM32F0xx_HAL_Driver/Src/stm32f0xx_hal_rcc_ex.c **** /* Bit position in register */
  44:Drivers/STM32F0xx_HAL_Driver/Src/stm32f0xx_hal_rcc_ex.c **** #define CRS_CFGR_FELIM_BITNUMBER    16
  45:Drivers/STM32F0xx_HAL_Driver/Src/stm32f0xx_hal_rcc_ex.c **** #define CRS_CR_TRIM_BITNUMBER       8
  46:Drivers/STM32F0xx_HAL_Driver/Src/stm32f0xx_hal_rcc_ex.c **** #define CRS_ISR_FECAP_BITNUMBER     16
  47:Drivers/STM32F0xx_HAL_Driver/Src/stm32f0xx_hal_rcc_ex.c **** /**
  48:Drivers/STM32F0xx_HAL_Driver/Src/stm32f0xx_hal_rcc_ex.c ****   * @}
  49:Drivers/STM32F0xx_HAL_Driver/Src/stm32f0xx_hal_rcc_ex.c ****   */
  50:Drivers/STM32F0xx_HAL_Driver/Src/stm32f0xx_hal_rcc_ex.c **** #endif /* CRS */
  51:Drivers/STM32F0xx_HAL_Driver/Src/stm32f0xx_hal_rcc_ex.c ****   
  52:Drivers/STM32F0xx_HAL_Driver/Src/stm32f0xx_hal_rcc_ex.c **** /* Private macro -------------------------------------------------------------*/
  53:Drivers/STM32F0xx_HAL_Driver/Src/stm32f0xx_hal_rcc_ex.c **** /** @defgroup RCCEx_Private_Macros RCCEx Private Macros
  54:Drivers/STM32F0xx_HAL_Driver/Src/stm32f0xx_hal_rcc_ex.c ****   * @{
  55:Drivers/STM32F0xx_HAL_Driver/Src/stm32f0xx_hal_rcc_ex.c ****   */
  56:Drivers/STM32F0xx_HAL_Driver/Src/stm32f0xx_hal_rcc_ex.c **** /**
  57:Drivers/STM32F0xx_HAL_Driver/Src/stm32f0xx_hal_rcc_ex.c ****   * @}
  58:Drivers/STM32F0xx_HAL_Driver/Src/stm32f0xx_hal_rcc_ex.c ****   */
  59:Drivers/STM32F0xx_HAL_Driver/Src/stm32f0xx_hal_rcc_ex.c **** 
  60:Drivers/STM32F0xx_HAL_Driver/Src/stm32f0xx_hal_rcc_ex.c **** /* Private variables ---------------------------------------------------------*/
  61:Drivers/STM32F0xx_HAL_Driver/Src/stm32f0xx_hal_rcc_ex.c **** /* Private function prototypes -----------------------------------------------*/
  62:Drivers/STM32F0xx_HAL_Driver/Src/stm32f0xx_hal_rcc_ex.c **** /* Private functions ---------------------------------------------------------*/
  63:Drivers/STM32F0xx_HAL_Driver/Src/stm32f0xx_hal_rcc_ex.c **** 
  64:Drivers/STM32F0xx_HAL_Driver/Src/stm32f0xx_hal_rcc_ex.c **** /** @defgroup RCCEx_Exported_Functions RCCEx Exported Functions
  65:Drivers/STM32F0xx_HAL_Driver/Src/stm32f0xx_hal_rcc_ex.c ****   * @{
  66:Drivers/STM32F0xx_HAL_Driver/Src/stm32f0xx_hal_rcc_ex.c ****   */
  67:Drivers/STM32F0xx_HAL_Driver/Src/stm32f0xx_hal_rcc_ex.c **** 
  68:Drivers/STM32F0xx_HAL_Driver/Src/stm32f0xx_hal_rcc_ex.c **** /** @defgroup RCCEx_Exported_Functions_Group1 Extended Peripheral Control functions 
  69:Drivers/STM32F0xx_HAL_Driver/Src/stm32f0xx_hal_rcc_ex.c ****   * @brief    Extended Peripheral Control functions
  70:Drivers/STM32F0xx_HAL_Driver/Src/stm32f0xx_hal_rcc_ex.c ****  *
  71:Drivers/STM32F0xx_HAL_Driver/Src/stm32f0xx_hal_rcc_ex.c **** @verbatim
  72:Drivers/STM32F0xx_HAL_Driver/Src/stm32f0xx_hal_rcc_ex.c ****  ===============================================================================
  73:Drivers/STM32F0xx_HAL_Driver/Src/stm32f0xx_hal_rcc_ex.c ****                 ##### Extended Peripheral Control functions  #####
  74:Drivers/STM32F0xx_HAL_Driver/Src/stm32f0xx_hal_rcc_ex.c ****  ===============================================================================  
  75:Drivers/STM32F0xx_HAL_Driver/Src/stm32f0xx_hal_rcc_ex.c ****     [..]
  76:Drivers/STM32F0xx_HAL_Driver/Src/stm32f0xx_hal_rcc_ex.c ****     This subsection provides a set of functions allowing to control the RCC Clocks 
  77:Drivers/STM32F0xx_HAL_Driver/Src/stm32f0xx_hal_rcc_ex.c ****     frequencies.
  78:Drivers/STM32F0xx_HAL_Driver/Src/stm32f0xx_hal_rcc_ex.c ****     [..] 
  79:Drivers/STM32F0xx_HAL_Driver/Src/stm32f0xx_hal_rcc_ex.c ****     (@) Important note: Care must be taken when HAL_RCCEx_PeriphCLKConfig() is used to
  80:Drivers/STM32F0xx_HAL_Driver/Src/stm32f0xx_hal_rcc_ex.c ****         select the RTC clock source; in this case the Backup domain will be reset in  
  81:Drivers/STM32F0xx_HAL_Driver/Src/stm32f0xx_hal_rcc_ex.c ****         order to modify the RTC Clock source, as consequence RTC registers (including 
  82:Drivers/STM32F0xx_HAL_Driver/Src/stm32f0xx_hal_rcc_ex.c ****         the backup registers) are set to their reset values.
  83:Drivers/STM32F0xx_HAL_Driver/Src/stm32f0xx_hal_rcc_ex.c ****       
  84:Drivers/STM32F0xx_HAL_Driver/Src/stm32f0xx_hal_rcc_ex.c **** @endverbatim
  85:Drivers/STM32F0xx_HAL_Driver/Src/stm32f0xx_hal_rcc_ex.c ****   * @{
  86:Drivers/STM32F0xx_HAL_Driver/Src/stm32f0xx_hal_rcc_ex.c ****   */
  87:Drivers/STM32F0xx_HAL_Driver/Src/stm32f0xx_hal_rcc_ex.c **** 
  88:Drivers/STM32F0xx_HAL_Driver/Src/stm32f0xx_hal_rcc_ex.c **** /**
ARM GAS  C:\Users\24705\AppData\Local\Temp\ccydURtf.s 			page 3


  89:Drivers/STM32F0xx_HAL_Driver/Src/stm32f0xx_hal_rcc_ex.c ****   * @brief  Initializes the RCC extended peripherals clocks according to the specified
  90:Drivers/STM32F0xx_HAL_Driver/Src/stm32f0xx_hal_rcc_ex.c ****   *         parameters in the RCC_PeriphCLKInitTypeDef.
  91:Drivers/STM32F0xx_HAL_Driver/Src/stm32f0xx_hal_rcc_ex.c ****   * @param  PeriphClkInit pointer to an RCC_PeriphCLKInitTypeDef structure that
  92:Drivers/STM32F0xx_HAL_Driver/Src/stm32f0xx_hal_rcc_ex.c ****   *         contains the configuration information for the Extended Peripherals clocks
  93:Drivers/STM32F0xx_HAL_Driver/Src/stm32f0xx_hal_rcc_ex.c ****   *         (USART, RTC, I2C, CEC and USB).
  94:Drivers/STM32F0xx_HAL_Driver/Src/stm32f0xx_hal_rcc_ex.c ****   *
  95:Drivers/STM32F0xx_HAL_Driver/Src/stm32f0xx_hal_rcc_ex.c ****   * @note   Care must be taken when @ref HAL_RCCEx_PeriphCLKConfig() is used to select 
  96:Drivers/STM32F0xx_HAL_Driver/Src/stm32f0xx_hal_rcc_ex.c ****   *         the RTC clock source; in this case the Backup domain will be reset in  
  97:Drivers/STM32F0xx_HAL_Driver/Src/stm32f0xx_hal_rcc_ex.c ****   *         order to modify the RTC Clock source, as consequence RTC registers (including 
  98:Drivers/STM32F0xx_HAL_Driver/Src/stm32f0xx_hal_rcc_ex.c ****   *         the backup registers) and RCC_BDCR register are set to their reset values.
  99:Drivers/STM32F0xx_HAL_Driver/Src/stm32f0xx_hal_rcc_ex.c ****   *
 100:Drivers/STM32F0xx_HAL_Driver/Src/stm32f0xx_hal_rcc_ex.c ****   * @retval HAL status
 101:Drivers/STM32F0xx_HAL_Driver/Src/stm32f0xx_hal_rcc_ex.c ****   */
 102:Drivers/STM32F0xx_HAL_Driver/Src/stm32f0xx_hal_rcc_ex.c **** HAL_StatusTypeDef HAL_RCCEx_PeriphCLKConfig(RCC_PeriphCLKInitTypeDef  *PeriphClkInit)
 103:Drivers/STM32F0xx_HAL_Driver/Src/stm32f0xx_hal_rcc_ex.c **** {
  28              		.loc 1 103 1 view -0
  29              		.cfi_startproc
  30              		@ args = 0, pretend = 0, frame = 8
  31              		@ frame_needed = 0, uses_anonymous_args = 0
  32              		.loc 1 103 1 is_stmt 0 view .LVU1
  33 0000 70B5     		push	{r4, r5, r6, lr}
  34              	.LCFI0:
  35              		.cfi_def_cfa_offset 16
  36              		.cfi_offset 4, -16
  37              		.cfi_offset 5, -12
  38              		.cfi_offset 6, -8
  39              		.cfi_offset 14, -4
  40 0002 82B0     		sub	sp, sp, #8
  41              	.LCFI1:
  42              		.cfi_def_cfa_offset 24
  43 0004 0400     		movs	r4, r0
 104:Drivers/STM32F0xx_HAL_Driver/Src/stm32f0xx_hal_rcc_ex.c ****   uint32_t tickstart = 0U;
  44              		.loc 1 104 3 is_stmt 1 view .LVU2
  45              	.LVL1:
 105:Drivers/STM32F0xx_HAL_Driver/Src/stm32f0xx_hal_rcc_ex.c ****   uint32_t temp_reg = 0U;
  46              		.loc 1 105 3 view .LVU3
 106:Drivers/STM32F0xx_HAL_Driver/Src/stm32f0xx_hal_rcc_ex.c **** 
 107:Drivers/STM32F0xx_HAL_Driver/Src/stm32f0xx_hal_rcc_ex.c ****   /* Check the parameters */
 108:Drivers/STM32F0xx_HAL_Driver/Src/stm32f0xx_hal_rcc_ex.c ****   assert_param(IS_RCC_PERIPHCLOCK(PeriphClkInit->PeriphClockSelection));
  47              		.loc 1 108 3 view .LVU4
 109:Drivers/STM32F0xx_HAL_Driver/Src/stm32f0xx_hal_rcc_ex.c ****   
 110:Drivers/STM32F0xx_HAL_Driver/Src/stm32f0xx_hal_rcc_ex.c ****   /*---------------------------- RTC configuration -------------------------------*/
 111:Drivers/STM32F0xx_HAL_Driver/Src/stm32f0xx_hal_rcc_ex.c ****   if(((PeriphClkInit->PeriphClockSelection) & RCC_PERIPHCLK_RTC) == (RCC_PERIPHCLK_RTC))
  48              		.loc 1 111 3 view .LVU5
  49              		.loc 1 111 21 is_stmt 0 view .LVU6
  50 0006 0368     		ldr	r3, [r0]
  51              		.loc 1 111 5 view .LVU7
  52 0008 DB03     		lsls	r3, r3, #15
  53 000a 39D5     		bpl	.L2
  54              	.LBB2:
 112:Drivers/STM32F0xx_HAL_Driver/Src/stm32f0xx_hal_rcc_ex.c ****   {
 113:Drivers/STM32F0xx_HAL_Driver/Src/stm32f0xx_hal_rcc_ex.c ****     /* check for RTC Parameters used to output RTCCLK */
 114:Drivers/STM32F0xx_HAL_Driver/Src/stm32f0xx_hal_rcc_ex.c ****     assert_param(IS_RCC_RTCCLKSOURCE(PeriphClkInit->RTCClockSelection));
  55              		.loc 1 114 5 is_stmt 1 view .LVU8
 115:Drivers/STM32F0xx_HAL_Driver/Src/stm32f0xx_hal_rcc_ex.c ****     
 116:Drivers/STM32F0xx_HAL_Driver/Src/stm32f0xx_hal_rcc_ex.c ****     FlagStatus       pwrclkchanged = RESET;
  56              		.loc 1 116 5 view .LVU9
ARM GAS  C:\Users\24705\AppData\Local\Temp\ccydURtf.s 			page 4


  57              	.LVL2:
 117:Drivers/STM32F0xx_HAL_Driver/Src/stm32f0xx_hal_rcc_ex.c **** 
 118:Drivers/STM32F0xx_HAL_Driver/Src/stm32f0xx_hal_rcc_ex.c ****     /* As soon as function is called to change RTC clock source, activation of the 
 119:Drivers/STM32F0xx_HAL_Driver/Src/stm32f0xx_hal_rcc_ex.c ****        power domain is done. */
 120:Drivers/STM32F0xx_HAL_Driver/Src/stm32f0xx_hal_rcc_ex.c ****     /* Requires to enable write access to Backup Domain of necessary */
 121:Drivers/STM32F0xx_HAL_Driver/Src/stm32f0xx_hal_rcc_ex.c ****     if(__HAL_RCC_PWR_IS_CLK_DISABLED())
  58              		.loc 1 121 5 view .LVU10
  59              		.loc 1 121 8 is_stmt 0 view .LVU11
  60 000c 4D4B     		ldr	r3, .L29
  61 000e DB69     		ldr	r3, [r3, #28]
  62              		.loc 1 121 7 view .LVU12
  63 0010 DB00     		lsls	r3, r3, #3
  64 0012 6AD4     		bmi	.L15
 122:Drivers/STM32F0xx_HAL_Driver/Src/stm32f0xx_hal_rcc_ex.c ****     {
 123:Drivers/STM32F0xx_HAL_Driver/Src/stm32f0xx_hal_rcc_ex.c ****     __HAL_RCC_PWR_CLK_ENABLE();
  65              		.loc 1 123 5 is_stmt 1 view .LVU13
  66              	.LBB3:
  67              		.loc 1 123 5 view .LVU14
  68              		.loc 1 123 5 view .LVU15
  69 0014 4B4B     		ldr	r3, .L29
  70 0016 DA69     		ldr	r2, [r3, #28]
  71 0018 8021     		movs	r1, #128
  72 001a 4905     		lsls	r1, r1, #21
  73 001c 0A43     		orrs	r2, r1
  74 001e DA61     		str	r2, [r3, #28]
  75              		.loc 1 123 5 view .LVU16
  76 0020 DB69     		ldr	r3, [r3, #28]
  77 0022 0B40     		ands	r3, r1
  78 0024 0193     		str	r3, [sp, #4]
  79              		.loc 1 123 5 view .LVU17
  80 0026 019B     		ldr	r3, [sp, #4]
  81              	.LBE3:
  82              		.loc 1 123 5 view .LVU18
 124:Drivers/STM32F0xx_HAL_Driver/Src/stm32f0xx_hal_rcc_ex.c ****       pwrclkchanged = SET;
  83              		.loc 1 124 7 view .LVU19
  84              	.LVL3:
  85              		.loc 1 124 21 is_stmt 0 view .LVU20
  86 0028 0125     		movs	r5, #1
  87              	.LVL4:
  88              	.L3:
 125:Drivers/STM32F0xx_HAL_Driver/Src/stm32f0xx_hal_rcc_ex.c ****     }
 126:Drivers/STM32F0xx_HAL_Driver/Src/stm32f0xx_hal_rcc_ex.c ****     
 127:Drivers/STM32F0xx_HAL_Driver/Src/stm32f0xx_hal_rcc_ex.c ****     if(HAL_IS_BIT_CLR(PWR->CR, PWR_CR_DBP))
  89              		.loc 1 127 5 is_stmt 1 view .LVU21
  90              		.loc 1 127 8 is_stmt 0 view .LVU22
  91 002a 474B     		ldr	r3, .L29+4
  92 002c 1B68     		ldr	r3, [r3]
  93              		.loc 1 127 7 view .LVU23
  94 002e DB05     		lsls	r3, r3, #23
  95 0030 5DD5     		bpl	.L26
  96              	.LVL5:
  97              	.L4:
 128:Drivers/STM32F0xx_HAL_Driver/Src/stm32f0xx_hal_rcc_ex.c ****     {
 129:Drivers/STM32F0xx_HAL_Driver/Src/stm32f0xx_hal_rcc_ex.c ****       /* Enable write access to Backup domain */
 130:Drivers/STM32F0xx_HAL_Driver/Src/stm32f0xx_hal_rcc_ex.c ****       SET_BIT(PWR->CR, PWR_CR_DBP);
 131:Drivers/STM32F0xx_HAL_Driver/Src/stm32f0xx_hal_rcc_ex.c ****       
 132:Drivers/STM32F0xx_HAL_Driver/Src/stm32f0xx_hal_rcc_ex.c ****       /* Wait for Backup domain Write protection disable */
ARM GAS  C:\Users\24705\AppData\Local\Temp\ccydURtf.s 			page 5


 133:Drivers/STM32F0xx_HAL_Driver/Src/stm32f0xx_hal_rcc_ex.c ****       tickstart = HAL_GetTick();
 134:Drivers/STM32F0xx_HAL_Driver/Src/stm32f0xx_hal_rcc_ex.c ****       
 135:Drivers/STM32F0xx_HAL_Driver/Src/stm32f0xx_hal_rcc_ex.c ****       while(HAL_IS_BIT_CLR(PWR->CR, PWR_CR_DBP))
 136:Drivers/STM32F0xx_HAL_Driver/Src/stm32f0xx_hal_rcc_ex.c ****       {
 137:Drivers/STM32F0xx_HAL_Driver/Src/stm32f0xx_hal_rcc_ex.c ****         if((HAL_GetTick() - tickstart) > RCC_DBP_TIMEOUT_VALUE)
 138:Drivers/STM32F0xx_HAL_Driver/Src/stm32f0xx_hal_rcc_ex.c ****         {
 139:Drivers/STM32F0xx_HAL_Driver/Src/stm32f0xx_hal_rcc_ex.c ****           return HAL_TIMEOUT;
 140:Drivers/STM32F0xx_HAL_Driver/Src/stm32f0xx_hal_rcc_ex.c ****         }
 141:Drivers/STM32F0xx_HAL_Driver/Src/stm32f0xx_hal_rcc_ex.c ****       }
 142:Drivers/STM32F0xx_HAL_Driver/Src/stm32f0xx_hal_rcc_ex.c ****     }
 143:Drivers/STM32F0xx_HAL_Driver/Src/stm32f0xx_hal_rcc_ex.c ****     
 144:Drivers/STM32F0xx_HAL_Driver/Src/stm32f0xx_hal_rcc_ex.c ****     /* Reset the Backup domain only if the RTC Clock source selection is modified from reset value 
 145:Drivers/STM32F0xx_HAL_Driver/Src/stm32f0xx_hal_rcc_ex.c ****     temp_reg = (RCC->BDCR & RCC_BDCR_RTCSEL);
  98              		.loc 1 145 5 is_stmt 1 view .LVU24
  99              		.loc 1 145 20 is_stmt 0 view .LVU25
 100 0032 444B     		ldr	r3, .L29
 101 0034 1A6A     		ldr	r2, [r3, #32]
 102              		.loc 1 145 14 view .LVU26
 103 0036 C023     		movs	r3, #192
 104 0038 9B00     		lsls	r3, r3, #2
 105 003a 1100     		movs	r1, r2
 106 003c 1940     		ands	r1, r3
 107              	.LVL6:
 146:Drivers/STM32F0xx_HAL_Driver/Src/stm32f0xx_hal_rcc_ex.c ****     if((temp_reg != 0x00000000U) && (temp_reg != (PeriphClkInit->RTCClockSelection & RCC_BDCR_RTCSE
 108              		.loc 1 146 5 is_stmt 1 view .LVU27
 109              		.loc 1 146 7 is_stmt 0 view .LVU28
 110 003e 1A42     		tst	r2, r3
 111 0040 15D0     		beq	.L8
 112              		.loc 1 146 64 discriminator 1 view .LVU29
 113 0042 6368     		ldr	r3, [r4, #4]
 114              		.loc 1 146 84 discriminator 1 view .LVU30
 115 0044 C022     		movs	r2, #192
 116 0046 9200     		lsls	r2, r2, #2
 117 0048 1340     		ands	r3, r2
 118              		.loc 1 146 34 discriminator 1 view .LVU31
 119 004a 8B42     		cmp	r3, r1
 120 004c 0FD0     		beq	.L8
 147:Drivers/STM32F0xx_HAL_Driver/Src/stm32f0xx_hal_rcc_ex.c ****     {
 148:Drivers/STM32F0xx_HAL_Driver/Src/stm32f0xx_hal_rcc_ex.c ****       /* Store the content of BDCR register before the reset of Backup Domain */
 149:Drivers/STM32F0xx_HAL_Driver/Src/stm32f0xx_hal_rcc_ex.c ****       temp_reg = (RCC->BDCR & ~(RCC_BDCR_RTCSEL));
 121              		.loc 1 149 7 is_stmt 1 view .LVU32
 122              		.loc 1 149 22 is_stmt 0 view .LVU33
 123 004e 3D4B     		ldr	r3, .L29
 124 0050 1A6A     		ldr	r2, [r3, #32]
 125              		.loc 1 149 16 view .LVU34
 126 0052 3E49     		ldr	r1, .L29+8
 127              	.LVL7:
 128              		.loc 1 149 16 view .LVU35
 129 0054 1140     		ands	r1, r2
 130              	.LVL8:
 150:Drivers/STM32F0xx_HAL_Driver/Src/stm32f0xx_hal_rcc_ex.c ****       /* RTC Clock selection can be changed only if the Backup Domain is reset */
 151:Drivers/STM32F0xx_HAL_Driver/Src/stm32f0xx_hal_rcc_ex.c ****       __HAL_RCC_BACKUPRESET_FORCE();
 131              		.loc 1 151 7 is_stmt 1 view .LVU36
 132 0056 1E6A     		ldr	r6, [r3, #32]
 133 0058 8020     		movs	r0, #128
 134 005a 4002     		lsls	r0, r0, #9
 135 005c 3043     		orrs	r0, r6
ARM GAS  C:\Users\24705\AppData\Local\Temp\ccydURtf.s 			page 6


 136 005e 1862     		str	r0, [r3, #32]
 152:Drivers/STM32F0xx_HAL_Driver/Src/stm32f0xx_hal_rcc_ex.c ****       __HAL_RCC_BACKUPRESET_RELEASE();
 137              		.loc 1 152 7 view .LVU37
 138 0060 186A     		ldr	r0, [r3, #32]
 139 0062 3B4E     		ldr	r6, .L29+12
 140 0064 3040     		ands	r0, r6
 141 0066 1862     		str	r0, [r3, #32]
 153:Drivers/STM32F0xx_HAL_Driver/Src/stm32f0xx_hal_rcc_ex.c ****       /* Restore the Content of BDCR register */
 154:Drivers/STM32F0xx_HAL_Driver/Src/stm32f0xx_hal_rcc_ex.c ****       RCC->BDCR = temp_reg;
 142              		.loc 1 154 7 view .LVU38
 143              		.loc 1 154 17 is_stmt 0 view .LVU39
 144 0068 1962     		str	r1, [r3, #32]
 155:Drivers/STM32F0xx_HAL_Driver/Src/stm32f0xx_hal_rcc_ex.c ****       
 156:Drivers/STM32F0xx_HAL_Driver/Src/stm32f0xx_hal_rcc_ex.c ****       /* Wait for LSERDY if LSE was enabled */
 157:Drivers/STM32F0xx_HAL_Driver/Src/stm32f0xx_hal_rcc_ex.c ****       if (HAL_IS_BIT_SET(temp_reg, RCC_BDCR_LSEON))
 145              		.loc 1 157 7 is_stmt 1 view .LVU40
 146              		.loc 1 157 10 is_stmt 0 view .LVU41
 147 006a D207     		lsls	r2, r2, #31
 148 006c 54D4     		bmi	.L27
 149              	.LVL9:
 150              	.L8:
 158:Drivers/STM32F0xx_HAL_Driver/Src/stm32f0xx_hal_rcc_ex.c ****       {
 159:Drivers/STM32F0xx_HAL_Driver/Src/stm32f0xx_hal_rcc_ex.c ****         /* Get Start Tick */
 160:Drivers/STM32F0xx_HAL_Driver/Src/stm32f0xx_hal_rcc_ex.c ****         tickstart = HAL_GetTick();
 161:Drivers/STM32F0xx_HAL_Driver/Src/stm32f0xx_hal_rcc_ex.c ****         
 162:Drivers/STM32F0xx_HAL_Driver/Src/stm32f0xx_hal_rcc_ex.c ****         /* Wait till LSE is ready */  
 163:Drivers/STM32F0xx_HAL_Driver/Src/stm32f0xx_hal_rcc_ex.c ****         while(__HAL_RCC_GET_FLAG(RCC_FLAG_LSERDY) == RESET)
 164:Drivers/STM32F0xx_HAL_Driver/Src/stm32f0xx_hal_rcc_ex.c ****         {
 165:Drivers/STM32F0xx_HAL_Driver/Src/stm32f0xx_hal_rcc_ex.c ****           if((HAL_GetTick() - tickstart) > RCC_LSE_TIMEOUT_VALUE)
 166:Drivers/STM32F0xx_HAL_Driver/Src/stm32f0xx_hal_rcc_ex.c ****           {
 167:Drivers/STM32F0xx_HAL_Driver/Src/stm32f0xx_hal_rcc_ex.c ****             return HAL_TIMEOUT;
 168:Drivers/STM32F0xx_HAL_Driver/Src/stm32f0xx_hal_rcc_ex.c ****           }
 169:Drivers/STM32F0xx_HAL_Driver/Src/stm32f0xx_hal_rcc_ex.c ****         }
 170:Drivers/STM32F0xx_HAL_Driver/Src/stm32f0xx_hal_rcc_ex.c ****       }
 171:Drivers/STM32F0xx_HAL_Driver/Src/stm32f0xx_hal_rcc_ex.c ****     }
 172:Drivers/STM32F0xx_HAL_Driver/Src/stm32f0xx_hal_rcc_ex.c ****     __HAL_RCC_RTC_CONFIG(PeriphClkInit->RTCClockSelection);
 151              		.loc 1 172 5 is_stmt 1 view .LVU42
 152 006e 354A     		ldr	r2, .L29
 153 0070 136A     		ldr	r3, [r2, #32]
 154 0072 3649     		ldr	r1, .L29+8
 155 0074 0B40     		ands	r3, r1
 156 0076 6168     		ldr	r1, [r4, #4]
 157 0078 0B43     		orrs	r3, r1
 158 007a 1362     		str	r3, [r2, #32]
 173:Drivers/STM32F0xx_HAL_Driver/Src/stm32f0xx_hal_rcc_ex.c **** 
 174:Drivers/STM32F0xx_HAL_Driver/Src/stm32f0xx_hal_rcc_ex.c ****     /* Require to disable power clock if necessary */
 175:Drivers/STM32F0xx_HAL_Driver/Src/stm32f0xx_hal_rcc_ex.c ****     if(pwrclkchanged == SET)
 159              		.loc 1 175 5 view .LVU43
 160              		.loc 1 175 7 is_stmt 0 view .LVU44
 161 007c 012D     		cmp	r5, #1
 162 007e 5AD0     		beq	.L28
 163              	.LVL10:
 164              	.L2:
 165              		.loc 1 175 7 view .LVU45
 166              	.LBE2:
 176:Drivers/STM32F0xx_HAL_Driver/Src/stm32f0xx_hal_rcc_ex.c ****     {
 177:Drivers/STM32F0xx_HAL_Driver/Src/stm32f0xx_hal_rcc_ex.c ****       __HAL_RCC_PWR_CLK_DISABLE();
ARM GAS  C:\Users\24705\AppData\Local\Temp\ccydURtf.s 			page 7


 178:Drivers/STM32F0xx_HAL_Driver/Src/stm32f0xx_hal_rcc_ex.c ****     }
 179:Drivers/STM32F0xx_HAL_Driver/Src/stm32f0xx_hal_rcc_ex.c ****   }
 180:Drivers/STM32F0xx_HAL_Driver/Src/stm32f0xx_hal_rcc_ex.c **** 
 181:Drivers/STM32F0xx_HAL_Driver/Src/stm32f0xx_hal_rcc_ex.c ****   /*------------------------------- USART1 Configuration ------------------------*/ 
 182:Drivers/STM32F0xx_HAL_Driver/Src/stm32f0xx_hal_rcc_ex.c ****   if(((PeriphClkInit->PeriphClockSelection) & RCC_PERIPHCLK_USART1) == RCC_PERIPHCLK_USART1)
 167              		.loc 1 182 3 is_stmt 1 view .LVU46
 168              		.loc 1 182 21 is_stmt 0 view .LVU47
 169 0080 2368     		ldr	r3, [r4]
 170              		.loc 1 182 5 view .LVU48
 171 0082 DB07     		lsls	r3, r3, #31
 172 0084 06D5     		bpl	.L11
 183:Drivers/STM32F0xx_HAL_Driver/Src/stm32f0xx_hal_rcc_ex.c ****   {
 184:Drivers/STM32F0xx_HAL_Driver/Src/stm32f0xx_hal_rcc_ex.c ****     /* Check the parameters */
 185:Drivers/STM32F0xx_HAL_Driver/Src/stm32f0xx_hal_rcc_ex.c ****     assert_param(IS_RCC_USART1CLKSOURCE(PeriphClkInit->Usart1ClockSelection));
 173              		.loc 1 185 5 is_stmt 1 view .LVU49
 186:Drivers/STM32F0xx_HAL_Driver/Src/stm32f0xx_hal_rcc_ex.c ****     
 187:Drivers/STM32F0xx_HAL_Driver/Src/stm32f0xx_hal_rcc_ex.c ****     /* Configure the USART1 clock source */
 188:Drivers/STM32F0xx_HAL_Driver/Src/stm32f0xx_hal_rcc_ex.c ****     __HAL_RCC_USART1_CONFIG(PeriphClkInit->Usart1ClockSelection);
 174              		.loc 1 188 5 view .LVU50
 175 0086 2F4A     		ldr	r2, .L29
 176 0088 136B     		ldr	r3, [r2, #48]
 177 008a 0321     		movs	r1, #3
 178 008c 8B43     		bics	r3, r1
 179 008e A168     		ldr	r1, [r4, #8]
 180 0090 0B43     		orrs	r3, r1
 181 0092 1363     		str	r3, [r2, #48]
 182              	.L11:
 189:Drivers/STM32F0xx_HAL_Driver/Src/stm32f0xx_hal_rcc_ex.c ****   }
 190:Drivers/STM32F0xx_HAL_Driver/Src/stm32f0xx_hal_rcc_ex.c ****   
 191:Drivers/STM32F0xx_HAL_Driver/Src/stm32f0xx_hal_rcc_ex.c **** #if defined(STM32F071xB) || defined(STM32F072xB) || defined(STM32F078xx)\
 192:Drivers/STM32F0xx_HAL_Driver/Src/stm32f0xx_hal_rcc_ex.c ****  || defined(STM32F091xC) || defined(STM32F098xx)
 193:Drivers/STM32F0xx_HAL_Driver/Src/stm32f0xx_hal_rcc_ex.c ****   /*----------------------------- USART2 Configuration --------------------------*/ 
 194:Drivers/STM32F0xx_HAL_Driver/Src/stm32f0xx_hal_rcc_ex.c ****   if(((PeriphClkInit->PeriphClockSelection) & RCC_PERIPHCLK_USART2) == RCC_PERIPHCLK_USART2)
 183              		.loc 1 194 3 view .LVU51
 184              		.loc 1 194 21 is_stmt 0 view .LVU52
 185 0094 2368     		ldr	r3, [r4]
 186              		.loc 1 194 5 view .LVU53
 187 0096 9B07     		lsls	r3, r3, #30
 188 0098 06D5     		bpl	.L12
 195:Drivers/STM32F0xx_HAL_Driver/Src/stm32f0xx_hal_rcc_ex.c ****   {
 196:Drivers/STM32F0xx_HAL_Driver/Src/stm32f0xx_hal_rcc_ex.c ****     /* Check the parameters */
 197:Drivers/STM32F0xx_HAL_Driver/Src/stm32f0xx_hal_rcc_ex.c ****     assert_param(IS_RCC_USART2CLKSOURCE(PeriphClkInit->Usart2ClockSelection));
 189              		.loc 1 197 5 is_stmt 1 view .LVU54
 198:Drivers/STM32F0xx_HAL_Driver/Src/stm32f0xx_hal_rcc_ex.c ****     
 199:Drivers/STM32F0xx_HAL_Driver/Src/stm32f0xx_hal_rcc_ex.c ****     /* Configure the USART2 clock source */
 200:Drivers/STM32F0xx_HAL_Driver/Src/stm32f0xx_hal_rcc_ex.c ****     __HAL_RCC_USART2_CONFIG(PeriphClkInit->Usart2ClockSelection);
 190              		.loc 1 200 5 view .LVU55
 191 009a 2A4A     		ldr	r2, .L29
 192 009c 136B     		ldr	r3, [r2, #48]
 193 009e 2D49     		ldr	r1, .L29+16
 194 00a0 0B40     		ands	r3, r1
 195 00a2 E168     		ldr	r1, [r4, #12]
 196 00a4 0B43     		orrs	r3, r1
 197 00a6 1363     		str	r3, [r2, #48]
 198              	.L12:
 201:Drivers/STM32F0xx_HAL_Driver/Src/stm32f0xx_hal_rcc_ex.c ****   }
 202:Drivers/STM32F0xx_HAL_Driver/Src/stm32f0xx_hal_rcc_ex.c **** #endif /* STM32F071xB || STM32F072xB || STM32F078xx || */
ARM GAS  C:\Users\24705\AppData\Local\Temp\ccydURtf.s 			page 8


 203:Drivers/STM32F0xx_HAL_Driver/Src/stm32f0xx_hal_rcc_ex.c ****        /* STM32F091xC || STM32F098xx */
 204:Drivers/STM32F0xx_HAL_Driver/Src/stm32f0xx_hal_rcc_ex.c **** 
 205:Drivers/STM32F0xx_HAL_Driver/Src/stm32f0xx_hal_rcc_ex.c **** #if defined(STM32F091xC) || defined(STM32F098xx)
 206:Drivers/STM32F0xx_HAL_Driver/Src/stm32f0xx_hal_rcc_ex.c ****   /*----------------------------- USART3 Configuration --------------------------*/ 
 207:Drivers/STM32F0xx_HAL_Driver/Src/stm32f0xx_hal_rcc_ex.c ****   if(((PeriphClkInit->PeriphClockSelection) & RCC_PERIPHCLK_USART3) == RCC_PERIPHCLK_USART3)
 208:Drivers/STM32F0xx_HAL_Driver/Src/stm32f0xx_hal_rcc_ex.c ****   {
 209:Drivers/STM32F0xx_HAL_Driver/Src/stm32f0xx_hal_rcc_ex.c ****     /* Check the parameters */
 210:Drivers/STM32F0xx_HAL_Driver/Src/stm32f0xx_hal_rcc_ex.c ****     assert_param(IS_RCC_USART3CLKSOURCE(PeriphClkInit->Usart3ClockSelection));
 211:Drivers/STM32F0xx_HAL_Driver/Src/stm32f0xx_hal_rcc_ex.c ****     
 212:Drivers/STM32F0xx_HAL_Driver/Src/stm32f0xx_hal_rcc_ex.c ****     /* Configure the USART3 clock source */
 213:Drivers/STM32F0xx_HAL_Driver/Src/stm32f0xx_hal_rcc_ex.c ****     __HAL_RCC_USART3_CONFIG(PeriphClkInit->Usart3ClockSelection);
 214:Drivers/STM32F0xx_HAL_Driver/Src/stm32f0xx_hal_rcc_ex.c ****   }
 215:Drivers/STM32F0xx_HAL_Driver/Src/stm32f0xx_hal_rcc_ex.c **** #endif /* STM32F091xC || STM32F098xx */  
 216:Drivers/STM32F0xx_HAL_Driver/Src/stm32f0xx_hal_rcc_ex.c **** 
 217:Drivers/STM32F0xx_HAL_Driver/Src/stm32f0xx_hal_rcc_ex.c ****   /*------------------------------ I2C1 Configuration ------------------------*/ 
 218:Drivers/STM32F0xx_HAL_Driver/Src/stm32f0xx_hal_rcc_ex.c ****   if(((PeriphClkInit->PeriphClockSelection) & RCC_PERIPHCLK_I2C1) == RCC_PERIPHCLK_I2C1)
 199              		.loc 1 218 3 view .LVU56
 200              		.loc 1 218 21 is_stmt 0 view .LVU57
 201 00a8 2368     		ldr	r3, [r4]
 202              		.loc 1 218 5 view .LVU58
 203 00aa 9B06     		lsls	r3, r3, #26
 204 00ac 06D5     		bpl	.L13
 219:Drivers/STM32F0xx_HAL_Driver/Src/stm32f0xx_hal_rcc_ex.c ****   {
 220:Drivers/STM32F0xx_HAL_Driver/Src/stm32f0xx_hal_rcc_ex.c ****     /* Check the parameters */
 221:Drivers/STM32F0xx_HAL_Driver/Src/stm32f0xx_hal_rcc_ex.c ****     assert_param(IS_RCC_I2C1CLKSOURCE(PeriphClkInit->I2c1ClockSelection));
 205              		.loc 1 221 5 is_stmt 1 view .LVU59
 222:Drivers/STM32F0xx_HAL_Driver/Src/stm32f0xx_hal_rcc_ex.c ****     
 223:Drivers/STM32F0xx_HAL_Driver/Src/stm32f0xx_hal_rcc_ex.c ****     /* Configure the I2C1 clock source */
 224:Drivers/STM32F0xx_HAL_Driver/Src/stm32f0xx_hal_rcc_ex.c ****     __HAL_RCC_I2C1_CONFIG(PeriphClkInit->I2c1ClockSelection);
 206              		.loc 1 224 5 view .LVU60
 207 00ae 254A     		ldr	r2, .L29
 208 00b0 136B     		ldr	r3, [r2, #48]
 209 00b2 1021     		movs	r1, #16
 210 00b4 8B43     		bics	r3, r1
 211 00b6 2169     		ldr	r1, [r4, #16]
 212 00b8 0B43     		orrs	r3, r1
 213 00ba 1363     		str	r3, [r2, #48]
 214              	.L13:
 225:Drivers/STM32F0xx_HAL_Driver/Src/stm32f0xx_hal_rcc_ex.c ****   }
 226:Drivers/STM32F0xx_HAL_Driver/Src/stm32f0xx_hal_rcc_ex.c **** 
 227:Drivers/STM32F0xx_HAL_Driver/Src/stm32f0xx_hal_rcc_ex.c **** #if defined(STM32F042x6) || defined(STM32F048xx) || defined(STM32F072xB) || defined(STM32F078xx) ||
 228:Drivers/STM32F0xx_HAL_Driver/Src/stm32f0xx_hal_rcc_ex.c ****   /*------------------------------ USB Configuration ------------------------*/ 
 229:Drivers/STM32F0xx_HAL_Driver/Src/stm32f0xx_hal_rcc_ex.c ****   if(((PeriphClkInit->PeriphClockSelection) & RCC_PERIPHCLK_USB) == RCC_PERIPHCLK_USB)
 215              		.loc 1 229 3 view .LVU61
 216              		.loc 1 229 21 is_stmt 0 view .LVU62
 217 00bc 2368     		ldr	r3, [r4]
 218              		.loc 1 229 5 view .LVU63
 219 00be 9B03     		lsls	r3, r3, #14
 220 00c0 06D5     		bpl	.L14
 230:Drivers/STM32F0xx_HAL_Driver/Src/stm32f0xx_hal_rcc_ex.c ****   {
 231:Drivers/STM32F0xx_HAL_Driver/Src/stm32f0xx_hal_rcc_ex.c ****     /* Check the parameters */
 232:Drivers/STM32F0xx_HAL_Driver/Src/stm32f0xx_hal_rcc_ex.c ****     assert_param(IS_RCC_USBCLKSOURCE(PeriphClkInit->UsbClockSelection));
 221              		.loc 1 232 5 is_stmt 1 view .LVU64
 233:Drivers/STM32F0xx_HAL_Driver/Src/stm32f0xx_hal_rcc_ex.c ****     
 234:Drivers/STM32F0xx_HAL_Driver/Src/stm32f0xx_hal_rcc_ex.c ****     /* Configure the USB clock source */
 235:Drivers/STM32F0xx_HAL_Driver/Src/stm32f0xx_hal_rcc_ex.c ****     __HAL_RCC_USB_CONFIG(PeriphClkInit->UsbClockSelection);
 222              		.loc 1 235 5 view .LVU65
ARM GAS  C:\Users\24705\AppData\Local\Temp\ccydURtf.s 			page 9


 223 00c2 204A     		ldr	r2, .L29
 224 00c4 136B     		ldr	r3, [r2, #48]
 225 00c6 8021     		movs	r1, #128
 226 00c8 8B43     		bics	r3, r1
 227 00ca A169     		ldr	r1, [r4, #24]
 228 00cc 0B43     		orrs	r3, r1
 229 00ce 1363     		str	r3, [r2, #48]
 230              	.L14:
 236:Drivers/STM32F0xx_HAL_Driver/Src/stm32f0xx_hal_rcc_ex.c ****   }
 237:Drivers/STM32F0xx_HAL_Driver/Src/stm32f0xx_hal_rcc_ex.c **** #endif /* STM32F042x6 || STM32F048xx || STM32F072xB || STM32F078xx || STM32F070xB || STM32F070x6 */
 238:Drivers/STM32F0xx_HAL_Driver/Src/stm32f0xx_hal_rcc_ex.c **** 
 239:Drivers/STM32F0xx_HAL_Driver/Src/stm32f0xx_hal_rcc_ex.c **** #if defined(STM32F042x6) || defined(STM32F048xx)\
 240:Drivers/STM32F0xx_HAL_Driver/Src/stm32f0xx_hal_rcc_ex.c ****  || defined(STM32F051x8) || defined(STM32F058xx)\
 241:Drivers/STM32F0xx_HAL_Driver/Src/stm32f0xx_hal_rcc_ex.c ****  || defined(STM32F071xB) || defined(STM32F072xB) || defined(STM32F078xx)\
 242:Drivers/STM32F0xx_HAL_Driver/Src/stm32f0xx_hal_rcc_ex.c ****  || defined(STM32F091xC) || defined(STM32F098xx)
 243:Drivers/STM32F0xx_HAL_Driver/Src/stm32f0xx_hal_rcc_ex.c ****   /*------------------------------ CEC clock Configuration -------------------*/ 
 244:Drivers/STM32F0xx_HAL_Driver/Src/stm32f0xx_hal_rcc_ex.c ****   if(((PeriphClkInit->PeriphClockSelection) & RCC_PERIPHCLK_CEC) == RCC_PERIPHCLK_CEC)
 231              		.loc 1 244 3 view .LVU66
 232              		.loc 1 244 21 is_stmt 0 view .LVU67
 233 00d0 2368     		ldr	r3, [r4]
 234              		.loc 1 244 5 view .LVU68
 235 00d2 5B05     		lsls	r3, r3, #21
 236 00d4 34D5     		bpl	.L18
 245:Drivers/STM32F0xx_HAL_Driver/Src/stm32f0xx_hal_rcc_ex.c ****   {
 246:Drivers/STM32F0xx_HAL_Driver/Src/stm32f0xx_hal_rcc_ex.c ****     /* Check the parameters */
 247:Drivers/STM32F0xx_HAL_Driver/Src/stm32f0xx_hal_rcc_ex.c ****     assert_param(IS_RCC_CECCLKSOURCE(PeriphClkInit->CecClockSelection));
 237              		.loc 1 247 5 is_stmt 1 view .LVU69
 248:Drivers/STM32F0xx_HAL_Driver/Src/stm32f0xx_hal_rcc_ex.c ****     
 249:Drivers/STM32F0xx_HAL_Driver/Src/stm32f0xx_hal_rcc_ex.c ****     /* Configure the CEC clock source */
 250:Drivers/STM32F0xx_HAL_Driver/Src/stm32f0xx_hal_rcc_ex.c ****     __HAL_RCC_CEC_CONFIG(PeriphClkInit->CecClockSelection);
 238              		.loc 1 250 5 view .LVU70
 239 00d6 1B4A     		ldr	r2, .L29
 240 00d8 136B     		ldr	r3, [r2, #48]
 241 00da 4021     		movs	r1, #64
 242 00dc 8B43     		bics	r3, r1
 243 00de 6169     		ldr	r1, [r4, #20]
 244 00e0 0B43     		orrs	r3, r1
 245 00e2 1363     		str	r3, [r2, #48]
 251:Drivers/STM32F0xx_HAL_Driver/Src/stm32f0xx_hal_rcc_ex.c ****   }
 252:Drivers/STM32F0xx_HAL_Driver/Src/stm32f0xx_hal_rcc_ex.c **** #endif /* STM32F042x6 || STM32F048xx ||                */
 253:Drivers/STM32F0xx_HAL_Driver/Src/stm32f0xx_hal_rcc_ex.c ****        /* STM32F051x8 || STM32F058xx ||                */
 254:Drivers/STM32F0xx_HAL_Driver/Src/stm32f0xx_hal_rcc_ex.c ****        /* STM32F071xB || STM32F072xB || STM32F078xx || */
 255:Drivers/STM32F0xx_HAL_Driver/Src/stm32f0xx_hal_rcc_ex.c ****        /* STM32F091xC || STM32F098xx */
 256:Drivers/STM32F0xx_HAL_Driver/Src/stm32f0xx_hal_rcc_ex.c ****   
 257:Drivers/STM32F0xx_HAL_Driver/Src/stm32f0xx_hal_rcc_ex.c ****   return HAL_OK;
 246              		.loc 1 257 10 is_stmt 0 view .LVU71
 247 00e4 0020     		movs	r0, #0
 248              	.L6:
 258:Drivers/STM32F0xx_HAL_Driver/Src/stm32f0xx_hal_rcc_ex.c **** }
 249              		.loc 1 258 1 view .LVU72
 250 00e6 02B0     		add	sp, sp, #8
 251              		@ sp needed
 252              	.LVL11:
 253              		.loc 1 258 1 view .LVU73
 254 00e8 70BD     		pop	{r4, r5, r6, pc}
 255              	.LVL12:
 256              	.L15:
ARM GAS  C:\Users\24705\AppData\Local\Temp\ccydURtf.s 			page 10


 257              	.LBB4:
 116:Drivers/STM32F0xx_HAL_Driver/Src/stm32f0xx_hal_rcc_ex.c **** 
 258              		.loc 1 116 22 view .LVU74
 259 00ea 0025     		movs	r5, #0
 260 00ec 9DE7     		b	.L3
 261              	.LVL13:
 262              	.L26:
 130:Drivers/STM32F0xx_HAL_Driver/Src/stm32f0xx_hal_rcc_ex.c ****       
 263              		.loc 1 130 7 is_stmt 1 view .LVU75
 264 00ee 164A     		ldr	r2, .L29+4
 265 00f0 1168     		ldr	r1, [r2]
 266 00f2 8023     		movs	r3, #128
 267 00f4 5B00     		lsls	r3, r3, #1
 268 00f6 0B43     		orrs	r3, r1
 269 00f8 1360     		str	r3, [r2]
 133:Drivers/STM32F0xx_HAL_Driver/Src/stm32f0xx_hal_rcc_ex.c ****       
 270              		.loc 1 133 7 view .LVU76
 133:Drivers/STM32F0xx_HAL_Driver/Src/stm32f0xx_hal_rcc_ex.c ****       
 271              		.loc 1 133 19 is_stmt 0 view .LVU77
 272 00fa FFF7FEFF 		bl	HAL_GetTick
 273              	.LVL14:
 133:Drivers/STM32F0xx_HAL_Driver/Src/stm32f0xx_hal_rcc_ex.c ****       
 274              		.loc 1 133 19 view .LVU78
 275 00fe 0600     		movs	r6, r0
 276              	.LVL15:
 135:Drivers/STM32F0xx_HAL_Driver/Src/stm32f0xx_hal_rcc_ex.c ****       {
 277              		.loc 1 135 7 is_stmt 1 view .LVU79
 278              	.L5:
 135:Drivers/STM32F0xx_HAL_Driver/Src/stm32f0xx_hal_rcc_ex.c ****       {
 279              		.loc 1 135 13 view .LVU80
 280 0100 114B     		ldr	r3, .L29+4
 281 0102 1B68     		ldr	r3, [r3]
 282 0104 DB05     		lsls	r3, r3, #23
 283 0106 00D5     		bpl	.LCB266
 284 0108 93E7     		b	.L4	@long jump
 285              	.LCB266:
 137:Drivers/STM32F0xx_HAL_Driver/Src/stm32f0xx_hal_rcc_ex.c ****         {
 286              		.loc 1 137 9 view .LVU81
 137:Drivers/STM32F0xx_HAL_Driver/Src/stm32f0xx_hal_rcc_ex.c ****         {
 287              		.loc 1 137 13 is_stmt 0 view .LVU82
 288 010a FFF7FEFF 		bl	HAL_GetTick
 289              	.LVL16:
 137:Drivers/STM32F0xx_HAL_Driver/Src/stm32f0xx_hal_rcc_ex.c ****         {
 290              		.loc 1 137 27 discriminator 1 view .LVU83
 291 010e 801B     		subs	r0, r0, r6
 137:Drivers/STM32F0xx_HAL_Driver/Src/stm32f0xx_hal_rcc_ex.c ****         {
 292              		.loc 1 137 11 discriminator 1 view .LVU84
 293 0110 6428     		cmp	r0, #100
 294 0112 F5D9     		bls	.L5
 139:Drivers/STM32F0xx_HAL_Driver/Src/stm32f0xx_hal_rcc_ex.c ****         }
 295              		.loc 1 139 18 view .LVU85
 296 0114 0320     		movs	r0, #3
 297 0116 E6E7     		b	.L6
 298              	.LVL17:
 299              	.L27:
 160:Drivers/STM32F0xx_HAL_Driver/Src/stm32f0xx_hal_rcc_ex.c ****         
 300              		.loc 1 160 9 is_stmt 1 view .LVU86
ARM GAS  C:\Users\24705\AppData\Local\Temp\ccydURtf.s 			page 11


 160:Drivers/STM32F0xx_HAL_Driver/Src/stm32f0xx_hal_rcc_ex.c ****         
 301              		.loc 1 160 21 is_stmt 0 view .LVU87
 302 0118 FFF7FEFF 		bl	HAL_GetTick
 303              	.LVL18:
 160:Drivers/STM32F0xx_HAL_Driver/Src/stm32f0xx_hal_rcc_ex.c ****         
 304              		.loc 1 160 21 view .LVU88
 305 011c 0600     		movs	r6, r0
 306              	.LVL19:
 163:Drivers/STM32F0xx_HAL_Driver/Src/stm32f0xx_hal_rcc_ex.c ****         {
 307              		.loc 1 163 9 is_stmt 1 view .LVU89
 308              	.L9:
 163:Drivers/STM32F0xx_HAL_Driver/Src/stm32f0xx_hal_rcc_ex.c ****         {
 309              		.loc 1 163 51 view .LVU90
 163:Drivers/STM32F0xx_HAL_Driver/Src/stm32f0xx_hal_rcc_ex.c ****         {
 310              		.loc 1 163 15 is_stmt 0 view .LVU91
 311 011e 094B     		ldr	r3, .L29
 312 0120 1B6A     		ldr	r3, [r3, #32]
 163:Drivers/STM32F0xx_HAL_Driver/Src/stm32f0xx_hal_rcc_ex.c ****         {
 313              		.loc 1 163 51 view .LVU92
 314 0122 9B07     		lsls	r3, r3, #30
 315 0124 A3D4     		bmi	.L8
 165:Drivers/STM32F0xx_HAL_Driver/Src/stm32f0xx_hal_rcc_ex.c ****           {
 316              		.loc 1 165 11 is_stmt 1 view .LVU93
 165:Drivers/STM32F0xx_HAL_Driver/Src/stm32f0xx_hal_rcc_ex.c ****           {
 317              		.loc 1 165 15 is_stmt 0 view .LVU94
 318 0126 FFF7FEFF 		bl	HAL_GetTick
 319              	.LVL20:
 165:Drivers/STM32F0xx_HAL_Driver/Src/stm32f0xx_hal_rcc_ex.c ****           {
 320              		.loc 1 165 29 discriminator 1 view .LVU95
 321 012a 801B     		subs	r0, r0, r6
 165:Drivers/STM32F0xx_HAL_Driver/Src/stm32f0xx_hal_rcc_ex.c ****           {
 322              		.loc 1 165 13 discriminator 1 view .LVU96
 323 012c 0A4B     		ldr	r3, .L29+20
 324 012e 9842     		cmp	r0, r3
 325 0130 F5D9     		bls	.L9
 167:Drivers/STM32F0xx_HAL_Driver/Src/stm32f0xx_hal_rcc_ex.c ****           }
 326              		.loc 1 167 20 view .LVU97
 327 0132 0320     		movs	r0, #3
 328 0134 D7E7     		b	.L6
 329              	.LVL21:
 330              	.L28:
 177:Drivers/STM32F0xx_HAL_Driver/Src/stm32f0xx_hal_rcc_ex.c ****     }
 331              		.loc 1 177 7 is_stmt 1 view .LVU98
 332 0136 D369     		ldr	r3, [r2, #28]
 333 0138 0849     		ldr	r1, .L29+24
 334 013a 0B40     		ands	r3, r1
 335 013c D361     		str	r3, [r2, #28]
 336 013e 9FE7     		b	.L2
 337              	.LVL22:
 338              	.L18:
 177:Drivers/STM32F0xx_HAL_Driver/Src/stm32f0xx_hal_rcc_ex.c ****     }
 339              		.loc 1 177 7 is_stmt 0 view .LVU99
 340              	.LBE4:
 257:Drivers/STM32F0xx_HAL_Driver/Src/stm32f0xx_hal_rcc_ex.c **** }
 341              		.loc 1 257 10 view .LVU100
 342 0140 0020     		movs	r0, #0
 343 0142 D0E7     		b	.L6
ARM GAS  C:\Users\24705\AppData\Local\Temp\ccydURtf.s 			page 12


 344              	.L30:
 345              		.align	2
 346              	.L29:
 347 0144 00100240 		.word	1073876992
 348 0148 00700040 		.word	1073770496
 349 014c FFFCFFFF 		.word	-769
 350 0150 FFFFFEFF 		.word	-65537
 351 0154 FFFFFCFF 		.word	-196609
 352 0158 88130000 		.word	5000
 353 015c FFFFFFEF 		.word	-268435457
 354              		.cfi_endproc
 355              	.LFE40:
 357              		.section	.text.HAL_RCCEx_GetPeriphCLKConfig,"ax",%progbits
 358              		.align	1
 359              		.global	HAL_RCCEx_GetPeriphCLKConfig
 360              		.syntax unified
 361              		.code	16
 362              		.thumb_func
 364              	HAL_RCCEx_GetPeriphCLKConfig:
 365              	.LVL23:
 366              	.LFB41:
 259:Drivers/STM32F0xx_HAL_Driver/Src/stm32f0xx_hal_rcc_ex.c **** 
 260:Drivers/STM32F0xx_HAL_Driver/Src/stm32f0xx_hal_rcc_ex.c **** /**
 261:Drivers/STM32F0xx_HAL_Driver/Src/stm32f0xx_hal_rcc_ex.c ****   * @brief  Get the RCC_ClkInitStruct according to the internal
 262:Drivers/STM32F0xx_HAL_Driver/Src/stm32f0xx_hal_rcc_ex.c ****   * RCC configuration registers.
 263:Drivers/STM32F0xx_HAL_Driver/Src/stm32f0xx_hal_rcc_ex.c ****   * @param  PeriphClkInit pointer to an RCC_PeriphCLKInitTypeDef structure that
 264:Drivers/STM32F0xx_HAL_Driver/Src/stm32f0xx_hal_rcc_ex.c ****   *         returns the configuration information for the Extended Peripherals clocks
 265:Drivers/STM32F0xx_HAL_Driver/Src/stm32f0xx_hal_rcc_ex.c ****   *         (USART, RTC, I2C, CEC and USB).
 266:Drivers/STM32F0xx_HAL_Driver/Src/stm32f0xx_hal_rcc_ex.c ****   * @retval None
 267:Drivers/STM32F0xx_HAL_Driver/Src/stm32f0xx_hal_rcc_ex.c ****   */
 268:Drivers/STM32F0xx_HAL_Driver/Src/stm32f0xx_hal_rcc_ex.c **** void HAL_RCCEx_GetPeriphCLKConfig(RCC_PeriphCLKInitTypeDef  *PeriphClkInit)
 269:Drivers/STM32F0xx_HAL_Driver/Src/stm32f0xx_hal_rcc_ex.c **** {
 367              		.loc 1 269 1 is_stmt 1 view -0
 368              		.cfi_startproc
 369              		@ args = 0, pretend = 0, frame = 0
 370              		@ frame_needed = 0, uses_anonymous_args = 0
 371              		@ link register save eliminated.
 270:Drivers/STM32F0xx_HAL_Driver/Src/stm32f0xx_hal_rcc_ex.c ****   /* Set all possible values for the extended clock type parameter------------*/
 271:Drivers/STM32F0xx_HAL_Driver/Src/stm32f0xx_hal_rcc_ex.c ****   /* Common part first */
 272:Drivers/STM32F0xx_HAL_Driver/Src/stm32f0xx_hal_rcc_ex.c ****   PeriphClkInit->PeriphClockSelection = RCC_PERIPHCLK_USART1 | RCC_PERIPHCLK_I2C1   | RCC_PERIPHCLK
 372              		.loc 1 272 3 view .LVU102
 373              		.loc 1 272 39 is_stmt 0 view .LVU103
 374 0000 114B     		ldr	r3, .L32
 375 0002 0360     		str	r3, [r0]
 273:Drivers/STM32F0xx_HAL_Driver/Src/stm32f0xx_hal_rcc_ex.c ****   /* Get the RTC configuration --------------------------------------------*/
 274:Drivers/STM32F0xx_HAL_Driver/Src/stm32f0xx_hal_rcc_ex.c ****   PeriphClkInit->RTCClockSelection = __HAL_RCC_GET_RTC_SOURCE();
 376              		.loc 1 274 3 is_stmt 1 view .LVU104
 377              		.loc 1 274 38 is_stmt 0 view .LVU105
 378 0004 114B     		ldr	r3, .L32+4
 379 0006 1A6A     		ldr	r2, [r3, #32]
 380 0008 C021     		movs	r1, #192
 381 000a 8900     		lsls	r1, r1, #2
 382 000c 0A40     		ands	r2, r1
 383              		.loc 1 274 36 view .LVU106
 384 000e 4260     		str	r2, [r0, #4]
 275:Drivers/STM32F0xx_HAL_Driver/Src/stm32f0xx_hal_rcc_ex.c ****   /* Get the USART1 clock configuration --------------------------------------------*/
 276:Drivers/STM32F0xx_HAL_Driver/Src/stm32f0xx_hal_rcc_ex.c ****   PeriphClkInit->Usart1ClockSelection = __HAL_RCC_GET_USART1_SOURCE();
ARM GAS  C:\Users\24705\AppData\Local\Temp\ccydURtf.s 			page 13


 385              		.loc 1 276 3 is_stmt 1 view .LVU107
 386              		.loc 1 276 41 is_stmt 0 view .LVU108
 387 0010 196B     		ldr	r1, [r3, #48]
 388 0012 0322     		movs	r2, #3
 389 0014 0A40     		ands	r2, r1
 390              		.loc 1 276 39 view .LVU109
 391 0016 8260     		str	r2, [r0, #8]
 277:Drivers/STM32F0xx_HAL_Driver/Src/stm32f0xx_hal_rcc_ex.c ****   /* Get the I2C1 clock source -----------------------------------------------*/
 278:Drivers/STM32F0xx_HAL_Driver/Src/stm32f0xx_hal_rcc_ex.c ****   PeriphClkInit->I2c1ClockSelection = __HAL_RCC_GET_I2C1_SOURCE();
 392              		.loc 1 278 3 is_stmt 1 view .LVU110
 393              		.loc 1 278 39 is_stmt 0 view .LVU111
 394 0018 196B     		ldr	r1, [r3, #48]
 395 001a 1022     		movs	r2, #16
 396 001c 0A40     		ands	r2, r1
 397              		.loc 1 278 37 view .LVU112
 398 001e 0261     		str	r2, [r0, #16]
 279:Drivers/STM32F0xx_HAL_Driver/Src/stm32f0xx_hal_rcc_ex.c **** 
 280:Drivers/STM32F0xx_HAL_Driver/Src/stm32f0xx_hal_rcc_ex.c **** #if defined(STM32F071xB) || defined(STM32F072xB) || defined(STM32F078xx)\
 281:Drivers/STM32F0xx_HAL_Driver/Src/stm32f0xx_hal_rcc_ex.c ****  || defined(STM32F091xC) || defined(STM32F098xx)
 282:Drivers/STM32F0xx_HAL_Driver/Src/stm32f0xx_hal_rcc_ex.c ****   PeriphClkInit->PeriphClockSelection |= RCC_PERIPHCLK_USART2;
 399              		.loc 1 282 3 is_stmt 1 view .LVU113
 400              		.loc 1 282 39 is_stmt 0 view .LVU114
 401 0020 0B4A     		ldr	r2, .L32+8
 402 0022 0260     		str	r2, [r0]
 283:Drivers/STM32F0xx_HAL_Driver/Src/stm32f0xx_hal_rcc_ex.c ****   /* Get the USART2 clock source ---------------------------------------------*/
 284:Drivers/STM32F0xx_HAL_Driver/Src/stm32f0xx_hal_rcc_ex.c ****   PeriphClkInit->Usart2ClockSelection = __HAL_RCC_GET_USART2_SOURCE();
 403              		.loc 1 284 3 is_stmt 1 view .LVU115
 404              		.loc 1 284 41 is_stmt 0 view .LVU116
 405 0024 1A6B     		ldr	r2, [r3, #48]
 406 0026 C021     		movs	r1, #192
 407 0028 8902     		lsls	r1, r1, #10
 408 002a 0A40     		ands	r2, r1
 409              		.loc 1 284 39 view .LVU117
 410 002c C260     		str	r2, [r0, #12]
 285:Drivers/STM32F0xx_HAL_Driver/Src/stm32f0xx_hal_rcc_ex.c **** #endif /* STM32F071xB || STM32F072xB || STM32F078xx || */
 286:Drivers/STM32F0xx_HAL_Driver/Src/stm32f0xx_hal_rcc_ex.c ****        /* STM32F091xC || STM32F098xx */
 287:Drivers/STM32F0xx_HAL_Driver/Src/stm32f0xx_hal_rcc_ex.c **** 
 288:Drivers/STM32F0xx_HAL_Driver/Src/stm32f0xx_hal_rcc_ex.c **** #if defined(STM32F091xC) || defined(STM32F098xx)
 289:Drivers/STM32F0xx_HAL_Driver/Src/stm32f0xx_hal_rcc_ex.c ****   PeriphClkInit->PeriphClockSelection |= RCC_PERIPHCLK_USART3;
 290:Drivers/STM32F0xx_HAL_Driver/Src/stm32f0xx_hal_rcc_ex.c ****   /* Get the USART3 clock source ---------------------------------------------*/
 291:Drivers/STM32F0xx_HAL_Driver/Src/stm32f0xx_hal_rcc_ex.c ****   PeriphClkInit->Usart3ClockSelection = __HAL_RCC_GET_USART3_SOURCE();
 292:Drivers/STM32F0xx_HAL_Driver/Src/stm32f0xx_hal_rcc_ex.c **** #endif /* STM32F091xC || STM32F098xx */
 293:Drivers/STM32F0xx_HAL_Driver/Src/stm32f0xx_hal_rcc_ex.c **** 
 294:Drivers/STM32F0xx_HAL_Driver/Src/stm32f0xx_hal_rcc_ex.c **** #if defined(STM32F042x6) || defined(STM32F048xx) || defined(STM32F072xB) || defined(STM32F078xx) ||
 295:Drivers/STM32F0xx_HAL_Driver/Src/stm32f0xx_hal_rcc_ex.c ****   PeriphClkInit->PeriphClockSelection |= RCC_PERIPHCLK_USB;
 411              		.loc 1 295 3 is_stmt 1 view .LVU118
 412              		.loc 1 295 39 is_stmt 0 view .LVU119
 413 002e 094A     		ldr	r2, .L32+12
 414 0030 0260     		str	r2, [r0]
 296:Drivers/STM32F0xx_HAL_Driver/Src/stm32f0xx_hal_rcc_ex.c ****   /* Get the USB clock source ---------------------------------------------*/
 297:Drivers/STM32F0xx_HAL_Driver/Src/stm32f0xx_hal_rcc_ex.c ****   PeriphClkInit->UsbClockSelection = __HAL_RCC_GET_USB_SOURCE();
 415              		.loc 1 297 3 is_stmt 1 view .LVU120
 416              		.loc 1 297 38 is_stmt 0 view .LVU121
 417 0032 196B     		ldr	r1, [r3, #48]
 418 0034 8022     		movs	r2, #128
 419 0036 0A40     		ands	r2, r1
 420              		.loc 1 297 36 view .LVU122
ARM GAS  C:\Users\24705\AppData\Local\Temp\ccydURtf.s 			page 14


 421 0038 8261     		str	r2, [r0, #24]
 298:Drivers/STM32F0xx_HAL_Driver/Src/stm32f0xx_hal_rcc_ex.c **** #endif /* STM32F042x6 || STM32F048xx || STM32F072xB || STM32F078xx || STM32F070xB || STM32F070x6 */
 299:Drivers/STM32F0xx_HAL_Driver/Src/stm32f0xx_hal_rcc_ex.c **** 
 300:Drivers/STM32F0xx_HAL_Driver/Src/stm32f0xx_hal_rcc_ex.c **** #if defined(STM32F042x6) || defined(STM32F048xx)\
 301:Drivers/STM32F0xx_HAL_Driver/Src/stm32f0xx_hal_rcc_ex.c ****  || defined(STM32F051x8) || defined(STM32F058xx)\
 302:Drivers/STM32F0xx_HAL_Driver/Src/stm32f0xx_hal_rcc_ex.c ****  || defined(STM32F071xB) || defined(STM32F072xB) || defined(STM32F078xx)\
 303:Drivers/STM32F0xx_HAL_Driver/Src/stm32f0xx_hal_rcc_ex.c ****  || defined(STM32F091xC) || defined(STM32F098xx)
 304:Drivers/STM32F0xx_HAL_Driver/Src/stm32f0xx_hal_rcc_ex.c ****   PeriphClkInit->PeriphClockSelection |= RCC_PERIPHCLK_CEC;
 422              		.loc 1 304 3 is_stmt 1 view .LVU123
 423              		.loc 1 304 39 is_stmt 0 view .LVU124
 424 003a 074A     		ldr	r2, .L32+16
 425 003c 0260     		str	r2, [r0]
 305:Drivers/STM32F0xx_HAL_Driver/Src/stm32f0xx_hal_rcc_ex.c ****   /* Get the CEC clock source ------------------------------------------------*/
 306:Drivers/STM32F0xx_HAL_Driver/Src/stm32f0xx_hal_rcc_ex.c ****   PeriphClkInit->CecClockSelection = __HAL_RCC_GET_CEC_SOURCE();
 426              		.loc 1 306 3 is_stmt 1 view .LVU125
 427              		.loc 1 306 38 is_stmt 0 view .LVU126
 428 003e 1A6B     		ldr	r2, [r3, #48]
 429 0040 4023     		movs	r3, #64
 430 0042 1340     		ands	r3, r2
 431              		.loc 1 306 36 view .LVU127
 432 0044 4361     		str	r3, [r0, #20]
 307:Drivers/STM32F0xx_HAL_Driver/Src/stm32f0xx_hal_rcc_ex.c **** #endif /* STM32F042x6 || STM32F048xx ||                */
 308:Drivers/STM32F0xx_HAL_Driver/Src/stm32f0xx_hal_rcc_ex.c ****        /* STM32F051x8 || STM32F058xx ||                */
 309:Drivers/STM32F0xx_HAL_Driver/Src/stm32f0xx_hal_rcc_ex.c ****        /* STM32F071xB || STM32F072xB || STM32F078xx || */
 310:Drivers/STM32F0xx_HAL_Driver/Src/stm32f0xx_hal_rcc_ex.c ****        /* STM32F091xC || STM32F098xx */
 311:Drivers/STM32F0xx_HAL_Driver/Src/stm32f0xx_hal_rcc_ex.c **** 
 312:Drivers/STM32F0xx_HAL_Driver/Src/stm32f0xx_hal_rcc_ex.c **** }
 433              		.loc 1 312 1 view .LVU128
 434              		@ sp needed
 435 0046 7047     		bx	lr
 436              	.L33:
 437              		.align	2
 438              	.L32:
 439 0048 21000100 		.word	65569
 440 004c 00100240 		.word	1073876992
 441 0050 23000100 		.word	65571
 442 0054 23000300 		.word	196643
 443 0058 23040300 		.word	197667
 444              		.cfi_endproc
 445              	.LFE41:
 447              		.section	.text.HAL_RCCEx_GetPeriphCLKFreq,"ax",%progbits
 448              		.align	1
 449              		.global	HAL_RCCEx_GetPeriphCLKFreq
 450              		.syntax unified
 451              		.code	16
 452              		.thumb_func
 454              	HAL_RCCEx_GetPeriphCLKFreq:
 455              	.LVL24:
 456              	.LFB42:
 313:Drivers/STM32F0xx_HAL_Driver/Src/stm32f0xx_hal_rcc_ex.c **** 
 314:Drivers/STM32F0xx_HAL_Driver/Src/stm32f0xx_hal_rcc_ex.c **** /**
 315:Drivers/STM32F0xx_HAL_Driver/Src/stm32f0xx_hal_rcc_ex.c ****   * @brief  Returns the peripheral clock frequency
 316:Drivers/STM32F0xx_HAL_Driver/Src/stm32f0xx_hal_rcc_ex.c ****   * @note   Returns 0 if peripheral clock is unknown
 317:Drivers/STM32F0xx_HAL_Driver/Src/stm32f0xx_hal_rcc_ex.c ****   * @param  PeriphClk Peripheral clock identifier
 318:Drivers/STM32F0xx_HAL_Driver/Src/stm32f0xx_hal_rcc_ex.c ****   *         This parameter can be one of the following values:
 319:Drivers/STM32F0xx_HAL_Driver/Src/stm32f0xx_hal_rcc_ex.c ****   *            @arg @ref RCC_PERIPHCLK_RTC     RTC peripheral clock
 320:Drivers/STM32F0xx_HAL_Driver/Src/stm32f0xx_hal_rcc_ex.c ****   *            @arg @ref RCC_PERIPHCLK_USART1  USART1 peripheral clock
ARM GAS  C:\Users\24705\AppData\Local\Temp\ccydURtf.s 			page 15


 321:Drivers/STM32F0xx_HAL_Driver/Src/stm32f0xx_hal_rcc_ex.c ****   *            @arg @ref RCC_PERIPHCLK_I2C1    I2C1 peripheral clock
 322:Drivers/STM32F0xx_HAL_Driver/Src/stm32f0xx_hal_rcc_ex.c ****   @if STM32F042x6
 323:Drivers/STM32F0xx_HAL_Driver/Src/stm32f0xx_hal_rcc_ex.c ****   *            @arg @ref RCC_PERIPHCLK_USB     USB peripheral clock
 324:Drivers/STM32F0xx_HAL_Driver/Src/stm32f0xx_hal_rcc_ex.c ****   *            @arg @ref RCC_PERIPHCLK_CEC     CEC peripheral clock
 325:Drivers/STM32F0xx_HAL_Driver/Src/stm32f0xx_hal_rcc_ex.c ****   @endif
 326:Drivers/STM32F0xx_HAL_Driver/Src/stm32f0xx_hal_rcc_ex.c ****   @if STM32F048xx
 327:Drivers/STM32F0xx_HAL_Driver/Src/stm32f0xx_hal_rcc_ex.c ****   *            @arg @ref RCC_PERIPHCLK_USB     USB peripheral clock
 328:Drivers/STM32F0xx_HAL_Driver/Src/stm32f0xx_hal_rcc_ex.c ****   *            @arg @ref RCC_PERIPHCLK_CEC     CEC peripheral clock
 329:Drivers/STM32F0xx_HAL_Driver/Src/stm32f0xx_hal_rcc_ex.c ****   @endif
 330:Drivers/STM32F0xx_HAL_Driver/Src/stm32f0xx_hal_rcc_ex.c ****   @if STM32F051x8
 331:Drivers/STM32F0xx_HAL_Driver/Src/stm32f0xx_hal_rcc_ex.c ****   *            @arg @ref RCC_PERIPHCLK_CEC     CEC peripheral clock
 332:Drivers/STM32F0xx_HAL_Driver/Src/stm32f0xx_hal_rcc_ex.c ****   @endif
 333:Drivers/STM32F0xx_HAL_Driver/Src/stm32f0xx_hal_rcc_ex.c ****   @if STM32F058xx
 334:Drivers/STM32F0xx_HAL_Driver/Src/stm32f0xx_hal_rcc_ex.c ****   *            @arg @ref RCC_PERIPHCLK_CEC     CEC peripheral clock
 335:Drivers/STM32F0xx_HAL_Driver/Src/stm32f0xx_hal_rcc_ex.c ****   @endif
 336:Drivers/STM32F0xx_HAL_Driver/Src/stm32f0xx_hal_rcc_ex.c ****   @if STM32F070x6
 337:Drivers/STM32F0xx_HAL_Driver/Src/stm32f0xx_hal_rcc_ex.c ****   *            @arg @ref RCC_PERIPHCLK_USB     USB peripheral clock
 338:Drivers/STM32F0xx_HAL_Driver/Src/stm32f0xx_hal_rcc_ex.c ****   @endif
 339:Drivers/STM32F0xx_HAL_Driver/Src/stm32f0xx_hal_rcc_ex.c ****   @if STM32F070xB
 340:Drivers/STM32F0xx_HAL_Driver/Src/stm32f0xx_hal_rcc_ex.c ****   *            @arg @ref RCC_PERIPHCLK_USB     USB peripheral clock
 341:Drivers/STM32F0xx_HAL_Driver/Src/stm32f0xx_hal_rcc_ex.c ****   @endif
 342:Drivers/STM32F0xx_HAL_Driver/Src/stm32f0xx_hal_rcc_ex.c ****   @if STM32F071xB
 343:Drivers/STM32F0xx_HAL_Driver/Src/stm32f0xx_hal_rcc_ex.c ****   *            @arg @ref RCC_PERIPHCLK_USART2  USART2 peripheral clock
 344:Drivers/STM32F0xx_HAL_Driver/Src/stm32f0xx_hal_rcc_ex.c ****   *            @arg @ref RCC_PERIPHCLK_CEC     CEC peripheral clock
 345:Drivers/STM32F0xx_HAL_Driver/Src/stm32f0xx_hal_rcc_ex.c ****   @endif
 346:Drivers/STM32F0xx_HAL_Driver/Src/stm32f0xx_hal_rcc_ex.c ****   @if STM32F072xB
 347:Drivers/STM32F0xx_HAL_Driver/Src/stm32f0xx_hal_rcc_ex.c ****   *            @arg @ref RCC_PERIPHCLK_USART2  USART2 peripheral clock
 348:Drivers/STM32F0xx_HAL_Driver/Src/stm32f0xx_hal_rcc_ex.c ****   *            @arg @ref RCC_PERIPHCLK_USB     USB peripheral clock
 349:Drivers/STM32F0xx_HAL_Driver/Src/stm32f0xx_hal_rcc_ex.c ****   *            @arg @ref RCC_PERIPHCLK_CEC     CEC peripheral clock
 350:Drivers/STM32F0xx_HAL_Driver/Src/stm32f0xx_hal_rcc_ex.c ****   @endif
 351:Drivers/STM32F0xx_HAL_Driver/Src/stm32f0xx_hal_rcc_ex.c ****   @if STM32F078xx
 352:Drivers/STM32F0xx_HAL_Driver/Src/stm32f0xx_hal_rcc_ex.c ****   *            @arg @ref RCC_PERIPHCLK_USART2  USART2 peripheral clock
 353:Drivers/STM32F0xx_HAL_Driver/Src/stm32f0xx_hal_rcc_ex.c ****   *            @arg @ref RCC_PERIPHCLK_USB     USB peripheral clock
 354:Drivers/STM32F0xx_HAL_Driver/Src/stm32f0xx_hal_rcc_ex.c ****   *            @arg @ref RCC_PERIPHCLK_CEC     CEC peripheral clock
 355:Drivers/STM32F0xx_HAL_Driver/Src/stm32f0xx_hal_rcc_ex.c ****   @endif
 356:Drivers/STM32F0xx_HAL_Driver/Src/stm32f0xx_hal_rcc_ex.c ****   @if STM32F091xC
 357:Drivers/STM32F0xx_HAL_Driver/Src/stm32f0xx_hal_rcc_ex.c ****   *            @arg @ref RCC_PERIPHCLK_USART2  USART2 peripheral clock
 358:Drivers/STM32F0xx_HAL_Driver/Src/stm32f0xx_hal_rcc_ex.c ****   *            @arg @ref RCC_PERIPHCLK_USART3  USART2 peripheral clock
 359:Drivers/STM32F0xx_HAL_Driver/Src/stm32f0xx_hal_rcc_ex.c ****   *            @arg @ref RCC_PERIPHCLK_CEC     CEC peripheral clock
 360:Drivers/STM32F0xx_HAL_Driver/Src/stm32f0xx_hal_rcc_ex.c ****   @endif
 361:Drivers/STM32F0xx_HAL_Driver/Src/stm32f0xx_hal_rcc_ex.c ****   @if STM32F098xx
 362:Drivers/STM32F0xx_HAL_Driver/Src/stm32f0xx_hal_rcc_ex.c ****   *            @arg @ref RCC_PERIPHCLK_USART2  USART2 peripheral clock
 363:Drivers/STM32F0xx_HAL_Driver/Src/stm32f0xx_hal_rcc_ex.c ****   *            @arg @ref RCC_PERIPHCLK_USART3  USART2 peripheral clock
 364:Drivers/STM32F0xx_HAL_Driver/Src/stm32f0xx_hal_rcc_ex.c ****   *            @arg @ref RCC_PERIPHCLK_CEC     CEC peripheral clock
 365:Drivers/STM32F0xx_HAL_Driver/Src/stm32f0xx_hal_rcc_ex.c ****   @endif
 366:Drivers/STM32F0xx_HAL_Driver/Src/stm32f0xx_hal_rcc_ex.c ****   * @retval Frequency in Hz (0: means that no available frequency for the peripheral)
 367:Drivers/STM32F0xx_HAL_Driver/Src/stm32f0xx_hal_rcc_ex.c ****   */
 368:Drivers/STM32F0xx_HAL_Driver/Src/stm32f0xx_hal_rcc_ex.c **** uint32_t HAL_RCCEx_GetPeriphCLKFreq(uint32_t PeriphClk)
 369:Drivers/STM32F0xx_HAL_Driver/Src/stm32f0xx_hal_rcc_ex.c **** {
 457              		.loc 1 369 1 is_stmt 1 view -0
 458              		.cfi_startproc
 459              		@ args = 0, pretend = 0, frame = 0
 460              		@ frame_needed = 0, uses_anonymous_args = 0
 461              		.loc 1 369 1 is_stmt 0 view .LVU130
 462 0000 10B5     		push	{r4, lr}
 463              	.LCFI2:
 464              		.cfi_def_cfa_offset 8
ARM GAS  C:\Users\24705\AppData\Local\Temp\ccydURtf.s 			page 16


 465              		.cfi_offset 4, -8
 466              		.cfi_offset 14, -4
 370:Drivers/STM32F0xx_HAL_Driver/Src/stm32f0xx_hal_rcc_ex.c ****   /* frequency == 0 : means that no available frequency for the peripheral */
 371:Drivers/STM32F0xx_HAL_Driver/Src/stm32f0xx_hal_rcc_ex.c ****   uint32_t frequency = 0U;
 467              		.loc 1 371 3 is_stmt 1 view .LVU131
 468              	.LVL25:
 372:Drivers/STM32F0xx_HAL_Driver/Src/stm32f0xx_hal_rcc_ex.c ****   
 373:Drivers/STM32F0xx_HAL_Driver/Src/stm32f0xx_hal_rcc_ex.c ****   uint32_t srcclk = 0U;
 469              		.loc 1 373 3 view .LVU132
 374:Drivers/STM32F0xx_HAL_Driver/Src/stm32f0xx_hal_rcc_ex.c **** #if defined(USB)
 375:Drivers/STM32F0xx_HAL_Driver/Src/stm32f0xx_hal_rcc_ex.c ****   uint32_t pllmull = 0U, pllsource = 0U, predivfactor = 0U;
 470              		.loc 1 375 3 view .LVU133
 376:Drivers/STM32F0xx_HAL_Driver/Src/stm32f0xx_hal_rcc_ex.c **** #endif /* USB */
 377:Drivers/STM32F0xx_HAL_Driver/Src/stm32f0xx_hal_rcc_ex.c **** 
 378:Drivers/STM32F0xx_HAL_Driver/Src/stm32f0xx_hal_rcc_ex.c ****   /* Check the parameters */
 379:Drivers/STM32F0xx_HAL_Driver/Src/stm32f0xx_hal_rcc_ex.c ****   assert_param(IS_RCC_PERIPHCLOCK(PeriphClk));
 471              		.loc 1 379 3 view .LVU134
 380:Drivers/STM32F0xx_HAL_Driver/Src/stm32f0xx_hal_rcc_ex.c ****   
 381:Drivers/STM32F0xx_HAL_Driver/Src/stm32f0xx_hal_rcc_ex.c ****   switch (PeriphClk)
 472              		.loc 1 381 3 view .LVU135
 473 0002 8023     		movs	r3, #128
 474 0004 DB00     		lsls	r3, r3, #3
 475 0006 9842     		cmp	r0, r3
 476 0008 00D1     		bne	.LCB429
 477 000a E0E0     		b	.L35	@long jump
 478              	.LCB429:
 479 000c 1AD8     		bhi	.L36
 480 000e 0228     		cmp	r0, #2
 481 0010 00D1     		bne	.LCB433
 482 0012 8BE0     		b	.L37	@long jump
 483              	.LCB433:
 484 0014 2028     		cmp	r0, #32
 485 0016 00D1     		bne	.LCB435
 486 0018 B4E0     		b	.L38	@long jump
 487              	.LCB435:
 488 001a 0128     		cmp	r0, #1
 489 001c 10D1     		bne	.L68
 382:Drivers/STM32F0xx_HAL_Driver/Src/stm32f0xx_hal_rcc_ex.c ****   {
 383:Drivers/STM32F0xx_HAL_Driver/Src/stm32f0xx_hal_rcc_ex.c ****   case RCC_PERIPHCLK_RTC:
 384:Drivers/STM32F0xx_HAL_Driver/Src/stm32f0xx_hal_rcc_ex.c ****     {
 385:Drivers/STM32F0xx_HAL_Driver/Src/stm32f0xx_hal_rcc_ex.c ****       /* Get the current RTC source */
 386:Drivers/STM32F0xx_HAL_Driver/Src/stm32f0xx_hal_rcc_ex.c ****       srcclk = __HAL_RCC_GET_RTC_SOURCE();
 387:Drivers/STM32F0xx_HAL_Driver/Src/stm32f0xx_hal_rcc_ex.c **** 
 388:Drivers/STM32F0xx_HAL_Driver/Src/stm32f0xx_hal_rcc_ex.c ****       /* Check if LSE is ready and if RTC clock selection is LSE */
 389:Drivers/STM32F0xx_HAL_Driver/Src/stm32f0xx_hal_rcc_ex.c ****       if ((srcclk == RCC_RTCCLKSOURCE_LSE) && (HAL_IS_BIT_SET(RCC->BDCR, RCC_BDCR_LSERDY)))
 390:Drivers/STM32F0xx_HAL_Driver/Src/stm32f0xx_hal_rcc_ex.c ****       {
 391:Drivers/STM32F0xx_HAL_Driver/Src/stm32f0xx_hal_rcc_ex.c ****         frequency = LSE_VALUE;
 392:Drivers/STM32F0xx_HAL_Driver/Src/stm32f0xx_hal_rcc_ex.c ****       }
 393:Drivers/STM32F0xx_HAL_Driver/Src/stm32f0xx_hal_rcc_ex.c ****       /* Check if LSI is ready and if RTC clock selection is LSI */
 394:Drivers/STM32F0xx_HAL_Driver/Src/stm32f0xx_hal_rcc_ex.c ****       else if ((srcclk == RCC_RTCCLKSOURCE_LSI) && (HAL_IS_BIT_SET(RCC->CSR, RCC_CSR_LSIRDY)))
 395:Drivers/STM32F0xx_HAL_Driver/Src/stm32f0xx_hal_rcc_ex.c ****       {
 396:Drivers/STM32F0xx_HAL_Driver/Src/stm32f0xx_hal_rcc_ex.c ****         frequency = LSI_VALUE;
 397:Drivers/STM32F0xx_HAL_Driver/Src/stm32f0xx_hal_rcc_ex.c ****       }
 398:Drivers/STM32F0xx_HAL_Driver/Src/stm32f0xx_hal_rcc_ex.c ****       /* Check if HSE is ready  and if RTC clock selection is HSI_DIV32*/
 399:Drivers/STM32F0xx_HAL_Driver/Src/stm32f0xx_hal_rcc_ex.c ****       else if ((srcclk == RCC_RTCCLKSOURCE_HSE_DIV32) && (HAL_IS_BIT_SET(RCC->CR, RCC_CR_HSERDY)))
 400:Drivers/STM32F0xx_HAL_Driver/Src/stm32f0xx_hal_rcc_ex.c ****       {
 401:Drivers/STM32F0xx_HAL_Driver/Src/stm32f0xx_hal_rcc_ex.c ****         frequency = HSE_VALUE / 32U;
ARM GAS  C:\Users\24705\AppData\Local\Temp\ccydURtf.s 			page 17


 402:Drivers/STM32F0xx_HAL_Driver/Src/stm32f0xx_hal_rcc_ex.c ****       }
 403:Drivers/STM32F0xx_HAL_Driver/Src/stm32f0xx_hal_rcc_ex.c ****       break;
 404:Drivers/STM32F0xx_HAL_Driver/Src/stm32f0xx_hal_rcc_ex.c ****     }
 405:Drivers/STM32F0xx_HAL_Driver/Src/stm32f0xx_hal_rcc_ex.c ****   case RCC_PERIPHCLK_USART1:
 406:Drivers/STM32F0xx_HAL_Driver/Src/stm32f0xx_hal_rcc_ex.c ****     {
 407:Drivers/STM32F0xx_HAL_Driver/Src/stm32f0xx_hal_rcc_ex.c ****       /* Get the current USART1 source */
 408:Drivers/STM32F0xx_HAL_Driver/Src/stm32f0xx_hal_rcc_ex.c ****       srcclk = __HAL_RCC_GET_USART1_SOURCE();
 490              		.loc 1 408 7 view .LVU136
 491              		.loc 1 408 16 is_stmt 0 view .LVU137
 492 001e 784B     		ldr	r3, .L83
 493 0020 1B6B     		ldr	r3, [r3, #48]
 494              		.loc 1 408 14 view .LVU138
 495 0022 0322     		movs	r2, #3
 496 0024 1100     		movs	r1, r2
 497 0026 1940     		ands	r1, r3
 498              	.LVL26:
 409:Drivers/STM32F0xx_HAL_Driver/Src/stm32f0xx_hal_rcc_ex.c **** 
 410:Drivers/STM32F0xx_HAL_Driver/Src/stm32f0xx_hal_rcc_ex.c ****       /* Check if USART1 clock selection is PCLK1 */
 411:Drivers/STM32F0xx_HAL_Driver/Src/stm32f0xx_hal_rcc_ex.c ****       if (srcclk == RCC_USART1CLKSOURCE_PCLK1)
 499              		.loc 1 411 7 is_stmt 1 view .LVU139
 500              		.loc 1 411 10 is_stmt 0 view .LVU140
 501 0028 1A42     		tst	r2, r3
 502 002a 68D0     		beq	.L69
 412:Drivers/STM32F0xx_HAL_Driver/Src/stm32f0xx_hal_rcc_ex.c ****       {
 413:Drivers/STM32F0xx_HAL_Driver/Src/stm32f0xx_hal_rcc_ex.c ****         frequency = HAL_RCC_GetPCLK1Freq();
 414:Drivers/STM32F0xx_HAL_Driver/Src/stm32f0xx_hal_rcc_ex.c ****       }
 415:Drivers/STM32F0xx_HAL_Driver/Src/stm32f0xx_hal_rcc_ex.c ****       /* Check if HSI is ready and if USART1 clock selection is HSI */
 416:Drivers/STM32F0xx_HAL_Driver/Src/stm32f0xx_hal_rcc_ex.c ****       else if ((srcclk == RCC_USART1CLKSOURCE_HSI) && (HAL_IS_BIT_SET(RCC->CR, RCC_CR_HSIRDY)))
 503              		.loc 1 416 12 is_stmt 1 view .LVU141
 504              		.loc 1 416 15 is_stmt 0 view .LVU142
 505 002c 0329     		cmp	r1, #3
 506 002e 69D0     		beq	.L70
 507              	.L46:
 417:Drivers/STM32F0xx_HAL_Driver/Src/stm32f0xx_hal_rcc_ex.c ****       {
 418:Drivers/STM32F0xx_HAL_Driver/Src/stm32f0xx_hal_rcc_ex.c ****         frequency = HSI_VALUE;
 419:Drivers/STM32F0xx_HAL_Driver/Src/stm32f0xx_hal_rcc_ex.c ****       }
 420:Drivers/STM32F0xx_HAL_Driver/Src/stm32f0xx_hal_rcc_ex.c ****       /* Check if USART1 clock selection is SYSCLK */
 421:Drivers/STM32F0xx_HAL_Driver/Src/stm32f0xx_hal_rcc_ex.c ****       else if (srcclk == RCC_USART1CLKSOURCE_SYSCLK)
 508              		.loc 1 421 12 is_stmt 1 view .LVU143
 509              		.loc 1 421 15 is_stmt 0 view .LVU144
 510 0030 0129     		cmp	r1, #1
 511 0032 00D1     		bne	.LCB454
 512 0034 6DE0     		b	.L71	@long jump
 513              	.LCB454:
 422:Drivers/STM32F0xx_HAL_Driver/Src/stm32f0xx_hal_rcc_ex.c ****       {
 423:Drivers/STM32F0xx_HAL_Driver/Src/stm32f0xx_hal_rcc_ex.c ****         frequency = HAL_RCC_GetSysClockFreq();
 424:Drivers/STM32F0xx_HAL_Driver/Src/stm32f0xx_hal_rcc_ex.c ****       }
 425:Drivers/STM32F0xx_HAL_Driver/Src/stm32f0xx_hal_rcc_ex.c ****       /* Check if LSE is ready  and if USART1 clock selection is LSE */
 426:Drivers/STM32F0xx_HAL_Driver/Src/stm32f0xx_hal_rcc_ex.c ****       else if ((srcclk == RCC_USART1CLKSOURCE_LSE) && (HAL_IS_BIT_SET(RCC->BDCR, RCC_BDCR_LSERDY)))
 514              		.loc 1 426 12 is_stmt 1 view .LVU145
 515              		.loc 1 426 15 is_stmt 0 view .LVU146
 516 0036 0229     		cmp	r1, #2
 517 0038 00D1     		bne	.LCB457
 518 003a 6DE0     		b	.L72	@long jump
 519              	.LCB457:
 371:Drivers/STM32F0xx_HAL_Driver/Src/stm32f0xx_hal_rcc_ex.c ****   
 520              		.loc 1 371 12 view .LVU147
ARM GAS  C:\Users\24705\AppData\Local\Temp\ccydURtf.s 			page 18


 521 003c 0020     		movs	r0, #0
 522              	.LVL27:
 371:Drivers/STM32F0xx_HAL_Driver/Src/stm32f0xx_hal_rcc_ex.c ****   
 523              		.loc 1 371 12 view .LVU148
 524 003e 46E0     		b	.L34
 525              	.LVL28:
 526              	.L68:
 381:Drivers/STM32F0xx_HAL_Driver/Src/stm32f0xx_hal_rcc_ex.c ****   {
 527              		.loc 1 381 3 view .LVU149
 528 0040 0020     		movs	r0, #0
 529              	.LVL29:
 381:Drivers/STM32F0xx_HAL_Driver/Src/stm32f0xx_hal_rcc_ex.c ****   {
 530              		.loc 1 381 3 view .LVU150
 531 0042 44E0     		b	.L34
 532              	.LVL30:
 533              	.L36:
 381:Drivers/STM32F0xx_HAL_Driver/Src/stm32f0xx_hal_rcc_ex.c ****   {
 534              		.loc 1 381 3 view .LVU151
 535 0044 8023     		movs	r3, #128
 536 0046 5B02     		lsls	r3, r3, #9
 537 0048 9842     		cmp	r0, r3
 538 004a 2ED0     		beq	.L41
 539 004c 8023     		movs	r3, #128
 540 004e 9B02     		lsls	r3, r3, #10
 541 0050 9842     		cmp	r0, r3
 542 0052 28D1     		bne	.L73
 427:Drivers/STM32F0xx_HAL_Driver/Src/stm32f0xx_hal_rcc_ex.c ****       {
 428:Drivers/STM32F0xx_HAL_Driver/Src/stm32f0xx_hal_rcc_ex.c ****         frequency = LSE_VALUE;
 429:Drivers/STM32F0xx_HAL_Driver/Src/stm32f0xx_hal_rcc_ex.c ****       }
 430:Drivers/STM32F0xx_HAL_Driver/Src/stm32f0xx_hal_rcc_ex.c ****       break;
 431:Drivers/STM32F0xx_HAL_Driver/Src/stm32f0xx_hal_rcc_ex.c ****     }
 432:Drivers/STM32F0xx_HAL_Driver/Src/stm32f0xx_hal_rcc_ex.c **** #if defined(RCC_CFGR3_USART2SW)
 433:Drivers/STM32F0xx_HAL_Driver/Src/stm32f0xx_hal_rcc_ex.c ****   case RCC_PERIPHCLK_USART2:
 434:Drivers/STM32F0xx_HAL_Driver/Src/stm32f0xx_hal_rcc_ex.c ****     {
 435:Drivers/STM32F0xx_HAL_Driver/Src/stm32f0xx_hal_rcc_ex.c ****       /* Get the current USART2 source */
 436:Drivers/STM32F0xx_HAL_Driver/Src/stm32f0xx_hal_rcc_ex.c ****       srcclk = __HAL_RCC_GET_USART2_SOURCE();
 437:Drivers/STM32F0xx_HAL_Driver/Src/stm32f0xx_hal_rcc_ex.c **** 
 438:Drivers/STM32F0xx_HAL_Driver/Src/stm32f0xx_hal_rcc_ex.c ****       /* Check if USART2 clock selection is PCLK1 */
 439:Drivers/STM32F0xx_HAL_Driver/Src/stm32f0xx_hal_rcc_ex.c ****       if (srcclk == RCC_USART2CLKSOURCE_PCLK1)
 440:Drivers/STM32F0xx_HAL_Driver/Src/stm32f0xx_hal_rcc_ex.c ****       {
 441:Drivers/STM32F0xx_HAL_Driver/Src/stm32f0xx_hal_rcc_ex.c ****         frequency = HAL_RCC_GetPCLK1Freq();
 442:Drivers/STM32F0xx_HAL_Driver/Src/stm32f0xx_hal_rcc_ex.c ****       }
 443:Drivers/STM32F0xx_HAL_Driver/Src/stm32f0xx_hal_rcc_ex.c ****       /* Check if HSI is ready and if USART2 clock selection is HSI */
 444:Drivers/STM32F0xx_HAL_Driver/Src/stm32f0xx_hal_rcc_ex.c ****       else if ((srcclk == RCC_USART2CLKSOURCE_HSI) && (HAL_IS_BIT_SET(RCC->CR, RCC_CR_HSIRDY)))
 445:Drivers/STM32F0xx_HAL_Driver/Src/stm32f0xx_hal_rcc_ex.c ****       {
 446:Drivers/STM32F0xx_HAL_Driver/Src/stm32f0xx_hal_rcc_ex.c ****         frequency = HSI_VALUE;
 447:Drivers/STM32F0xx_HAL_Driver/Src/stm32f0xx_hal_rcc_ex.c ****       }
 448:Drivers/STM32F0xx_HAL_Driver/Src/stm32f0xx_hal_rcc_ex.c ****       /* Check if USART2 clock selection is SYSCLK */
 449:Drivers/STM32F0xx_HAL_Driver/Src/stm32f0xx_hal_rcc_ex.c ****       else if (srcclk == RCC_USART2CLKSOURCE_SYSCLK)
 450:Drivers/STM32F0xx_HAL_Driver/Src/stm32f0xx_hal_rcc_ex.c ****       {
 451:Drivers/STM32F0xx_HAL_Driver/Src/stm32f0xx_hal_rcc_ex.c ****         frequency = HAL_RCC_GetSysClockFreq();
 452:Drivers/STM32F0xx_HAL_Driver/Src/stm32f0xx_hal_rcc_ex.c ****       }
 453:Drivers/STM32F0xx_HAL_Driver/Src/stm32f0xx_hal_rcc_ex.c ****       /* Check if LSE is ready  and if USART2 clock selection is LSE */
 454:Drivers/STM32F0xx_HAL_Driver/Src/stm32f0xx_hal_rcc_ex.c ****       else if ((srcclk == RCC_USART2CLKSOURCE_LSE) && (HAL_IS_BIT_SET(RCC->BDCR, RCC_BDCR_LSERDY)))
 455:Drivers/STM32F0xx_HAL_Driver/Src/stm32f0xx_hal_rcc_ex.c ****       {
 456:Drivers/STM32F0xx_HAL_Driver/Src/stm32f0xx_hal_rcc_ex.c ****         frequency = LSE_VALUE;
 457:Drivers/STM32F0xx_HAL_Driver/Src/stm32f0xx_hal_rcc_ex.c ****       }
ARM GAS  C:\Users\24705\AppData\Local\Temp\ccydURtf.s 			page 19


 458:Drivers/STM32F0xx_HAL_Driver/Src/stm32f0xx_hal_rcc_ex.c ****       break;
 459:Drivers/STM32F0xx_HAL_Driver/Src/stm32f0xx_hal_rcc_ex.c ****     }
 460:Drivers/STM32F0xx_HAL_Driver/Src/stm32f0xx_hal_rcc_ex.c **** #endif /* RCC_CFGR3_USART2SW */
 461:Drivers/STM32F0xx_HAL_Driver/Src/stm32f0xx_hal_rcc_ex.c **** #if defined(RCC_CFGR3_USART3SW)
 462:Drivers/STM32F0xx_HAL_Driver/Src/stm32f0xx_hal_rcc_ex.c ****   case RCC_PERIPHCLK_USART3:
 463:Drivers/STM32F0xx_HAL_Driver/Src/stm32f0xx_hal_rcc_ex.c ****     {
 464:Drivers/STM32F0xx_HAL_Driver/Src/stm32f0xx_hal_rcc_ex.c ****       /* Get the current USART3 source */
 465:Drivers/STM32F0xx_HAL_Driver/Src/stm32f0xx_hal_rcc_ex.c ****       srcclk = __HAL_RCC_GET_USART3_SOURCE();
 466:Drivers/STM32F0xx_HAL_Driver/Src/stm32f0xx_hal_rcc_ex.c **** 
 467:Drivers/STM32F0xx_HAL_Driver/Src/stm32f0xx_hal_rcc_ex.c ****       /* Check if USART3 clock selection is PCLK1 */
 468:Drivers/STM32F0xx_HAL_Driver/Src/stm32f0xx_hal_rcc_ex.c ****       if (srcclk == RCC_USART3CLKSOURCE_PCLK1)
 469:Drivers/STM32F0xx_HAL_Driver/Src/stm32f0xx_hal_rcc_ex.c ****       {
 470:Drivers/STM32F0xx_HAL_Driver/Src/stm32f0xx_hal_rcc_ex.c ****         frequency = HAL_RCC_GetPCLK1Freq();
 471:Drivers/STM32F0xx_HAL_Driver/Src/stm32f0xx_hal_rcc_ex.c ****       }
 472:Drivers/STM32F0xx_HAL_Driver/Src/stm32f0xx_hal_rcc_ex.c ****       /* Check if HSI is ready and if USART3 clock selection is HSI */
 473:Drivers/STM32F0xx_HAL_Driver/Src/stm32f0xx_hal_rcc_ex.c ****       else if ((srcclk == RCC_USART3CLKSOURCE_HSI) && (HAL_IS_BIT_SET(RCC->CR, RCC_CR_HSIRDY)))
 474:Drivers/STM32F0xx_HAL_Driver/Src/stm32f0xx_hal_rcc_ex.c ****       {
 475:Drivers/STM32F0xx_HAL_Driver/Src/stm32f0xx_hal_rcc_ex.c ****         frequency = HSI_VALUE;
 476:Drivers/STM32F0xx_HAL_Driver/Src/stm32f0xx_hal_rcc_ex.c ****       }
 477:Drivers/STM32F0xx_HAL_Driver/Src/stm32f0xx_hal_rcc_ex.c ****       /* Check if USART3 clock selection is SYSCLK */
 478:Drivers/STM32F0xx_HAL_Driver/Src/stm32f0xx_hal_rcc_ex.c ****       else if (srcclk == RCC_USART3CLKSOURCE_SYSCLK)
 479:Drivers/STM32F0xx_HAL_Driver/Src/stm32f0xx_hal_rcc_ex.c ****       {
 480:Drivers/STM32F0xx_HAL_Driver/Src/stm32f0xx_hal_rcc_ex.c ****         frequency = HAL_RCC_GetSysClockFreq();
 481:Drivers/STM32F0xx_HAL_Driver/Src/stm32f0xx_hal_rcc_ex.c ****       }
 482:Drivers/STM32F0xx_HAL_Driver/Src/stm32f0xx_hal_rcc_ex.c ****       /* Check if LSE is ready  and if USART3 clock selection is LSE */
 483:Drivers/STM32F0xx_HAL_Driver/Src/stm32f0xx_hal_rcc_ex.c ****       else if ((srcclk == RCC_USART3CLKSOURCE_LSE) && (HAL_IS_BIT_SET(RCC->BDCR, RCC_BDCR_LSERDY)))
 484:Drivers/STM32F0xx_HAL_Driver/Src/stm32f0xx_hal_rcc_ex.c ****       {
 485:Drivers/STM32F0xx_HAL_Driver/Src/stm32f0xx_hal_rcc_ex.c ****         frequency = LSE_VALUE;
 486:Drivers/STM32F0xx_HAL_Driver/Src/stm32f0xx_hal_rcc_ex.c ****       }
 487:Drivers/STM32F0xx_HAL_Driver/Src/stm32f0xx_hal_rcc_ex.c ****       break;
 488:Drivers/STM32F0xx_HAL_Driver/Src/stm32f0xx_hal_rcc_ex.c ****     }
 489:Drivers/STM32F0xx_HAL_Driver/Src/stm32f0xx_hal_rcc_ex.c **** #endif /* RCC_CFGR3_USART3SW */
 490:Drivers/STM32F0xx_HAL_Driver/Src/stm32f0xx_hal_rcc_ex.c ****   case RCC_PERIPHCLK_I2C1:
 491:Drivers/STM32F0xx_HAL_Driver/Src/stm32f0xx_hal_rcc_ex.c ****     {
 492:Drivers/STM32F0xx_HAL_Driver/Src/stm32f0xx_hal_rcc_ex.c ****       /* Get the current I2C1 source */
 493:Drivers/STM32F0xx_HAL_Driver/Src/stm32f0xx_hal_rcc_ex.c ****       srcclk = __HAL_RCC_GET_I2C1_SOURCE();
 494:Drivers/STM32F0xx_HAL_Driver/Src/stm32f0xx_hal_rcc_ex.c **** 
 495:Drivers/STM32F0xx_HAL_Driver/Src/stm32f0xx_hal_rcc_ex.c ****       /* Check if HSI is ready and if I2C1 clock selection is HSI */
 496:Drivers/STM32F0xx_HAL_Driver/Src/stm32f0xx_hal_rcc_ex.c ****       if ((srcclk == RCC_I2C1CLKSOURCE_HSI) && (HAL_IS_BIT_SET(RCC->CR, RCC_CR_HSIRDY)))
 497:Drivers/STM32F0xx_HAL_Driver/Src/stm32f0xx_hal_rcc_ex.c ****       {
 498:Drivers/STM32F0xx_HAL_Driver/Src/stm32f0xx_hal_rcc_ex.c ****         frequency = HSI_VALUE;
 499:Drivers/STM32F0xx_HAL_Driver/Src/stm32f0xx_hal_rcc_ex.c ****       }
 500:Drivers/STM32F0xx_HAL_Driver/Src/stm32f0xx_hal_rcc_ex.c ****       /* Check if I2C1 clock selection is SYSCLK */
 501:Drivers/STM32F0xx_HAL_Driver/Src/stm32f0xx_hal_rcc_ex.c ****       else if (srcclk == RCC_I2C1CLKSOURCE_SYSCLK)
 502:Drivers/STM32F0xx_HAL_Driver/Src/stm32f0xx_hal_rcc_ex.c ****       {
 503:Drivers/STM32F0xx_HAL_Driver/Src/stm32f0xx_hal_rcc_ex.c ****         frequency = HAL_RCC_GetSysClockFreq();
 504:Drivers/STM32F0xx_HAL_Driver/Src/stm32f0xx_hal_rcc_ex.c ****       }
 505:Drivers/STM32F0xx_HAL_Driver/Src/stm32f0xx_hal_rcc_ex.c ****       break;
 506:Drivers/STM32F0xx_HAL_Driver/Src/stm32f0xx_hal_rcc_ex.c ****     }
 507:Drivers/STM32F0xx_HAL_Driver/Src/stm32f0xx_hal_rcc_ex.c **** #if defined(USB)
 508:Drivers/STM32F0xx_HAL_Driver/Src/stm32f0xx_hal_rcc_ex.c ****   case RCC_PERIPHCLK_USB:
 509:Drivers/STM32F0xx_HAL_Driver/Src/stm32f0xx_hal_rcc_ex.c ****     {
 510:Drivers/STM32F0xx_HAL_Driver/Src/stm32f0xx_hal_rcc_ex.c ****       /* Get the current USB source */
 511:Drivers/STM32F0xx_HAL_Driver/Src/stm32f0xx_hal_rcc_ex.c ****       srcclk = __HAL_RCC_GET_USB_SOURCE();
 543              		.loc 1 511 7 is_stmt 1 view .LVU152
 544              		.loc 1 511 16 is_stmt 0 view .LVU153
 545 0054 6A4B     		ldr	r3, .L83
ARM GAS  C:\Users\24705\AppData\Local\Temp\ccydURtf.s 			page 20


 546 0056 1B6B     		ldr	r3, [r3, #48]
 547              	.LVL31:
 512:Drivers/STM32F0xx_HAL_Driver/Src/stm32f0xx_hal_rcc_ex.c **** 
 513:Drivers/STM32F0xx_HAL_Driver/Src/stm32f0xx_hal_rcc_ex.c ****       /* Check if PLL is ready and if USB clock selection is PLL */
 514:Drivers/STM32F0xx_HAL_Driver/Src/stm32f0xx_hal_rcc_ex.c ****       if ((srcclk == RCC_USBCLKSOURCE_PLL) && (HAL_IS_BIT_SET(RCC->CR, RCC_CR_PLLRDY)))
 548              		.loc 1 514 7 is_stmt 1 view .LVU154
 549              		.loc 1 514 10 is_stmt 0 view .LVU155
 550 0058 1B06     		lsls	r3, r3, #24
 551 005a 00D4     		bmi	.LCB489
 552 005c ACE0     		b	.L52	@long jump
 553              	.LCB489:
 554              	.LVL32:
 555              		.loc 1 514 48 discriminator 1 view .LVU156
 556 005e 684B     		ldr	r3, .L83
 557 0060 1A68     		ldr	r2, [r3]
 558 0062 8023     		movs	r3, #128
 559 0064 9B04     		lsls	r3, r3, #18
 560 0066 1000     		movs	r0, r2
 561              	.LVL33:
 562              		.loc 1 514 48 discriminator 1 view .LVU157
 563 0068 1840     		ands	r0, r3
 564              		.loc 1 514 44 discriminator 1 view .LVU158
 565 006a 1A42     		tst	r2, r3
 566 006c 2FD0     		beq	.L34
 515:Drivers/STM32F0xx_HAL_Driver/Src/stm32f0xx_hal_rcc_ex.c ****       {
 516:Drivers/STM32F0xx_HAL_Driver/Src/stm32f0xx_hal_rcc_ex.c ****         /* Get PLL clock source and multiplication factor ----------------------*/
 517:Drivers/STM32F0xx_HAL_Driver/Src/stm32f0xx_hal_rcc_ex.c ****         pllmull      = RCC->CFGR & RCC_CFGR_PLLMUL;
 567              		.loc 1 517 9 is_stmt 1 view .LVU159
 568              		.loc 1 517 27 is_stmt 0 view .LVU160
 569 006e 644A     		ldr	r2, .L83
 570 0070 5068     		ldr	r0, [r2, #4]
 571              	.LVL34:
 518:Drivers/STM32F0xx_HAL_Driver/Src/stm32f0xx_hal_rcc_ex.c ****         pllsource    = RCC->CFGR & RCC_CFGR_PLLSRC;
 572              		.loc 1 518 9 is_stmt 1 view .LVU161
 573              		.loc 1 518 27 is_stmt 0 view .LVU162
 574 0072 5368     		ldr	r3, [r2, #4]
 575              		.loc 1 518 22 view .LVU163
 576 0074 C021     		movs	r1, #192
 577 0076 4902     		lsls	r1, r1, #9
 578 0078 0B40     		ands	r3, r1
 579              	.LVL35:
 519:Drivers/STM32F0xx_HAL_Driver/Src/stm32f0xx_hal_rcc_ex.c ****         pllmull      = (pllmull >> RCC_CFGR_PLLMUL_BITNUMBER) + 2U;
 580              		.loc 1 519 9 is_stmt 1 view .LVU164
 581              		.loc 1 519 33 is_stmt 0 view .LVU165
 582 007a 800C     		lsrs	r0, r0, #18
 583              	.LVL36:
 584              		.loc 1 519 33 view .LVU166
 585 007c 0F21     		movs	r1, #15
 586 007e 0840     		ands	r0, r1
 587              		.loc 1 519 22 view .LVU167
 588 0080 841C     		adds	r4, r0, #2
 589              	.LVL37:
 520:Drivers/STM32F0xx_HAL_Driver/Src/stm32f0xx_hal_rcc_ex.c ****         predivfactor = (RCC->CFGR2 & RCC_CFGR2_PREDIV) + 1U;
 590              		.loc 1 520 9 is_stmt 1 view .LVU168
 591              		.loc 1 520 28 is_stmt 0 view .LVU169
 592 0082 D26A     		ldr	r2, [r2, #44]
 593              		.loc 1 520 36 view .LVU170
ARM GAS  C:\Users\24705\AppData\Local\Temp\ccydURtf.s 			page 21


 594 0084 1140     		ands	r1, r2
 595              		.loc 1 520 22 view .LVU171
 596 0086 0131     		adds	r1, r1, #1
 597              	.LVL38:
 521:Drivers/STM32F0xx_HAL_Driver/Src/stm32f0xx_hal_rcc_ex.c **** 
 522:Drivers/STM32F0xx_HAL_Driver/Src/stm32f0xx_hal_rcc_ex.c ****         if (pllsource == RCC_CFGR_PLLSRC_HSE_PREDIV)
 598              		.loc 1 522 9 is_stmt 1 view .LVU172
 599              		.loc 1 522 12 is_stmt 0 view .LVU173
 600 0088 8022     		movs	r2, #128
 601 008a 5202     		lsls	r2, r2, #9
 602 008c 9342     		cmp	r3, r2
 603 008e 00D1     		bne	.LCB526
 604 0090 88E0     		b	.L74	@long jump
 605              	.LCB526:
 523:Drivers/STM32F0xx_HAL_Driver/Src/stm32f0xx_hal_rcc_ex.c ****         {
 524:Drivers/STM32F0xx_HAL_Driver/Src/stm32f0xx_hal_rcc_ex.c ****           /* HSE used as PLL clock source : frequency = HSE/PREDIV * PLLMUL */
 525:Drivers/STM32F0xx_HAL_Driver/Src/stm32f0xx_hal_rcc_ex.c ****           frequency = (HSE_VALUE/predivfactor) * pllmull;
 526:Drivers/STM32F0xx_HAL_Driver/Src/stm32f0xx_hal_rcc_ex.c ****         }
 527:Drivers/STM32F0xx_HAL_Driver/Src/stm32f0xx_hal_rcc_ex.c **** #if defined(RCC_CR2_HSI48ON)
 528:Drivers/STM32F0xx_HAL_Driver/Src/stm32f0xx_hal_rcc_ex.c ****         else if (pllsource == RCC_CFGR_PLLSRC_HSI48_PREDIV)
 606              		.loc 1 528 14 is_stmt 1 view .LVU174
 607              		.loc 1 528 17 is_stmt 0 view .LVU175
 608 0092 C022     		movs	r2, #192
 609 0094 5202     		lsls	r2, r2, #9
 610 0096 9342     		cmp	r3, r2
 611 0098 00D1     		bne	.LCB531
 612 009a 88E0     		b	.L75	@long jump
 613              	.LCB531:
 529:Drivers/STM32F0xx_HAL_Driver/Src/stm32f0xx_hal_rcc_ex.c ****         {
 530:Drivers/STM32F0xx_HAL_Driver/Src/stm32f0xx_hal_rcc_ex.c ****           /* HSI48 used as PLL clock source : frequency = HSI48/PREDIV * PLLMUL */
 531:Drivers/STM32F0xx_HAL_Driver/Src/stm32f0xx_hal_rcc_ex.c ****           frequency = (HSI48_VALUE / predivfactor) * pllmull;
 532:Drivers/STM32F0xx_HAL_Driver/Src/stm32f0xx_hal_rcc_ex.c ****         }
 533:Drivers/STM32F0xx_HAL_Driver/Src/stm32f0xx_hal_rcc_ex.c **** #endif /* RCC_CR2_HSI48ON */
 534:Drivers/STM32F0xx_HAL_Driver/Src/stm32f0xx_hal_rcc_ex.c ****         else
 535:Drivers/STM32F0xx_HAL_Driver/Src/stm32f0xx_hal_rcc_ex.c ****         {
 536:Drivers/STM32F0xx_HAL_Driver/Src/stm32f0xx_hal_rcc_ex.c **** #if defined(STM32F042x6) || defined(STM32F048xx) || defined(STM32F078xx) || defined(STM32F072xB) ||
 537:Drivers/STM32F0xx_HAL_Driver/Src/stm32f0xx_hal_rcc_ex.c ****           /* HSI used as PLL clock source : frequency = HSI/PREDIV * PLLMUL */
 538:Drivers/STM32F0xx_HAL_Driver/Src/stm32f0xx_hal_rcc_ex.c ****           frequency = (HSI_VALUE / predivfactor) * pllmull;
 614              		.loc 1 538 11 is_stmt 1 view .LVU176
 615              		.loc 1 538 34 is_stmt 0 view .LVU177
 616 009c 5948     		ldr	r0, .L83+4
 617 009e FFF7FEFF 		bl	__aeabi_uidiv
 618              	.LVL39:
 619              		.loc 1 538 21 view .LVU178
 620 00a2 6043     		muls	r0, r4
 621              	.LVL40:
 622              		.loc 1 538 21 view .LVU179
 623 00a4 13E0     		b	.L34
 624              	.LVL41:
 625              	.L73:
 381:Drivers/STM32F0xx_HAL_Driver/Src/stm32f0xx_hal_rcc_ex.c ****   {
 626              		.loc 1 381 3 view .LVU180
 627 00a6 0020     		movs	r0, #0
 628              	.LVL42:
 381:Drivers/STM32F0xx_HAL_Driver/Src/stm32f0xx_hal_rcc_ex.c ****   {
 629              		.loc 1 381 3 view .LVU181
 630 00a8 11E0     		b	.L34
ARM GAS  C:\Users\24705\AppData\Local\Temp\ccydURtf.s 			page 22


 631              	.LVL43:
 632              	.L41:
 386:Drivers/STM32F0xx_HAL_Driver/Src/stm32f0xx_hal_rcc_ex.c **** 
 633              		.loc 1 386 7 is_stmt 1 view .LVU182
 386:Drivers/STM32F0xx_HAL_Driver/Src/stm32f0xx_hal_rcc_ex.c **** 
 634              		.loc 1 386 16 is_stmt 0 view .LVU183
 635 00aa 554B     		ldr	r3, .L83
 636 00ac 1B6A     		ldr	r3, [r3, #32]
 386:Drivers/STM32F0xx_HAL_Driver/Src/stm32f0xx_hal_rcc_ex.c **** 
 637              		.loc 1 386 14 view .LVU184
 638 00ae C022     		movs	r2, #192
 639 00b0 9200     		lsls	r2, r2, #2
 640 00b2 1340     		ands	r3, r2
 641              	.LVL44:
 389:Drivers/STM32F0xx_HAL_Driver/Src/stm32f0xx_hal_rcc_ex.c ****       {
 642              		.loc 1 389 7 is_stmt 1 view .LVU185
 389:Drivers/STM32F0xx_HAL_Driver/Src/stm32f0xx_hal_rcc_ex.c ****       {
 643              		.loc 1 389 10 is_stmt 0 view .LVU186
 644 00b4 8022     		movs	r2, #128
 645 00b6 5200     		lsls	r2, r2, #1
 646 00b8 9342     		cmp	r3, r2
 647 00ba 09D0     		beq	.L76
 648              	.L43:
 394:Drivers/STM32F0xx_HAL_Driver/Src/stm32f0xx_hal_rcc_ex.c ****       {
 649              		.loc 1 394 12 is_stmt 1 view .LVU187
 394:Drivers/STM32F0xx_HAL_Driver/Src/stm32f0xx_hal_rcc_ex.c ****       {
 650              		.loc 1 394 15 is_stmt 0 view .LVU188
 651 00bc 8022     		movs	r2, #128
 652 00be 9200     		lsls	r2, r2, #2
 653 00c0 9342     		cmp	r3, r2
 654 00c2 0CD0     		beq	.L77
 655              	.L44:
 399:Drivers/STM32F0xx_HAL_Driver/Src/stm32f0xx_hal_rcc_ex.c ****       {
 656              		.loc 1 399 12 is_stmt 1 view .LVU189
 399:Drivers/STM32F0xx_HAL_Driver/Src/stm32f0xx_hal_rcc_ex.c ****       {
 657              		.loc 1 399 15 is_stmt 0 view .LVU190
 658 00c4 C022     		movs	r2, #192
 659 00c6 9200     		lsls	r2, r2, #2
 660 00c8 9342     		cmp	r3, r2
 661 00ca 0ED0     		beq	.L78
 371:Drivers/STM32F0xx_HAL_Driver/Src/stm32f0xx_hal_rcc_ex.c ****   
 662              		.loc 1 371 12 view .LVU191
 663 00cc 0020     		movs	r0, #0
 664              	.LVL45:
 665              	.L34:
 539:Drivers/STM32F0xx_HAL_Driver/Src/stm32f0xx_hal_rcc_ex.c **** #else
 540:Drivers/STM32F0xx_HAL_Driver/Src/stm32f0xx_hal_rcc_ex.c ****           /* HSI used as PLL clock source : frequency = HSI/2U * PLLMUL */
 541:Drivers/STM32F0xx_HAL_Driver/Src/stm32f0xx_hal_rcc_ex.c ****           frequency = (HSI_VALUE >> 1U) * pllmull;
 542:Drivers/STM32F0xx_HAL_Driver/Src/stm32f0xx_hal_rcc_ex.c **** #endif /* STM32F042x6 || STM32F048xx || STM32F072xB || STM32F078xx || STM32F070xB */
 543:Drivers/STM32F0xx_HAL_Driver/Src/stm32f0xx_hal_rcc_ex.c ****         }
 544:Drivers/STM32F0xx_HAL_Driver/Src/stm32f0xx_hal_rcc_ex.c ****       }
 545:Drivers/STM32F0xx_HAL_Driver/Src/stm32f0xx_hal_rcc_ex.c **** #if defined(RCC_CR2_HSI48ON)
 546:Drivers/STM32F0xx_HAL_Driver/Src/stm32f0xx_hal_rcc_ex.c ****       /* Check if HSI48 is ready and if USB clock selection is HSI48 */
 547:Drivers/STM32F0xx_HAL_Driver/Src/stm32f0xx_hal_rcc_ex.c ****       else if ((srcclk == RCC_USBCLKSOURCE_HSI48) && (HAL_IS_BIT_SET(RCC->CR2, RCC_CR2_HSI48RDY)))
 548:Drivers/STM32F0xx_HAL_Driver/Src/stm32f0xx_hal_rcc_ex.c ****       {
 549:Drivers/STM32F0xx_HAL_Driver/Src/stm32f0xx_hal_rcc_ex.c ****         frequency = HSI48_VALUE;
 550:Drivers/STM32F0xx_HAL_Driver/Src/stm32f0xx_hal_rcc_ex.c ****       }
ARM GAS  C:\Users\24705\AppData\Local\Temp\ccydURtf.s 			page 23


 551:Drivers/STM32F0xx_HAL_Driver/Src/stm32f0xx_hal_rcc_ex.c **** #endif /* RCC_CR2_HSI48ON */
 552:Drivers/STM32F0xx_HAL_Driver/Src/stm32f0xx_hal_rcc_ex.c ****       break;
 553:Drivers/STM32F0xx_HAL_Driver/Src/stm32f0xx_hal_rcc_ex.c ****     }
 554:Drivers/STM32F0xx_HAL_Driver/Src/stm32f0xx_hal_rcc_ex.c **** #endif /* USB */
 555:Drivers/STM32F0xx_HAL_Driver/Src/stm32f0xx_hal_rcc_ex.c **** #if defined(CEC)
 556:Drivers/STM32F0xx_HAL_Driver/Src/stm32f0xx_hal_rcc_ex.c ****   case RCC_PERIPHCLK_CEC:
 557:Drivers/STM32F0xx_HAL_Driver/Src/stm32f0xx_hal_rcc_ex.c ****     {
 558:Drivers/STM32F0xx_HAL_Driver/Src/stm32f0xx_hal_rcc_ex.c ****       /* Get the current CEC source */
 559:Drivers/STM32F0xx_HAL_Driver/Src/stm32f0xx_hal_rcc_ex.c ****       srcclk = __HAL_RCC_GET_CEC_SOURCE();
 560:Drivers/STM32F0xx_HAL_Driver/Src/stm32f0xx_hal_rcc_ex.c **** 
 561:Drivers/STM32F0xx_HAL_Driver/Src/stm32f0xx_hal_rcc_ex.c ****       /* Check if HSI is ready and if CEC clock selection is HSI */
 562:Drivers/STM32F0xx_HAL_Driver/Src/stm32f0xx_hal_rcc_ex.c ****       if ((srcclk == RCC_CECCLKSOURCE_HSI) && (HAL_IS_BIT_SET(RCC->CR, RCC_CR_HSIRDY)))
 563:Drivers/STM32F0xx_HAL_Driver/Src/stm32f0xx_hal_rcc_ex.c ****       {
 564:Drivers/STM32F0xx_HAL_Driver/Src/stm32f0xx_hal_rcc_ex.c ****         frequency = HSI_VALUE;
 565:Drivers/STM32F0xx_HAL_Driver/Src/stm32f0xx_hal_rcc_ex.c ****       }
 566:Drivers/STM32F0xx_HAL_Driver/Src/stm32f0xx_hal_rcc_ex.c ****       /* Check if LSE is ready  and if CEC clock selection is LSE */
 567:Drivers/STM32F0xx_HAL_Driver/Src/stm32f0xx_hal_rcc_ex.c ****       else if ((srcclk == RCC_CECCLKSOURCE_LSE) && (HAL_IS_BIT_SET(RCC->BDCR, RCC_BDCR_LSERDY)))
 568:Drivers/STM32F0xx_HAL_Driver/Src/stm32f0xx_hal_rcc_ex.c ****       {
 569:Drivers/STM32F0xx_HAL_Driver/Src/stm32f0xx_hal_rcc_ex.c ****         frequency = LSE_VALUE;
 570:Drivers/STM32F0xx_HAL_Driver/Src/stm32f0xx_hal_rcc_ex.c ****       }
 571:Drivers/STM32F0xx_HAL_Driver/Src/stm32f0xx_hal_rcc_ex.c ****       break;
 572:Drivers/STM32F0xx_HAL_Driver/Src/stm32f0xx_hal_rcc_ex.c ****     }
 573:Drivers/STM32F0xx_HAL_Driver/Src/stm32f0xx_hal_rcc_ex.c **** #endif /* CEC */
 574:Drivers/STM32F0xx_HAL_Driver/Src/stm32f0xx_hal_rcc_ex.c ****   default: 
 575:Drivers/STM32F0xx_HAL_Driver/Src/stm32f0xx_hal_rcc_ex.c ****     {
 576:Drivers/STM32F0xx_HAL_Driver/Src/stm32f0xx_hal_rcc_ex.c ****       break;
 577:Drivers/STM32F0xx_HAL_Driver/Src/stm32f0xx_hal_rcc_ex.c ****     }
 578:Drivers/STM32F0xx_HAL_Driver/Src/stm32f0xx_hal_rcc_ex.c ****   }
 579:Drivers/STM32F0xx_HAL_Driver/Src/stm32f0xx_hal_rcc_ex.c ****   return(frequency);
 580:Drivers/STM32F0xx_HAL_Driver/Src/stm32f0xx_hal_rcc_ex.c **** }
 666              		.loc 1 580 1 view .LVU192
 667              		@ sp needed
 668 00ce 10BD     		pop	{r4, pc}
 669              	.LVL46:
 670              	.L76:
 389:Drivers/STM32F0xx_HAL_Driver/Src/stm32f0xx_hal_rcc_ex.c ****       {
 671              		.loc 1 389 48 discriminator 1 view .LVU193
 672 00d0 4B4A     		ldr	r2, .L83
 673 00d2 126A     		ldr	r2, [r2, #32]
 389:Drivers/STM32F0xx_HAL_Driver/Src/stm32f0xx_hal_rcc_ex.c ****       {
 674              		.loc 1 389 44 discriminator 1 view .LVU194
 675 00d4 9207     		lsls	r2, r2, #30
 676 00d6 F1D5     		bpl	.L43
 391:Drivers/STM32F0xx_HAL_Driver/Src/stm32f0xx_hal_rcc_ex.c ****       }
 677              		.loc 1 391 19 view .LVU195
 678 00d8 8020     		movs	r0, #128
 679              	.LVL47:
 391:Drivers/STM32F0xx_HAL_Driver/Src/stm32f0xx_hal_rcc_ex.c ****       }
 680              		.loc 1 391 19 view .LVU196
 681 00da 0002     		lsls	r0, r0, #8
 682 00dc F7E7     		b	.L34
 683              	.LVL48:
 684              	.L77:
 394:Drivers/STM32F0xx_HAL_Driver/Src/stm32f0xx_hal_rcc_ex.c ****       {
 685              		.loc 1 394 53 discriminator 1 view .LVU197
 686 00de 484A     		ldr	r2, .L83
 687 00e0 526A     		ldr	r2, [r2, #36]
ARM GAS  C:\Users\24705\AppData\Local\Temp\ccydURtf.s 			page 24


 394:Drivers/STM32F0xx_HAL_Driver/Src/stm32f0xx_hal_rcc_ex.c ****       {
 688              		.loc 1 394 49 discriminator 1 view .LVU198
 689 00e2 9207     		lsls	r2, r2, #30
 690 00e4 EED5     		bpl	.L44
 396:Drivers/STM32F0xx_HAL_Driver/Src/stm32f0xx_hal_rcc_ex.c ****       }
 691              		.loc 1 396 19 view .LVU199
 692 00e6 4848     		ldr	r0, .L83+8
 693              	.LVL49:
 396:Drivers/STM32F0xx_HAL_Driver/Src/stm32f0xx_hal_rcc_ex.c ****       }
 694              		.loc 1 396 19 view .LVU200
 695 00e8 F1E7     		b	.L34
 696              	.LVL50:
 697              	.L78:
 399:Drivers/STM32F0xx_HAL_Driver/Src/stm32f0xx_hal_rcc_ex.c ****       {
 698              		.loc 1 399 59 discriminator 1 view .LVU201
 699 00ea 454B     		ldr	r3, .L83
 700              	.LVL51:
 399:Drivers/STM32F0xx_HAL_Driver/Src/stm32f0xx_hal_rcc_ex.c ****       {
 701              		.loc 1 399 59 discriminator 1 view .LVU202
 702 00ec 1A68     		ldr	r2, [r3]
 703 00ee 8023     		movs	r3, #128
 704 00f0 9B02     		lsls	r3, r3, #10
 705 00f2 1000     		movs	r0, r2
 706              	.LVL52:
 399:Drivers/STM32F0xx_HAL_Driver/Src/stm32f0xx_hal_rcc_ex.c ****       {
 707              		.loc 1 399 59 discriminator 1 view .LVU203
 708 00f4 1840     		ands	r0, r3
 399:Drivers/STM32F0xx_HAL_Driver/Src/stm32f0xx_hal_rcc_ex.c ****       {
 709              		.loc 1 399 55 discriminator 1 view .LVU204
 710 00f6 1A42     		tst	r2, r3
 711 00f8 E9D0     		beq	.L34
 401:Drivers/STM32F0xx_HAL_Driver/Src/stm32f0xx_hal_rcc_ex.c ****       }
 712              		.loc 1 401 19 view .LVU205
 713 00fa 4448     		ldr	r0, .L83+12
 714 00fc E7E7     		b	.L34
 715              	.LVL53:
 716              	.L69:
 413:Drivers/STM32F0xx_HAL_Driver/Src/stm32f0xx_hal_rcc_ex.c ****       }
 717              		.loc 1 413 9 is_stmt 1 view .LVU206
 413:Drivers/STM32F0xx_HAL_Driver/Src/stm32f0xx_hal_rcc_ex.c ****       }
 718              		.loc 1 413 21 is_stmt 0 view .LVU207
 719 00fe FFF7FEFF 		bl	HAL_RCC_GetPCLK1Freq
 720              	.LVL54:
 413:Drivers/STM32F0xx_HAL_Driver/Src/stm32f0xx_hal_rcc_ex.c ****       }
 721              		.loc 1 413 21 view .LVU208
 722 0102 E4E7     		b	.L34
 723              	.LVL55:
 724              	.L70:
 416:Drivers/STM32F0xx_HAL_Driver/Src/stm32f0xx_hal_rcc_ex.c ****       {
 725              		.loc 1 416 56 discriminator 1 view .LVU209
 726 0104 3E4B     		ldr	r3, .L83
 727 0106 1B68     		ldr	r3, [r3]
 416:Drivers/STM32F0xx_HAL_Driver/Src/stm32f0xx_hal_rcc_ex.c ****       {
 728              		.loc 1 416 52 discriminator 1 view .LVU210
 729 0108 9B07     		lsls	r3, r3, #30
 730 010a 00D4     		bmi	.LCB665
 731 010c 90E7     		b	.L46	@long jump
ARM GAS  C:\Users\24705\AppData\Local\Temp\ccydURtf.s 			page 25


 732              	.LCB665:
 418:Drivers/STM32F0xx_HAL_Driver/Src/stm32f0xx_hal_rcc_ex.c ****       }
 733              		.loc 1 418 19 view .LVU211
 734 010e 3D48     		ldr	r0, .L83+4
 735              	.LVL56:
 418:Drivers/STM32F0xx_HAL_Driver/Src/stm32f0xx_hal_rcc_ex.c ****       }
 736              		.loc 1 418 19 view .LVU212
 737 0110 DDE7     		b	.L34
 738              	.LVL57:
 739              	.L71:
 423:Drivers/STM32F0xx_HAL_Driver/Src/stm32f0xx_hal_rcc_ex.c ****       }
 740              		.loc 1 423 9 is_stmt 1 view .LVU213
 423:Drivers/STM32F0xx_HAL_Driver/Src/stm32f0xx_hal_rcc_ex.c ****       }
 741              		.loc 1 423 21 is_stmt 0 view .LVU214
 742 0112 FFF7FEFF 		bl	HAL_RCC_GetSysClockFreq
 743              	.LVL58:
 423:Drivers/STM32F0xx_HAL_Driver/Src/stm32f0xx_hal_rcc_ex.c ****       }
 744              		.loc 1 423 21 view .LVU215
 745 0116 DAE7     		b	.L34
 746              	.LVL59:
 747              	.L72:
 426:Drivers/STM32F0xx_HAL_Driver/Src/stm32f0xx_hal_rcc_ex.c ****       {
 748              		.loc 1 426 56 discriminator 1 view .LVU216
 749 0118 394B     		ldr	r3, .L83
 750 011a 1B6A     		ldr	r3, [r3, #32]
 751 011c 0222     		movs	r2, #2
 752 011e 1000     		movs	r0, r2
 753              	.LVL60:
 426:Drivers/STM32F0xx_HAL_Driver/Src/stm32f0xx_hal_rcc_ex.c ****       {
 754              		.loc 1 426 56 discriminator 1 view .LVU217
 755 0120 1840     		ands	r0, r3
 426:Drivers/STM32F0xx_HAL_Driver/Src/stm32f0xx_hal_rcc_ex.c ****       {
 756              		.loc 1 426 52 discriminator 1 view .LVU218
 757 0122 1A42     		tst	r2, r3
 758 0124 D3D0     		beq	.L34
 428:Drivers/STM32F0xx_HAL_Driver/Src/stm32f0xx_hal_rcc_ex.c ****       }
 759              		.loc 1 428 19 view .LVU219
 760 0126 8020     		movs	r0, #128
 761 0128 0002     		lsls	r0, r0, #8
 762 012a D0E7     		b	.L34
 763              	.LVL61:
 764              	.L37:
 436:Drivers/STM32F0xx_HAL_Driver/Src/stm32f0xx_hal_rcc_ex.c **** 
 765              		.loc 1 436 7 is_stmt 1 view .LVU220
 436:Drivers/STM32F0xx_HAL_Driver/Src/stm32f0xx_hal_rcc_ex.c **** 
 766              		.loc 1 436 16 is_stmt 0 view .LVU221
 767 012c 344B     		ldr	r3, .L83
 768 012e 1A6B     		ldr	r2, [r3, #48]
 436:Drivers/STM32F0xx_HAL_Driver/Src/stm32f0xx_hal_rcc_ex.c **** 
 769              		.loc 1 436 14 view .LVU222
 770 0130 C023     		movs	r3, #192
 771 0132 9B02     		lsls	r3, r3, #10
 772 0134 1100     		movs	r1, r2
 773 0136 1940     		ands	r1, r3
 774              	.LVL62:
 439:Drivers/STM32F0xx_HAL_Driver/Src/stm32f0xx_hal_rcc_ex.c ****       {
 775              		.loc 1 439 7 is_stmt 1 view .LVU223
ARM GAS  C:\Users\24705\AppData\Local\Temp\ccydURtf.s 			page 26


 439:Drivers/STM32F0xx_HAL_Driver/Src/stm32f0xx_hal_rcc_ex.c ****       {
 776              		.loc 1 439 10 is_stmt 0 view .LVU224
 777 0138 1A42     		tst	r2, r3
 778 013a 0DD0     		beq	.L79
 444:Drivers/STM32F0xx_HAL_Driver/Src/stm32f0xx_hal_rcc_ex.c ****       {
 779              		.loc 1 444 12 is_stmt 1 view .LVU225
 444:Drivers/STM32F0xx_HAL_Driver/Src/stm32f0xx_hal_rcc_ex.c ****       {
 780              		.loc 1 444 15 is_stmt 0 view .LVU226
 781 013c C023     		movs	r3, #192
 782 013e 9B02     		lsls	r3, r3, #10
 783 0140 9942     		cmp	r1, r3
 784 0142 0CD0     		beq	.L80
 785              	.L49:
 449:Drivers/STM32F0xx_HAL_Driver/Src/stm32f0xx_hal_rcc_ex.c ****       {
 786              		.loc 1 449 12 is_stmt 1 view .LVU227
 449:Drivers/STM32F0xx_HAL_Driver/Src/stm32f0xx_hal_rcc_ex.c ****       {
 787              		.loc 1 449 15 is_stmt 0 view .LVU228
 788 0144 8023     		movs	r3, #128
 789 0146 5B02     		lsls	r3, r3, #9
 790 0148 9942     		cmp	r1, r3
 791 014a 0ED0     		beq	.L81
 454:Drivers/STM32F0xx_HAL_Driver/Src/stm32f0xx_hal_rcc_ex.c ****       {
 792              		.loc 1 454 12 is_stmt 1 view .LVU229
 454:Drivers/STM32F0xx_HAL_Driver/Src/stm32f0xx_hal_rcc_ex.c ****       {
 793              		.loc 1 454 15 is_stmt 0 view .LVU230
 794 014c 8023     		movs	r3, #128
 795 014e 9B02     		lsls	r3, r3, #10
 796 0150 9942     		cmp	r1, r3
 797 0152 0DD0     		beq	.L82
 371:Drivers/STM32F0xx_HAL_Driver/Src/stm32f0xx_hal_rcc_ex.c ****   
 798              		.loc 1 371 12 view .LVU231
 799 0154 0020     		movs	r0, #0
 800              	.LVL63:
 371:Drivers/STM32F0xx_HAL_Driver/Src/stm32f0xx_hal_rcc_ex.c ****   
 801              		.loc 1 371 12 view .LVU232
 802 0156 BAE7     		b	.L34
 803              	.LVL64:
 804              	.L79:
 441:Drivers/STM32F0xx_HAL_Driver/Src/stm32f0xx_hal_rcc_ex.c ****       }
 805              		.loc 1 441 9 is_stmt 1 view .LVU233
 441:Drivers/STM32F0xx_HAL_Driver/Src/stm32f0xx_hal_rcc_ex.c ****       }
 806              		.loc 1 441 21 is_stmt 0 view .LVU234
 807 0158 FFF7FEFF 		bl	HAL_RCC_GetPCLK1Freq
 808              	.LVL65:
 441:Drivers/STM32F0xx_HAL_Driver/Src/stm32f0xx_hal_rcc_ex.c ****       }
 809              		.loc 1 441 21 view .LVU235
 810 015c B7E7     		b	.L34
 811              	.LVL66:
 812              	.L80:
 444:Drivers/STM32F0xx_HAL_Driver/Src/stm32f0xx_hal_rcc_ex.c ****       {
 813              		.loc 1 444 56 discriminator 1 view .LVU236
 814 015e 284B     		ldr	r3, .L83
 815 0160 1B68     		ldr	r3, [r3]
 444:Drivers/STM32F0xx_HAL_Driver/Src/stm32f0xx_hal_rcc_ex.c ****       {
 816              		.loc 1 444 52 discriminator 1 view .LVU237
 817 0162 9B07     		lsls	r3, r3, #30
 818 0164 EED5     		bpl	.L49
ARM GAS  C:\Users\24705\AppData\Local\Temp\ccydURtf.s 			page 27


 446:Drivers/STM32F0xx_HAL_Driver/Src/stm32f0xx_hal_rcc_ex.c ****       }
 819              		.loc 1 446 19 view .LVU238
 820 0166 2748     		ldr	r0, .L83+4
 821              	.LVL67:
 446:Drivers/STM32F0xx_HAL_Driver/Src/stm32f0xx_hal_rcc_ex.c ****       }
 822              		.loc 1 446 19 view .LVU239
 823 0168 B1E7     		b	.L34
 824              	.LVL68:
 825              	.L81:
 451:Drivers/STM32F0xx_HAL_Driver/Src/stm32f0xx_hal_rcc_ex.c ****       }
 826              		.loc 1 451 9 is_stmt 1 view .LVU240
 451:Drivers/STM32F0xx_HAL_Driver/Src/stm32f0xx_hal_rcc_ex.c ****       }
 827              		.loc 1 451 21 is_stmt 0 view .LVU241
 828 016a FFF7FEFF 		bl	HAL_RCC_GetSysClockFreq
 829              	.LVL69:
 451:Drivers/STM32F0xx_HAL_Driver/Src/stm32f0xx_hal_rcc_ex.c ****       }
 830              		.loc 1 451 21 view .LVU242
 831 016e AEE7     		b	.L34
 832              	.LVL70:
 833              	.L82:
 454:Drivers/STM32F0xx_HAL_Driver/Src/stm32f0xx_hal_rcc_ex.c ****       {
 834              		.loc 1 454 56 discriminator 1 view .LVU243
 835 0170 234B     		ldr	r3, .L83
 836 0172 1B6A     		ldr	r3, [r3, #32]
 837 0174 0222     		movs	r2, #2
 838 0176 1000     		movs	r0, r2
 839              	.LVL71:
 454:Drivers/STM32F0xx_HAL_Driver/Src/stm32f0xx_hal_rcc_ex.c ****       {
 840              		.loc 1 454 56 discriminator 1 view .LVU244
 841 0178 1840     		ands	r0, r3
 454:Drivers/STM32F0xx_HAL_Driver/Src/stm32f0xx_hal_rcc_ex.c ****       {
 842              		.loc 1 454 52 discriminator 1 view .LVU245
 843 017a 1A42     		tst	r2, r3
 844 017c A7D0     		beq	.L34
 456:Drivers/STM32F0xx_HAL_Driver/Src/stm32f0xx_hal_rcc_ex.c ****       }
 845              		.loc 1 456 19 view .LVU246
 846 017e 8020     		movs	r0, #128
 847 0180 0002     		lsls	r0, r0, #8
 848 0182 A4E7     		b	.L34
 849              	.LVL72:
 850              	.L38:
 493:Drivers/STM32F0xx_HAL_Driver/Src/stm32f0xx_hal_rcc_ex.c **** 
 851              		.loc 1 493 7 is_stmt 1 view .LVU247
 493:Drivers/STM32F0xx_HAL_Driver/Src/stm32f0xx_hal_rcc_ex.c **** 
 852              		.loc 1 493 16 is_stmt 0 view .LVU248
 853 0184 1E4B     		ldr	r3, .L83
 854 0186 1B6B     		ldr	r3, [r3, #48]
 855              	.LVL73:
 496:Drivers/STM32F0xx_HAL_Driver/Src/stm32f0xx_hal_rcc_ex.c ****       {
 856              		.loc 1 496 7 is_stmt 1 view .LVU249
 496:Drivers/STM32F0xx_HAL_Driver/Src/stm32f0xx_hal_rcc_ex.c ****       {
 857              		.loc 1 496 10 is_stmt 0 view .LVU250
 858 0188 DB06     		lsls	r3, r3, #27
 859 018a 08D4     		bmi	.L51
 860              	.LVL74:
 496:Drivers/STM32F0xx_HAL_Driver/Src/stm32f0xx_hal_rcc_ex.c ****       {
 861              		.loc 1 496 49 discriminator 1 view .LVU251
ARM GAS  C:\Users\24705\AppData\Local\Temp\ccydURtf.s 			page 28


 862 018c 1C4B     		ldr	r3, .L83
 863 018e 1B68     		ldr	r3, [r3]
 864 0190 0222     		movs	r2, #2
 865 0192 1000     		movs	r0, r2
 866              	.LVL75:
 496:Drivers/STM32F0xx_HAL_Driver/Src/stm32f0xx_hal_rcc_ex.c ****       {
 867              		.loc 1 496 49 discriminator 1 view .LVU252
 868 0194 1840     		ands	r0, r3
 496:Drivers/STM32F0xx_HAL_Driver/Src/stm32f0xx_hal_rcc_ex.c ****       {
 869              		.loc 1 496 45 discriminator 1 view .LVU253
 870 0196 1A42     		tst	r2, r3
 871 0198 99D0     		beq	.L34
 498:Drivers/STM32F0xx_HAL_Driver/Src/stm32f0xx_hal_rcc_ex.c ****       }
 872              		.loc 1 498 19 view .LVU254
 873 019a 1A48     		ldr	r0, .L83+4
 874 019c 97E7     		b	.L34
 875              	.LVL76:
 876              	.L51:
 503:Drivers/STM32F0xx_HAL_Driver/Src/stm32f0xx_hal_rcc_ex.c ****       }
 877              		.loc 1 503 9 is_stmt 1 view .LVU255
 503:Drivers/STM32F0xx_HAL_Driver/Src/stm32f0xx_hal_rcc_ex.c ****       }
 878              		.loc 1 503 21 is_stmt 0 view .LVU256
 879 019e FFF7FEFF 		bl	HAL_RCC_GetSysClockFreq
 880              	.LVL77:
 503:Drivers/STM32F0xx_HAL_Driver/Src/stm32f0xx_hal_rcc_ex.c ****       }
 881              		.loc 1 503 21 view .LVU257
 882 01a2 94E7     		b	.L34
 883              	.LVL78:
 884              	.L74:
 525:Drivers/STM32F0xx_HAL_Driver/Src/stm32f0xx_hal_rcc_ex.c ****         }
 885              		.loc 1 525 11 is_stmt 1 view .LVU258
 525:Drivers/STM32F0xx_HAL_Driver/Src/stm32f0xx_hal_rcc_ex.c ****         }
 886              		.loc 1 525 33 is_stmt 0 view .LVU259
 887 01a4 1A48     		ldr	r0, .L83+16
 888 01a6 FFF7FEFF 		bl	__aeabi_uidiv
 889              	.LVL79:
 525:Drivers/STM32F0xx_HAL_Driver/Src/stm32f0xx_hal_rcc_ex.c ****         }
 890              		.loc 1 525 21 view .LVU260
 891 01aa 6043     		muls	r0, r4
 892              	.LVL80:
 525:Drivers/STM32F0xx_HAL_Driver/Src/stm32f0xx_hal_rcc_ex.c ****         }
 893              		.loc 1 525 21 view .LVU261
 894 01ac 8FE7     		b	.L34
 895              	.LVL81:
 896              	.L75:
 531:Drivers/STM32F0xx_HAL_Driver/Src/stm32f0xx_hal_rcc_ex.c ****         }
 897              		.loc 1 531 11 is_stmt 1 view .LVU262
 531:Drivers/STM32F0xx_HAL_Driver/Src/stm32f0xx_hal_rcc_ex.c ****         }
 898              		.loc 1 531 36 is_stmt 0 view .LVU263
 899 01ae 1948     		ldr	r0, .L83+20
 900 01b0 FFF7FEFF 		bl	__aeabi_uidiv
 901              	.LVL82:
 531:Drivers/STM32F0xx_HAL_Driver/Src/stm32f0xx_hal_rcc_ex.c ****         }
 902              		.loc 1 531 21 view .LVU264
 903 01b4 6043     		muls	r0, r4
 904              	.LVL83:
 531:Drivers/STM32F0xx_HAL_Driver/Src/stm32f0xx_hal_rcc_ex.c ****         }
ARM GAS  C:\Users\24705\AppData\Local\Temp\ccydURtf.s 			page 29


 905              		.loc 1 531 21 view .LVU265
 906 01b6 8AE7     		b	.L34
 907              	.LVL84:
 908              	.L52:
 547:Drivers/STM32F0xx_HAL_Driver/Src/stm32f0xx_hal_rcc_ex.c ****       {
 909              		.loc 1 547 55 discriminator 1 view .LVU266
 910 01b8 114B     		ldr	r3, .L83
 911 01ba 5A6B     		ldr	r2, [r3, #52]
 912 01bc 8023     		movs	r3, #128
 913 01be 9B02     		lsls	r3, r3, #10
 914 01c0 1000     		movs	r0, r2
 915              	.LVL85:
 547:Drivers/STM32F0xx_HAL_Driver/Src/stm32f0xx_hal_rcc_ex.c ****       {
 916              		.loc 1 547 55 discriminator 1 view .LVU267
 917 01c2 1840     		ands	r0, r3
 547:Drivers/STM32F0xx_HAL_Driver/Src/stm32f0xx_hal_rcc_ex.c ****       {
 918              		.loc 1 547 51 discriminator 1 view .LVU268
 919 01c4 1A42     		tst	r2, r3
 920 01c6 00D1     		bne	.LCB866
 921 01c8 81E7     		b	.L34	@long jump
 922              	.LCB866:
 549:Drivers/STM32F0xx_HAL_Driver/Src/stm32f0xx_hal_rcc_ex.c ****       }
 923              		.loc 1 549 19 view .LVU269
 924 01ca 1248     		ldr	r0, .L83+20
 925 01cc 7FE7     		b	.L34
 926              	.LVL86:
 927              	.L35:
 559:Drivers/STM32F0xx_HAL_Driver/Src/stm32f0xx_hal_rcc_ex.c **** 
 928              		.loc 1 559 7 is_stmt 1 view .LVU270
 559:Drivers/STM32F0xx_HAL_Driver/Src/stm32f0xx_hal_rcc_ex.c **** 
 929              		.loc 1 559 16 is_stmt 0 view .LVU271
 930 01ce 0C4B     		ldr	r3, .L83
 931 01d0 1B6B     		ldr	r3, [r3, #48]
 932              	.LVL87:
 562:Drivers/STM32F0xx_HAL_Driver/Src/stm32f0xx_hal_rcc_ex.c ****       {
 933              		.loc 1 562 7 is_stmt 1 view .LVU272
 562:Drivers/STM32F0xx_HAL_Driver/Src/stm32f0xx_hal_rcc_ex.c ****       {
 934              		.loc 1 562 10 is_stmt 0 view .LVU273
 935 01d2 5B06     		lsls	r3, r3, #25
 936 01d4 09D4     		bmi	.L55
 937              	.LVL88:
 562:Drivers/STM32F0xx_HAL_Driver/Src/stm32f0xx_hal_rcc_ex.c ****       {
 938              		.loc 1 562 48 discriminator 1 view .LVU274
 939 01d6 0A4B     		ldr	r3, .L83
 940 01d8 1B68     		ldr	r3, [r3]
 941 01da 0222     		movs	r2, #2
 942 01dc 1000     		movs	r0, r2
 943              	.LVL89:
 562:Drivers/STM32F0xx_HAL_Driver/Src/stm32f0xx_hal_rcc_ex.c ****       {
 944              		.loc 1 562 48 discriminator 1 view .LVU275
 945 01de 1840     		ands	r0, r3
 562:Drivers/STM32F0xx_HAL_Driver/Src/stm32f0xx_hal_rcc_ex.c ****       {
 946              		.loc 1 562 44 discriminator 1 view .LVU276
 947 01e0 1A42     		tst	r2, r3
 948 01e2 00D1     		bne	.LCB891
 949 01e4 73E7     		b	.L34	@long jump
 950              	.LCB891:
ARM GAS  C:\Users\24705\AppData\Local\Temp\ccydURtf.s 			page 30


 564:Drivers/STM32F0xx_HAL_Driver/Src/stm32f0xx_hal_rcc_ex.c ****       }
 951              		.loc 1 564 19 view .LVU277
 952 01e6 0748     		ldr	r0, .L83+4
 953 01e8 71E7     		b	.L34
 954              	.LVL90:
 955              	.L55:
 567:Drivers/STM32F0xx_HAL_Driver/Src/stm32f0xx_hal_rcc_ex.c ****       {
 956              		.loc 1 567 53 discriminator 1 view .LVU278
 957 01ea 054B     		ldr	r3, .L83
 958 01ec 1B6A     		ldr	r3, [r3, #32]
 959 01ee 0222     		movs	r2, #2
 960 01f0 1000     		movs	r0, r2
 961              	.LVL91:
 567:Drivers/STM32F0xx_HAL_Driver/Src/stm32f0xx_hal_rcc_ex.c ****       {
 962              		.loc 1 567 53 discriminator 1 view .LVU279
 963 01f2 1840     		ands	r0, r3
 567:Drivers/STM32F0xx_HAL_Driver/Src/stm32f0xx_hal_rcc_ex.c ****       {
 964              		.loc 1 567 49 discriminator 1 view .LVU280
 965 01f4 1A42     		tst	r2, r3
 966 01f6 00D1     		bne	.LCB905
 967 01f8 69E7     		b	.L34	@long jump
 968              	.LCB905:
 569:Drivers/STM32F0xx_HAL_Driver/Src/stm32f0xx_hal_rcc_ex.c ****       }
 969              		.loc 1 569 19 view .LVU281
 970 01fa 8020     		movs	r0, #128
 971 01fc 0002     		lsls	r0, r0, #8
 972              	.LVL92:
 579:Drivers/STM32F0xx_HAL_Driver/Src/stm32f0xx_hal_rcc_ex.c **** }
 973              		.loc 1 579 3 is_stmt 1 view .LVU282
 579:Drivers/STM32F0xx_HAL_Driver/Src/stm32f0xx_hal_rcc_ex.c **** }
 974              		.loc 1 579 9 is_stmt 0 view .LVU283
 975 01fe 66E7     		b	.L34
 976              	.L84:
 977              		.align	2
 978              	.L83:
 979 0200 00100240 		.word	1073876992
 980 0204 00127A00 		.word	8000000
 981 0208 409C0000 		.word	40000
 982 020c D8B80500 		.word	375000
 983 0210 001BB700 		.word	12000000
 984 0214 006CDC02 		.word	48000000
 985              		.cfi_endproc
 986              	.LFE42:
 988              		.section	.text.HAL_RCCEx_CRSConfig,"ax",%progbits
 989              		.align	1
 990              		.global	HAL_RCCEx_CRSConfig
 991              		.syntax unified
 992              		.code	16
 993              		.thumb_func
 995              	HAL_RCCEx_CRSConfig:
 996              	.LVL93:
 997              	.LFB43:
 581:Drivers/STM32F0xx_HAL_Driver/Src/stm32f0xx_hal_rcc_ex.c **** 
 582:Drivers/STM32F0xx_HAL_Driver/Src/stm32f0xx_hal_rcc_ex.c **** /**
 583:Drivers/STM32F0xx_HAL_Driver/Src/stm32f0xx_hal_rcc_ex.c ****   * @}
 584:Drivers/STM32F0xx_HAL_Driver/Src/stm32f0xx_hal_rcc_ex.c ****   */
 585:Drivers/STM32F0xx_HAL_Driver/Src/stm32f0xx_hal_rcc_ex.c **** 
ARM GAS  C:\Users\24705\AppData\Local\Temp\ccydURtf.s 			page 31


 586:Drivers/STM32F0xx_HAL_Driver/Src/stm32f0xx_hal_rcc_ex.c **** #if defined(CRS)
 587:Drivers/STM32F0xx_HAL_Driver/Src/stm32f0xx_hal_rcc_ex.c **** 
 588:Drivers/STM32F0xx_HAL_Driver/Src/stm32f0xx_hal_rcc_ex.c **** /** @defgroup RCCEx_Exported_Functions_Group3 Extended Clock Recovery System Control functions 
 589:Drivers/STM32F0xx_HAL_Driver/Src/stm32f0xx_hal_rcc_ex.c ****  *  @brief  Extended Clock Recovery System Control functions
 590:Drivers/STM32F0xx_HAL_Driver/Src/stm32f0xx_hal_rcc_ex.c ****  *
 591:Drivers/STM32F0xx_HAL_Driver/Src/stm32f0xx_hal_rcc_ex.c **** @verbatim
 592:Drivers/STM32F0xx_HAL_Driver/Src/stm32f0xx_hal_rcc_ex.c ****  ===============================================================================
 593:Drivers/STM32F0xx_HAL_Driver/Src/stm32f0xx_hal_rcc_ex.c ****                 ##### Extended Clock Recovery System Control functions  #####
 594:Drivers/STM32F0xx_HAL_Driver/Src/stm32f0xx_hal_rcc_ex.c ****  ===============================================================================
 595:Drivers/STM32F0xx_HAL_Driver/Src/stm32f0xx_hal_rcc_ex.c ****     [..]
 596:Drivers/STM32F0xx_HAL_Driver/Src/stm32f0xx_hal_rcc_ex.c ****       For devices with Clock Recovery System feature (CRS), RCC Extension HAL driver can be used as
 597:Drivers/STM32F0xx_HAL_Driver/Src/stm32f0xx_hal_rcc_ex.c **** 
 598:Drivers/STM32F0xx_HAL_Driver/Src/stm32f0xx_hal_rcc_ex.c ****       (#) In System clock config, HSI48 needs to be enabled
 599:Drivers/STM32F0xx_HAL_Driver/Src/stm32f0xx_hal_rcc_ex.c **** 
 600:Drivers/STM32F0xx_HAL_Driver/Src/stm32f0xx_hal_rcc_ex.c ****       (#) Enable CRS clock in IP MSP init which will use CRS functions
 601:Drivers/STM32F0xx_HAL_Driver/Src/stm32f0xx_hal_rcc_ex.c **** 
 602:Drivers/STM32F0xx_HAL_Driver/Src/stm32f0xx_hal_rcc_ex.c ****       (#) Call CRS functions as follows:
 603:Drivers/STM32F0xx_HAL_Driver/Src/stm32f0xx_hal_rcc_ex.c ****           (##) Prepare synchronization configuration necessary for HSI48 calibration
 604:Drivers/STM32F0xx_HAL_Driver/Src/stm32f0xx_hal_rcc_ex.c ****               (+++) Default values can be set for frequency Error Measurement (reload and error lim
 605:Drivers/STM32F0xx_HAL_Driver/Src/stm32f0xx_hal_rcc_ex.c ****                         and also HSI48 oscillator smooth trimming.
 606:Drivers/STM32F0xx_HAL_Driver/Src/stm32f0xx_hal_rcc_ex.c ****               (+++) Macro __HAL_RCC_CRS_RELOADVALUE_CALCULATE can be also used to calculate 
 607:Drivers/STM32F0xx_HAL_Driver/Src/stm32f0xx_hal_rcc_ex.c ****                         directly reload value with target and synchronization frequencies values
 608:Drivers/STM32F0xx_HAL_Driver/Src/stm32f0xx_hal_rcc_ex.c ****           (##) Call function HAL_RCCEx_CRSConfig which
 609:Drivers/STM32F0xx_HAL_Driver/Src/stm32f0xx_hal_rcc_ex.c ****               (+++) Reset CRS registers to their default values.
 610:Drivers/STM32F0xx_HAL_Driver/Src/stm32f0xx_hal_rcc_ex.c ****               (+++) Configure CRS registers with synchronization configuration 
 611:Drivers/STM32F0xx_HAL_Driver/Src/stm32f0xx_hal_rcc_ex.c ****               (+++) Enable automatic calibration and frequency error counter feature
 612:Drivers/STM32F0xx_HAL_Driver/Src/stm32f0xx_hal_rcc_ex.c ****            Note: When using USB LPM (Link Power Management) and the device is in Sleep mode, the
 613:Drivers/STM32F0xx_HAL_Driver/Src/stm32f0xx_hal_rcc_ex.c ****            periodic USB SOF will not be generated by the host. No SYNC signal will therefore be
 614:Drivers/STM32F0xx_HAL_Driver/Src/stm32f0xx_hal_rcc_ex.c ****            provided to the CRS to calibrate the HSI48 on the run. To guarantee the required clock
 615:Drivers/STM32F0xx_HAL_Driver/Src/stm32f0xx_hal_rcc_ex.c ****            precision after waking up from Sleep mode, the LSE or reference clock on the GPIOs
 616:Drivers/STM32F0xx_HAL_Driver/Src/stm32f0xx_hal_rcc_ex.c ****            should be used as SYNC signal.
 617:Drivers/STM32F0xx_HAL_Driver/Src/stm32f0xx_hal_rcc_ex.c **** 
 618:Drivers/STM32F0xx_HAL_Driver/Src/stm32f0xx_hal_rcc_ex.c ****           (##) A polling function is provided to wait for complete synchronization
 619:Drivers/STM32F0xx_HAL_Driver/Src/stm32f0xx_hal_rcc_ex.c ****               (+++) Call function HAL_RCCEx_CRSWaitSynchronization()
 620:Drivers/STM32F0xx_HAL_Driver/Src/stm32f0xx_hal_rcc_ex.c ****               (+++) According to CRS status, user can decide to adjust again the calibration or con
 621:Drivers/STM32F0xx_HAL_Driver/Src/stm32f0xx_hal_rcc_ex.c ****                         application if synchronization is OK
 622:Drivers/STM32F0xx_HAL_Driver/Src/stm32f0xx_hal_rcc_ex.c ****               
 623:Drivers/STM32F0xx_HAL_Driver/Src/stm32f0xx_hal_rcc_ex.c ****       (#) User can retrieve information related to synchronization in calling function
 624:Drivers/STM32F0xx_HAL_Driver/Src/stm32f0xx_hal_rcc_ex.c ****             HAL_RCCEx_CRSGetSynchronizationInfo()
 625:Drivers/STM32F0xx_HAL_Driver/Src/stm32f0xx_hal_rcc_ex.c **** 
 626:Drivers/STM32F0xx_HAL_Driver/Src/stm32f0xx_hal_rcc_ex.c ****       (#) Regarding synchronization status and synchronization information, user can try a new cali
 627:Drivers/STM32F0xx_HAL_Driver/Src/stm32f0xx_hal_rcc_ex.c ****            in changing synchronization configuration and call again HAL_RCCEx_CRSConfig.
 628:Drivers/STM32F0xx_HAL_Driver/Src/stm32f0xx_hal_rcc_ex.c ****            Note: When the SYNC event is detected during the downcounting phase (before reaching the
 629:Drivers/STM32F0xx_HAL_Driver/Src/stm32f0xx_hal_rcc_ex.c ****            it means that the actual frequency is lower than the target (and so, that the TRIM value
 630:Drivers/STM32F0xx_HAL_Driver/Src/stm32f0xx_hal_rcc_ex.c ****            incremented), while when it is detected during the upcounting phase it means that the ac
 631:Drivers/STM32F0xx_HAL_Driver/Src/stm32f0xx_hal_rcc_ex.c ****            is higher (and that the TRIM value should be decremented).
 632:Drivers/STM32F0xx_HAL_Driver/Src/stm32f0xx_hal_rcc_ex.c **** 
 633:Drivers/STM32F0xx_HAL_Driver/Src/stm32f0xx_hal_rcc_ex.c ****       (#) In interrupt mode, user can resort to the available macros (__HAL_RCC_CRS_XXX_IT). Interr
 634:Drivers/STM32F0xx_HAL_Driver/Src/stm32f0xx_hal_rcc_ex.c ****           through CRS Handler (RCC_IRQn/RCC_IRQHandler)
 635:Drivers/STM32F0xx_HAL_Driver/Src/stm32f0xx_hal_rcc_ex.c ****               (++) Call function HAL_RCCEx_CRSConfig()
 636:Drivers/STM32F0xx_HAL_Driver/Src/stm32f0xx_hal_rcc_ex.c ****               (++) Enable RCC_IRQn (thanks to NVIC functions)
 637:Drivers/STM32F0xx_HAL_Driver/Src/stm32f0xx_hal_rcc_ex.c ****               (++) Enable CRS interrupt (__HAL_RCC_CRS_ENABLE_IT)
 638:Drivers/STM32F0xx_HAL_Driver/Src/stm32f0xx_hal_rcc_ex.c ****               (++) Implement CRS status management in the following user callbacks called from 
 639:Drivers/STM32F0xx_HAL_Driver/Src/stm32f0xx_hal_rcc_ex.c ****                    HAL_RCCEx_CRS_IRQHandler():
 640:Drivers/STM32F0xx_HAL_Driver/Src/stm32f0xx_hal_rcc_ex.c ****                    (+++) HAL_RCCEx_CRS_SyncOkCallback()
 641:Drivers/STM32F0xx_HAL_Driver/Src/stm32f0xx_hal_rcc_ex.c ****                    (+++) HAL_RCCEx_CRS_SyncWarnCallback()
 642:Drivers/STM32F0xx_HAL_Driver/Src/stm32f0xx_hal_rcc_ex.c ****                    (+++) HAL_RCCEx_CRS_ExpectedSyncCallback()
ARM GAS  C:\Users\24705\AppData\Local\Temp\ccydURtf.s 			page 32


 643:Drivers/STM32F0xx_HAL_Driver/Src/stm32f0xx_hal_rcc_ex.c ****                    (+++) HAL_RCCEx_CRS_ErrorCallback()
 644:Drivers/STM32F0xx_HAL_Driver/Src/stm32f0xx_hal_rcc_ex.c **** 
 645:Drivers/STM32F0xx_HAL_Driver/Src/stm32f0xx_hal_rcc_ex.c ****       (#) To force a SYNC EVENT, user can use the function HAL_RCCEx_CRSSoftwareSynchronizationGene
 646:Drivers/STM32F0xx_HAL_Driver/Src/stm32f0xx_hal_rcc_ex.c ****           This function can be called before calling HAL_RCCEx_CRSConfig (for instance in Systick h
 647:Drivers/STM32F0xx_HAL_Driver/Src/stm32f0xx_hal_rcc_ex.c ****             
 648:Drivers/STM32F0xx_HAL_Driver/Src/stm32f0xx_hal_rcc_ex.c **** @endverbatim
 649:Drivers/STM32F0xx_HAL_Driver/Src/stm32f0xx_hal_rcc_ex.c ****  * @{
 650:Drivers/STM32F0xx_HAL_Driver/Src/stm32f0xx_hal_rcc_ex.c ****  */
 651:Drivers/STM32F0xx_HAL_Driver/Src/stm32f0xx_hal_rcc_ex.c **** 
 652:Drivers/STM32F0xx_HAL_Driver/Src/stm32f0xx_hal_rcc_ex.c **** /**
 653:Drivers/STM32F0xx_HAL_Driver/Src/stm32f0xx_hal_rcc_ex.c ****   * @brief  Start automatic synchronization for polling mode
 654:Drivers/STM32F0xx_HAL_Driver/Src/stm32f0xx_hal_rcc_ex.c ****   * @param  pInit Pointer on RCC_CRSInitTypeDef structure
 655:Drivers/STM32F0xx_HAL_Driver/Src/stm32f0xx_hal_rcc_ex.c ****   * @retval None
 656:Drivers/STM32F0xx_HAL_Driver/Src/stm32f0xx_hal_rcc_ex.c ****   */
 657:Drivers/STM32F0xx_HAL_Driver/Src/stm32f0xx_hal_rcc_ex.c **** void HAL_RCCEx_CRSConfig(RCC_CRSInitTypeDef *pInit)
 658:Drivers/STM32F0xx_HAL_Driver/Src/stm32f0xx_hal_rcc_ex.c **** {
 998              		.loc 1 658 1 is_stmt 1 view -0
 999              		.cfi_startproc
 1000              		@ args = 0, pretend = 0, frame = 0
 1001              		@ frame_needed = 0, uses_anonymous_args = 0
 1002              		@ link register save eliminated.
 659:Drivers/STM32F0xx_HAL_Driver/Src/stm32f0xx_hal_rcc_ex.c ****   uint32_t value = 0U;
 1003              		.loc 1 659 3 view .LVU285
 660:Drivers/STM32F0xx_HAL_Driver/Src/stm32f0xx_hal_rcc_ex.c ****   
 661:Drivers/STM32F0xx_HAL_Driver/Src/stm32f0xx_hal_rcc_ex.c ****   /* Check the parameters */
 662:Drivers/STM32F0xx_HAL_Driver/Src/stm32f0xx_hal_rcc_ex.c ****   assert_param(IS_RCC_CRS_SYNC_DIV(pInit->Prescaler));
 1004              		.loc 1 662 3 view .LVU286
 663:Drivers/STM32F0xx_HAL_Driver/Src/stm32f0xx_hal_rcc_ex.c ****   assert_param(IS_RCC_CRS_SYNC_SOURCE(pInit->Source));
 1005              		.loc 1 663 3 view .LVU287
 664:Drivers/STM32F0xx_HAL_Driver/Src/stm32f0xx_hal_rcc_ex.c ****   assert_param(IS_RCC_CRS_SYNC_POLARITY(pInit->Polarity));
 1006              		.loc 1 664 3 view .LVU288
 665:Drivers/STM32F0xx_HAL_Driver/Src/stm32f0xx_hal_rcc_ex.c ****   assert_param(IS_RCC_CRS_RELOADVALUE(pInit->ReloadValue));
 1007              		.loc 1 665 3 view .LVU289
 666:Drivers/STM32F0xx_HAL_Driver/Src/stm32f0xx_hal_rcc_ex.c ****   assert_param(IS_RCC_CRS_ERRORLIMIT(pInit->ErrorLimitValue));
 1008              		.loc 1 666 3 view .LVU290
 667:Drivers/STM32F0xx_HAL_Driver/Src/stm32f0xx_hal_rcc_ex.c ****   assert_param(IS_RCC_CRS_HSI48CALIBRATION(pInit->HSI48CalibrationValue));
 1009              		.loc 1 667 3 view .LVU291
 668:Drivers/STM32F0xx_HAL_Driver/Src/stm32f0xx_hal_rcc_ex.c **** 
 669:Drivers/STM32F0xx_HAL_Driver/Src/stm32f0xx_hal_rcc_ex.c ****   /* CONFIGURATION */
 670:Drivers/STM32F0xx_HAL_Driver/Src/stm32f0xx_hal_rcc_ex.c **** 
 671:Drivers/STM32F0xx_HAL_Driver/Src/stm32f0xx_hal_rcc_ex.c ****   /* Before configuration, reset CRS registers to their default values*/
 672:Drivers/STM32F0xx_HAL_Driver/Src/stm32f0xx_hal_rcc_ex.c ****   __HAL_RCC_CRS_FORCE_RESET();
 1010              		.loc 1 672 3 view .LVU292
 1011 0000 104B     		ldr	r3, .L86
 1012 0002 1969     		ldr	r1, [r3, #16]
 1013 0004 8022     		movs	r2, #128
 1014 0006 1205     		lsls	r2, r2, #20
 1015 0008 0A43     		orrs	r2, r1
 1016 000a 1A61     		str	r2, [r3, #16]
 673:Drivers/STM32F0xx_HAL_Driver/Src/stm32f0xx_hal_rcc_ex.c ****   __HAL_RCC_CRS_RELEASE_RESET();
 1017              		.loc 1 673 3 view .LVU293
 1018 000c 1A69     		ldr	r2, [r3, #16]
 1019 000e 0E49     		ldr	r1, .L86+4
 1020 0010 0A40     		ands	r2, r1
 1021 0012 1A61     		str	r2, [r3, #16]
 674:Drivers/STM32F0xx_HAL_Driver/Src/stm32f0xx_hal_rcc_ex.c **** 
 675:Drivers/STM32F0xx_HAL_Driver/Src/stm32f0xx_hal_rcc_ex.c ****   /* Set the SYNCDIV[2:0] bits according to Prescaler value */
ARM GAS  C:\Users\24705\AppData\Local\Temp\ccydURtf.s 			page 33


 676:Drivers/STM32F0xx_HAL_Driver/Src/stm32f0xx_hal_rcc_ex.c ****   /* Set the SYNCSRC[1:0] bits according to Source value */
 677:Drivers/STM32F0xx_HAL_Driver/Src/stm32f0xx_hal_rcc_ex.c ****   /* Set the SYNCSPOL bit according to Polarity value */
 678:Drivers/STM32F0xx_HAL_Driver/Src/stm32f0xx_hal_rcc_ex.c ****   value = (pInit->Prescaler | pInit->Source | pInit->Polarity);
 1022              		.loc 1 678 3 view .LVU294
 1023              		.loc 1 678 17 is_stmt 0 view .LVU295
 1024 0014 0368     		ldr	r3, [r0]
 1025              		.loc 1 678 36 view .LVU296
 1026 0016 4268     		ldr	r2, [r0, #4]
 1027              		.loc 1 678 29 view .LVU297
 1028 0018 1343     		orrs	r3, r2
 1029              		.loc 1 678 52 view .LVU298
 1030 001a 8268     		ldr	r2, [r0, #8]
 1031              		.loc 1 678 9 view .LVU299
 1032 001c 1343     		orrs	r3, r2
 1033              	.LVL94:
 679:Drivers/STM32F0xx_HAL_Driver/Src/stm32f0xx_hal_rcc_ex.c ****   /* Set the RELOAD[15:0] bits according to ReloadValue value */
 680:Drivers/STM32F0xx_HAL_Driver/Src/stm32f0xx_hal_rcc_ex.c ****   value |= pInit->ReloadValue;
 1034              		.loc 1 680 3 is_stmt 1 view .LVU300
 1035              		.loc 1 680 17 is_stmt 0 view .LVU301
 1036 001e C268     		ldr	r2, [r0, #12]
 1037              		.loc 1 680 9 view .LVU302
 1038 0020 1343     		orrs	r3, r2
 1039              	.LVL95:
 681:Drivers/STM32F0xx_HAL_Driver/Src/stm32f0xx_hal_rcc_ex.c ****   /* Set the FELIM[7:0] bits according to ErrorLimitValue value */
 682:Drivers/STM32F0xx_HAL_Driver/Src/stm32f0xx_hal_rcc_ex.c ****   value |= (pInit->ErrorLimitValue << CRS_CFGR_FELIM_BITNUMBER);
 1040              		.loc 1 682 3 is_stmt 1 view .LVU303
 1041              		.loc 1 682 18 is_stmt 0 view .LVU304
 1042 0022 0269     		ldr	r2, [r0, #16]
 1043              		.loc 1 682 36 view .LVU305
 1044 0024 1204     		lsls	r2, r2, #16
 1045              		.loc 1 682 9 view .LVU306
 1046 0026 1A43     		orrs	r2, r3
 1047              	.LVL96:
 683:Drivers/STM32F0xx_HAL_Driver/Src/stm32f0xx_hal_rcc_ex.c ****   WRITE_REG(CRS->CFGR, value);
 1048              		.loc 1 683 3 is_stmt 1 view .LVU307
 1049 0028 084B     		ldr	r3, .L86+8
 1050 002a 5A60     		str	r2, [r3, #4]
 684:Drivers/STM32F0xx_HAL_Driver/Src/stm32f0xx_hal_rcc_ex.c **** 
 685:Drivers/STM32F0xx_HAL_Driver/Src/stm32f0xx_hal_rcc_ex.c ****   /* Adjust HSI48 oscillator smooth trimming */
 686:Drivers/STM32F0xx_HAL_Driver/Src/stm32f0xx_hal_rcc_ex.c ****   /* Set the TRIM[5:0] bits according to RCC_CRS_HSI48CalibrationValue value */
 687:Drivers/STM32F0xx_HAL_Driver/Src/stm32f0xx_hal_rcc_ex.c ****   MODIFY_REG(CRS->CR, CRS_CR_TRIM, (pInit->HSI48CalibrationValue << CRS_CR_TRIM_BITNUMBER));
 1051              		.loc 1 687 3 view .LVU308
 1052 002c 1A68     		ldr	r2, [r3]
 1053              	.LVL97:
 1054              		.loc 1 687 3 is_stmt 0 view .LVU309
 1055 002e 0849     		ldr	r1, .L86+12
 1056 0030 0A40     		ands	r2, r1
 1057 0032 4169     		ldr	r1, [r0, #20]
 1058 0034 0902     		lsls	r1, r1, #8
 1059 0036 0A43     		orrs	r2, r1
 1060 0038 1A60     		str	r2, [r3]
 1061              	.LVL98:
 688:Drivers/STM32F0xx_HAL_Driver/Src/stm32f0xx_hal_rcc_ex.c ****   
 689:Drivers/STM32F0xx_HAL_Driver/Src/stm32f0xx_hal_rcc_ex.c ****   /* START AUTOMATIC SYNCHRONIZATION*/
 690:Drivers/STM32F0xx_HAL_Driver/Src/stm32f0xx_hal_rcc_ex.c ****   
 691:Drivers/STM32F0xx_HAL_Driver/Src/stm32f0xx_hal_rcc_ex.c ****   /* Enable Automatic trimming & Frequency error counter */
 692:Drivers/STM32F0xx_HAL_Driver/Src/stm32f0xx_hal_rcc_ex.c ****   SET_BIT(CRS->CR, CRS_CR_AUTOTRIMEN | CRS_CR_CEN);
ARM GAS  C:\Users\24705\AppData\Local\Temp\ccydURtf.s 			page 34


 1062              		.loc 1 692 3 is_stmt 1 view .LVU310
 1063 003a 1A68     		ldr	r2, [r3]
 1064 003c 6021     		movs	r1, #96
 1065 003e 0A43     		orrs	r2, r1
 1066 0040 1A60     		str	r2, [r3]
 693:Drivers/STM32F0xx_HAL_Driver/Src/stm32f0xx_hal_rcc_ex.c **** }
 1067              		.loc 1 693 1 is_stmt 0 view .LVU311
 1068              		@ sp needed
 1069 0042 7047     		bx	lr
 1070              	.L87:
 1071              		.align	2
 1072              	.L86:
 1073 0044 00100240 		.word	1073876992
 1074 0048 FFFFFFF7 		.word	-134217729
 1075 004c 006C0040 		.word	1073769472
 1076 0050 FFC0FFFF 		.word	-16129
 1077              		.cfi_endproc
 1078              	.LFE43:
 1080              		.section	.text.HAL_RCCEx_CRSSoftwareSynchronizationGenerate,"ax",%progbits
 1081              		.align	1
 1082              		.global	HAL_RCCEx_CRSSoftwareSynchronizationGenerate
 1083              		.syntax unified
 1084              		.code	16
 1085              		.thumb_func
 1087              	HAL_RCCEx_CRSSoftwareSynchronizationGenerate:
 1088              	.LFB44:
 694:Drivers/STM32F0xx_HAL_Driver/Src/stm32f0xx_hal_rcc_ex.c **** 
 695:Drivers/STM32F0xx_HAL_Driver/Src/stm32f0xx_hal_rcc_ex.c **** /**
 696:Drivers/STM32F0xx_HAL_Driver/Src/stm32f0xx_hal_rcc_ex.c ****   * @brief  Generate the software synchronization event
 697:Drivers/STM32F0xx_HAL_Driver/Src/stm32f0xx_hal_rcc_ex.c ****   * @retval None
 698:Drivers/STM32F0xx_HAL_Driver/Src/stm32f0xx_hal_rcc_ex.c ****   */
 699:Drivers/STM32F0xx_HAL_Driver/Src/stm32f0xx_hal_rcc_ex.c **** void HAL_RCCEx_CRSSoftwareSynchronizationGenerate(void)
 700:Drivers/STM32F0xx_HAL_Driver/Src/stm32f0xx_hal_rcc_ex.c **** {
 1089              		.loc 1 700 1 is_stmt 1 view -0
 1090              		.cfi_startproc
 1091              		@ args = 0, pretend = 0, frame = 0
 1092              		@ frame_needed = 0, uses_anonymous_args = 0
 1093              		@ link register save eliminated.
 701:Drivers/STM32F0xx_HAL_Driver/Src/stm32f0xx_hal_rcc_ex.c ****   SET_BIT(CRS->CR, CRS_CR_SWSYNC);
 1094              		.loc 1 701 3 view .LVU313
 1095 0000 024A     		ldr	r2, .L89
 1096 0002 1368     		ldr	r3, [r2]
 1097 0004 8021     		movs	r1, #128
 1098 0006 0B43     		orrs	r3, r1
 1099 0008 1360     		str	r3, [r2]
 702:Drivers/STM32F0xx_HAL_Driver/Src/stm32f0xx_hal_rcc_ex.c **** }
 1100              		.loc 1 702 1 is_stmt 0 view .LVU314
 1101              		@ sp needed
 1102 000a 7047     		bx	lr
 1103              	.L90:
 1104              		.align	2
 1105              	.L89:
 1106 000c 006C0040 		.word	1073769472
 1107              		.cfi_endproc
 1108              	.LFE44:
 1110              		.section	.text.HAL_RCCEx_CRSGetSynchronizationInfo,"ax",%progbits
 1111              		.align	1
ARM GAS  C:\Users\24705\AppData\Local\Temp\ccydURtf.s 			page 35


 1112              		.global	HAL_RCCEx_CRSGetSynchronizationInfo
 1113              		.syntax unified
 1114              		.code	16
 1115              		.thumb_func
 1117              	HAL_RCCEx_CRSGetSynchronizationInfo:
 1118              	.LVL99:
 1119              	.LFB45:
 703:Drivers/STM32F0xx_HAL_Driver/Src/stm32f0xx_hal_rcc_ex.c **** 
 704:Drivers/STM32F0xx_HAL_Driver/Src/stm32f0xx_hal_rcc_ex.c **** /**
 705:Drivers/STM32F0xx_HAL_Driver/Src/stm32f0xx_hal_rcc_ex.c ****   * @brief  Return synchronization info 
 706:Drivers/STM32F0xx_HAL_Driver/Src/stm32f0xx_hal_rcc_ex.c ****   * @param  pSynchroInfo Pointer on RCC_CRSSynchroInfoTypeDef structure
 707:Drivers/STM32F0xx_HAL_Driver/Src/stm32f0xx_hal_rcc_ex.c ****   * @retval None
 708:Drivers/STM32F0xx_HAL_Driver/Src/stm32f0xx_hal_rcc_ex.c ****   */
 709:Drivers/STM32F0xx_HAL_Driver/Src/stm32f0xx_hal_rcc_ex.c **** void HAL_RCCEx_CRSGetSynchronizationInfo(RCC_CRSSynchroInfoTypeDef *pSynchroInfo)
 710:Drivers/STM32F0xx_HAL_Driver/Src/stm32f0xx_hal_rcc_ex.c **** {
 1120              		.loc 1 710 1 is_stmt 1 view -0
 1121              		.cfi_startproc
 1122              		@ args = 0, pretend = 0, frame = 0
 1123              		@ frame_needed = 0, uses_anonymous_args = 0
 1124              		@ link register save eliminated.
 711:Drivers/STM32F0xx_HAL_Driver/Src/stm32f0xx_hal_rcc_ex.c ****   /* Check the parameter */
 712:Drivers/STM32F0xx_HAL_Driver/Src/stm32f0xx_hal_rcc_ex.c ****   assert_param(pSynchroInfo != NULL);
 1125              		.loc 1 712 3 view .LVU316
 713:Drivers/STM32F0xx_HAL_Driver/Src/stm32f0xx_hal_rcc_ex.c ****   
 714:Drivers/STM32F0xx_HAL_Driver/Src/stm32f0xx_hal_rcc_ex.c ****   /* Get the reload value */
 715:Drivers/STM32F0xx_HAL_Driver/Src/stm32f0xx_hal_rcc_ex.c ****   pSynchroInfo->ReloadValue = (uint32_t)(READ_BIT(CRS->CFGR, CRS_CFGR_RELOAD));
 1126              		.loc 1 715 3 view .LVU317
 1127              		.loc 1 715 42 is_stmt 0 view .LVU318
 1128 0000 094A     		ldr	r2, .L92
 1129 0002 5368     		ldr	r3, [r2, #4]
 1130              		.loc 1 715 31 view .LVU319
 1131 0004 1B04     		lsls	r3, r3, #16
 1132 0006 1B0C     		lsrs	r3, r3, #16
 1133              		.loc 1 715 29 view .LVU320
 1134 0008 0360     		str	r3, [r0]
 716:Drivers/STM32F0xx_HAL_Driver/Src/stm32f0xx_hal_rcc_ex.c ****   
 717:Drivers/STM32F0xx_HAL_Driver/Src/stm32f0xx_hal_rcc_ex.c ****   /* Get HSI48 oscillator smooth trimming */
 718:Drivers/STM32F0xx_HAL_Driver/Src/stm32f0xx_hal_rcc_ex.c ****   pSynchroInfo->HSI48CalibrationValue = (uint32_t)(READ_BIT(CRS->CR, CRS_CR_TRIM) >> CRS_CR_TRIM_BI
 1135              		.loc 1 718 3 is_stmt 1 view .LVU321
 1136              		.loc 1 718 52 is_stmt 0 view .LVU322
 1137 000a 1168     		ldr	r1, [r2]
 1138              		.loc 1 718 41 view .LVU323
 1139 000c 090A     		lsrs	r1, r1, #8
 1140 000e 3F23     		movs	r3, #63
 1141 0010 0B40     		ands	r3, r1
 1142              		.loc 1 718 39 view .LVU324
 1143 0012 4360     		str	r3, [r0, #4]
 719:Drivers/STM32F0xx_HAL_Driver/Src/stm32f0xx_hal_rcc_ex.c **** 
 720:Drivers/STM32F0xx_HAL_Driver/Src/stm32f0xx_hal_rcc_ex.c ****   /* Get Frequency error capture */
 721:Drivers/STM32F0xx_HAL_Driver/Src/stm32f0xx_hal_rcc_ex.c ****   pSynchroInfo->FreqErrorCapture = (uint32_t)(READ_BIT(CRS->ISR, CRS_ISR_FECAP) >> CRS_ISR_FECAP_BI
 1144              		.loc 1 721 3 is_stmt 1 view .LVU325
 1145              		.loc 1 721 47 is_stmt 0 view .LVU326
 1146 0014 9368     		ldr	r3, [r2, #8]
 1147              		.loc 1 721 36 view .LVU327
 1148 0016 1B0C     		lsrs	r3, r3, #16
 1149              		.loc 1 721 34 view .LVU328
 1150 0018 8360     		str	r3, [r0, #8]
ARM GAS  C:\Users\24705\AppData\Local\Temp\ccydURtf.s 			page 36


 722:Drivers/STM32F0xx_HAL_Driver/Src/stm32f0xx_hal_rcc_ex.c **** 
 723:Drivers/STM32F0xx_HAL_Driver/Src/stm32f0xx_hal_rcc_ex.c ****   /* Get Frequency error direction */
 724:Drivers/STM32F0xx_HAL_Driver/Src/stm32f0xx_hal_rcc_ex.c ****   pSynchroInfo->FreqErrorDirection = (uint32_t)(READ_BIT(CRS->ISR, CRS_ISR_FEDIR));
 1151              		.loc 1 724 3 is_stmt 1 view .LVU329
 1152              		.loc 1 724 49 is_stmt 0 view .LVU330
 1153 001a 9368     		ldr	r3, [r2, #8]
 1154              		.loc 1 724 38 view .LVU331
 1155 001c 8022     		movs	r2, #128
 1156 001e 1202     		lsls	r2, r2, #8
 1157 0020 1340     		ands	r3, r2
 1158              		.loc 1 724 36 view .LVU332
 1159 0022 C360     		str	r3, [r0, #12]
 725:Drivers/STM32F0xx_HAL_Driver/Src/stm32f0xx_hal_rcc_ex.c **** }
 1160              		.loc 1 725 1 view .LVU333
 1161              		@ sp needed
 1162 0024 7047     		bx	lr
 1163              	.L93:
 1164 0026 C046     		.align	2
 1165              	.L92:
 1166 0028 006C0040 		.word	1073769472
 1167              		.cfi_endproc
 1168              	.LFE45:
 1170              		.section	.text.HAL_RCCEx_CRSWaitSynchronization,"ax",%progbits
 1171              		.align	1
 1172              		.global	HAL_RCCEx_CRSWaitSynchronization
 1173              		.syntax unified
 1174              		.code	16
 1175              		.thumb_func
 1177              	HAL_RCCEx_CRSWaitSynchronization:
 1178              	.LVL100:
 1179              	.LFB46:
 726:Drivers/STM32F0xx_HAL_Driver/Src/stm32f0xx_hal_rcc_ex.c **** 
 727:Drivers/STM32F0xx_HAL_Driver/Src/stm32f0xx_hal_rcc_ex.c **** /**
 728:Drivers/STM32F0xx_HAL_Driver/Src/stm32f0xx_hal_rcc_ex.c **** * @brief Wait for CRS Synchronization status.
 729:Drivers/STM32F0xx_HAL_Driver/Src/stm32f0xx_hal_rcc_ex.c **** * @param Timeout  Duration of the timeout
 730:Drivers/STM32F0xx_HAL_Driver/Src/stm32f0xx_hal_rcc_ex.c **** * @note  Timeout is based on the maximum time to receive a SYNC event based on synchronization
 731:Drivers/STM32F0xx_HAL_Driver/Src/stm32f0xx_hal_rcc_ex.c **** *        frequency.
 732:Drivers/STM32F0xx_HAL_Driver/Src/stm32f0xx_hal_rcc_ex.c **** * @note    If Timeout set to HAL_MAX_DELAY, HAL_TIMEOUT will be never returned.
 733:Drivers/STM32F0xx_HAL_Driver/Src/stm32f0xx_hal_rcc_ex.c **** * @retval Combination of Synchronization status
 734:Drivers/STM32F0xx_HAL_Driver/Src/stm32f0xx_hal_rcc_ex.c **** *          This parameter can be a combination of the following values:
 735:Drivers/STM32F0xx_HAL_Driver/Src/stm32f0xx_hal_rcc_ex.c **** *            @arg @ref RCC_CRS_TIMEOUT
 736:Drivers/STM32F0xx_HAL_Driver/Src/stm32f0xx_hal_rcc_ex.c **** *            @arg @ref RCC_CRS_SYNCOK
 737:Drivers/STM32F0xx_HAL_Driver/Src/stm32f0xx_hal_rcc_ex.c **** *            @arg @ref RCC_CRS_SYNCWARN
 738:Drivers/STM32F0xx_HAL_Driver/Src/stm32f0xx_hal_rcc_ex.c **** *            @arg @ref RCC_CRS_SYNCERR
 739:Drivers/STM32F0xx_HAL_Driver/Src/stm32f0xx_hal_rcc_ex.c **** *            @arg @ref RCC_CRS_SYNCMISS
 740:Drivers/STM32F0xx_HAL_Driver/Src/stm32f0xx_hal_rcc_ex.c **** *            @arg @ref RCC_CRS_TRIMOVF
 741:Drivers/STM32F0xx_HAL_Driver/Src/stm32f0xx_hal_rcc_ex.c **** */
 742:Drivers/STM32F0xx_HAL_Driver/Src/stm32f0xx_hal_rcc_ex.c **** uint32_t HAL_RCCEx_CRSWaitSynchronization(uint32_t Timeout)
 743:Drivers/STM32F0xx_HAL_Driver/Src/stm32f0xx_hal_rcc_ex.c **** {
 1180              		.loc 1 743 1 is_stmt 1 view -0
 1181              		.cfi_startproc
 1182              		@ args = 0, pretend = 0, frame = 0
 1183              		@ frame_needed = 0, uses_anonymous_args = 0
 1184              		.loc 1 743 1 is_stmt 0 view .LVU335
 1185 0000 70B5     		push	{r4, r5, r6, lr}
 1186              	.LCFI3:
 1187              		.cfi_def_cfa_offset 16
ARM GAS  C:\Users\24705\AppData\Local\Temp\ccydURtf.s 			page 37


 1188              		.cfi_offset 4, -16
 1189              		.cfi_offset 5, -12
 1190              		.cfi_offset 6, -8
 1191              		.cfi_offset 14, -4
 1192 0002 0500     		movs	r5, r0
 744:Drivers/STM32F0xx_HAL_Driver/Src/stm32f0xx_hal_rcc_ex.c ****   uint32_t crsstatus = RCC_CRS_NONE;
 1193              		.loc 1 744 3 is_stmt 1 view .LVU336
 1194              	.LVL101:
 745:Drivers/STM32F0xx_HAL_Driver/Src/stm32f0xx_hal_rcc_ex.c ****   uint32_t tickstart = 0U;
 1195              		.loc 1 745 3 view .LVU337
 746:Drivers/STM32F0xx_HAL_Driver/Src/stm32f0xx_hal_rcc_ex.c ****   
 747:Drivers/STM32F0xx_HAL_Driver/Src/stm32f0xx_hal_rcc_ex.c ****   /* Get timeout */
 748:Drivers/STM32F0xx_HAL_Driver/Src/stm32f0xx_hal_rcc_ex.c ****   tickstart = HAL_GetTick();
 1196              		.loc 1 748 3 view .LVU338
 1197              		.loc 1 748 15 is_stmt 0 view .LVU339
 1198 0004 FFF7FEFF 		bl	HAL_GetTick
 1199              	.LVL102:
 1200              		.loc 1 748 15 view .LVU340
 1201 0008 0600     		movs	r6, r0
 1202              	.LVL103:
 744:Drivers/STM32F0xx_HAL_Driver/Src/stm32f0xx_hal_rcc_ex.c ****   uint32_t tickstart = 0U;
 1203              		.loc 1 744 12 view .LVU341
 1204 000a 0024     		movs	r4, #0
 1205 000c 3AE0     		b	.L102
 1206              	.LVL104:
 1207              	.L113:
 749:Drivers/STM32F0xx_HAL_Driver/Src/stm32f0xx_hal_rcc_ex.c ****   
 750:Drivers/STM32F0xx_HAL_Driver/Src/stm32f0xx_hal_rcc_ex.c ****   /* Wait for CRS flag or timeout detection */
 751:Drivers/STM32F0xx_HAL_Driver/Src/stm32f0xx_hal_rcc_ex.c ****   do
 752:Drivers/STM32F0xx_HAL_Driver/Src/stm32f0xx_hal_rcc_ex.c ****   {
 753:Drivers/STM32F0xx_HAL_Driver/Src/stm32f0xx_hal_rcc_ex.c ****     if(Timeout != HAL_MAX_DELAY)
 754:Drivers/STM32F0xx_HAL_Driver/Src/stm32f0xx_hal_rcc_ex.c ****     {
 755:Drivers/STM32F0xx_HAL_Driver/Src/stm32f0xx_hal_rcc_ex.c ****       if((Timeout == 0U) || ((HAL_GetTick() - tickstart) > Timeout))
 1208              		.loc 1 755 31 discriminator 1 view .LVU342
 1209 000e FFF7FEFF 		bl	HAL_GetTick
 1210              	.LVL105:
 1211              		.loc 1 755 45 discriminator 1 view .LVU343
 1212 0012 801B     		subs	r0, r0, r6
 1213              		.loc 1 755 26 discriminator 1 view .LVU344
 1214 0014 A842     		cmp	r0, r5
 1215 0016 3BD8     		bhi	.L104
 1216              	.LVL106:
 1217              	.L95:
 756:Drivers/STM32F0xx_HAL_Driver/Src/stm32f0xx_hal_rcc_ex.c ****       {
 757:Drivers/STM32F0xx_HAL_Driver/Src/stm32f0xx_hal_rcc_ex.c ****         crsstatus = RCC_CRS_TIMEOUT;
 758:Drivers/STM32F0xx_HAL_Driver/Src/stm32f0xx_hal_rcc_ex.c ****       }
 759:Drivers/STM32F0xx_HAL_Driver/Src/stm32f0xx_hal_rcc_ex.c ****     }
 760:Drivers/STM32F0xx_HAL_Driver/Src/stm32f0xx_hal_rcc_ex.c ****     /* Check CRS SYNCOK flag  */
 761:Drivers/STM32F0xx_HAL_Driver/Src/stm32f0xx_hal_rcc_ex.c ****     if(__HAL_RCC_CRS_GET_FLAG(RCC_CRS_FLAG_SYNCOK))
 1218              		.loc 1 761 5 is_stmt 1 view .LVU345
 1219              		.loc 1 761 8 is_stmt 0 view .LVU346
 1220 0018 1F4B     		ldr	r3, .L114
 1221 001a 9B68     		ldr	r3, [r3, #8]
 1222              		.loc 1 761 7 view .LVU347
 1223 001c DB07     		lsls	r3, r3, #31
 1224 001e 04D5     		bpl	.L96
 762:Drivers/STM32F0xx_HAL_Driver/Src/stm32f0xx_hal_rcc_ex.c ****     {
ARM GAS  C:\Users\24705\AppData\Local\Temp\ccydURtf.s 			page 38


 763:Drivers/STM32F0xx_HAL_Driver/Src/stm32f0xx_hal_rcc_ex.c ****       /* CRS SYNC event OK */
 764:Drivers/STM32F0xx_HAL_Driver/Src/stm32f0xx_hal_rcc_ex.c ****       crsstatus |= RCC_CRS_SYNCOK;
 1225              		.loc 1 764 7 is_stmt 1 view .LVU348
 1226              		.loc 1 764 17 is_stmt 0 view .LVU349
 1227 0020 0223     		movs	r3, #2
 1228 0022 1C43     		orrs	r4, r3
 1229              	.LVL107:
 765:Drivers/STM32F0xx_HAL_Driver/Src/stm32f0xx_hal_rcc_ex.c ****     
 766:Drivers/STM32F0xx_HAL_Driver/Src/stm32f0xx_hal_rcc_ex.c ****       /* Clear CRS SYNC event OK bit */
 767:Drivers/STM32F0xx_HAL_Driver/Src/stm32f0xx_hal_rcc_ex.c ****       __HAL_RCC_CRS_CLEAR_FLAG(RCC_CRS_FLAG_SYNCOK);
 1230              		.loc 1 767 7 is_stmt 1 view .LVU350
 1231              		.loc 1 767 7 view .LVU351
 1232              		.loc 1 767 7 discriminator 2 view .LVU352
 1233 0024 1C4B     		ldr	r3, .L114
 1234 0026 0122     		movs	r2, #1
 1235 0028 DA60     		str	r2, [r3, #12]
 1236              	.L96:
 1237              		.loc 1 767 7 view .LVU353
 768:Drivers/STM32F0xx_HAL_Driver/Src/stm32f0xx_hal_rcc_ex.c ****     }
 769:Drivers/STM32F0xx_HAL_Driver/Src/stm32f0xx_hal_rcc_ex.c ****     
 770:Drivers/STM32F0xx_HAL_Driver/Src/stm32f0xx_hal_rcc_ex.c ****     /* Check CRS SYNCWARN flag  */
 771:Drivers/STM32F0xx_HAL_Driver/Src/stm32f0xx_hal_rcc_ex.c ****     if(__HAL_RCC_CRS_GET_FLAG(RCC_CRS_FLAG_SYNCWARN))
 1238              		.loc 1 771 5 view .LVU354
 1239              		.loc 1 771 8 is_stmt 0 view .LVU355
 1240 002a 1B4B     		ldr	r3, .L114
 1241 002c 9B68     		ldr	r3, [r3, #8]
 1242              		.loc 1 771 7 view .LVU356
 1243 002e 9B07     		lsls	r3, r3, #30
 1244 0030 04D5     		bpl	.L97
 772:Drivers/STM32F0xx_HAL_Driver/Src/stm32f0xx_hal_rcc_ex.c ****     {
 773:Drivers/STM32F0xx_HAL_Driver/Src/stm32f0xx_hal_rcc_ex.c ****       /* CRS SYNC warning */
 774:Drivers/STM32F0xx_HAL_Driver/Src/stm32f0xx_hal_rcc_ex.c ****       crsstatus |= RCC_CRS_SYNCWARN;
 1245              		.loc 1 774 7 is_stmt 1 view .LVU357
 1246              		.loc 1 774 17 is_stmt 0 view .LVU358
 1247 0032 0423     		movs	r3, #4
 1248 0034 1C43     		orrs	r4, r3
 1249              	.LVL108:
 775:Drivers/STM32F0xx_HAL_Driver/Src/stm32f0xx_hal_rcc_ex.c ****     
 776:Drivers/STM32F0xx_HAL_Driver/Src/stm32f0xx_hal_rcc_ex.c ****       /* Clear CRS SYNCWARN bit */
 777:Drivers/STM32F0xx_HAL_Driver/Src/stm32f0xx_hal_rcc_ex.c ****       __HAL_RCC_CRS_CLEAR_FLAG(RCC_CRS_FLAG_SYNCWARN);
 1250              		.loc 1 777 7 is_stmt 1 view .LVU359
 1251              		.loc 1 777 7 view .LVU360
 1252              		.loc 1 777 7 discriminator 2 view .LVU361
 1253 0036 184B     		ldr	r3, .L114
 1254 0038 0222     		movs	r2, #2
 1255 003a DA60     		str	r2, [r3, #12]
 1256              	.L97:
 1257              		.loc 1 777 7 view .LVU362
 778:Drivers/STM32F0xx_HAL_Driver/Src/stm32f0xx_hal_rcc_ex.c ****     }
 779:Drivers/STM32F0xx_HAL_Driver/Src/stm32f0xx_hal_rcc_ex.c ****     
 780:Drivers/STM32F0xx_HAL_Driver/Src/stm32f0xx_hal_rcc_ex.c ****     /* Check CRS TRIM overflow flag  */
 781:Drivers/STM32F0xx_HAL_Driver/Src/stm32f0xx_hal_rcc_ex.c ****     if(__HAL_RCC_CRS_GET_FLAG(RCC_CRS_FLAG_TRIMOVF))
 1258              		.loc 1 781 5 view .LVU363
 1259              		.loc 1 781 8 is_stmt 0 view .LVU364
 1260 003c 164B     		ldr	r3, .L114
 1261 003e 9B68     		ldr	r3, [r3, #8]
 1262              		.loc 1 781 7 view .LVU365
ARM GAS  C:\Users\24705\AppData\Local\Temp\ccydURtf.s 			page 39


 1263 0040 5B05     		lsls	r3, r3, #21
 1264 0042 04D5     		bpl	.L98
 782:Drivers/STM32F0xx_HAL_Driver/Src/stm32f0xx_hal_rcc_ex.c ****     {
 783:Drivers/STM32F0xx_HAL_Driver/Src/stm32f0xx_hal_rcc_ex.c ****       /* CRS SYNC Error */
 784:Drivers/STM32F0xx_HAL_Driver/Src/stm32f0xx_hal_rcc_ex.c ****       crsstatus |= RCC_CRS_TRIMOVF;
 1265              		.loc 1 784 7 is_stmt 1 view .LVU366
 1266              		.loc 1 784 17 is_stmt 0 view .LVU367
 1267 0044 2023     		movs	r3, #32
 1268 0046 1C43     		orrs	r4, r3
 1269              	.LVL109:
 785:Drivers/STM32F0xx_HAL_Driver/Src/stm32f0xx_hal_rcc_ex.c ****     
 786:Drivers/STM32F0xx_HAL_Driver/Src/stm32f0xx_hal_rcc_ex.c ****       /* Clear CRS Error bit */
 787:Drivers/STM32F0xx_HAL_Driver/Src/stm32f0xx_hal_rcc_ex.c ****       __HAL_RCC_CRS_CLEAR_FLAG(RCC_CRS_FLAG_TRIMOVF);
 1270              		.loc 1 787 7 is_stmt 1 view .LVU368
 1271              		.loc 1 787 7 view .LVU369
 1272              		.loc 1 787 7 discriminator 1 view .LVU370
 1273 0048 134B     		ldr	r3, .L114
 1274 004a 0422     		movs	r2, #4
 1275 004c DA60     		str	r2, [r3, #12]
 1276              	.L98:
 1277              		.loc 1 787 7 view .LVU371
 788:Drivers/STM32F0xx_HAL_Driver/Src/stm32f0xx_hal_rcc_ex.c ****     }
 789:Drivers/STM32F0xx_HAL_Driver/Src/stm32f0xx_hal_rcc_ex.c ****     
 790:Drivers/STM32F0xx_HAL_Driver/Src/stm32f0xx_hal_rcc_ex.c ****     /* Check CRS Error flag  */
 791:Drivers/STM32F0xx_HAL_Driver/Src/stm32f0xx_hal_rcc_ex.c ****     if(__HAL_RCC_CRS_GET_FLAG(RCC_CRS_FLAG_SYNCERR))
 1278              		.loc 1 791 5 view .LVU372
 1279              		.loc 1 791 8 is_stmt 0 view .LVU373
 1280 004e 124B     		ldr	r3, .L114
 1281 0050 9B68     		ldr	r3, [r3, #8]
 1282              		.loc 1 791 7 view .LVU374
 1283 0052 DB05     		lsls	r3, r3, #23
 1284 0054 04D5     		bpl	.L99
 792:Drivers/STM32F0xx_HAL_Driver/Src/stm32f0xx_hal_rcc_ex.c ****     {
 793:Drivers/STM32F0xx_HAL_Driver/Src/stm32f0xx_hal_rcc_ex.c ****       /* CRS SYNC Error */
 794:Drivers/STM32F0xx_HAL_Driver/Src/stm32f0xx_hal_rcc_ex.c ****       crsstatus |= RCC_CRS_SYNCERR;
 1285              		.loc 1 794 7 is_stmt 1 view .LVU375
 1286              		.loc 1 794 17 is_stmt 0 view .LVU376
 1287 0056 0823     		movs	r3, #8
 1288 0058 1C43     		orrs	r4, r3
 1289              	.LVL110:
 795:Drivers/STM32F0xx_HAL_Driver/Src/stm32f0xx_hal_rcc_ex.c ****     
 796:Drivers/STM32F0xx_HAL_Driver/Src/stm32f0xx_hal_rcc_ex.c ****       /* Clear CRS Error bit */
 797:Drivers/STM32F0xx_HAL_Driver/Src/stm32f0xx_hal_rcc_ex.c ****       __HAL_RCC_CRS_CLEAR_FLAG(RCC_CRS_FLAG_SYNCERR);
 1290              		.loc 1 797 7 is_stmt 1 view .LVU377
 1291              		.loc 1 797 7 view .LVU378
 1292              		.loc 1 797 7 discriminator 1 view .LVU379
 1293 005a 0F4B     		ldr	r3, .L114
 1294 005c 0422     		movs	r2, #4
 1295 005e DA60     		str	r2, [r3, #12]
 1296              	.L99:
 1297              		.loc 1 797 7 view .LVU380
 798:Drivers/STM32F0xx_HAL_Driver/Src/stm32f0xx_hal_rcc_ex.c ****     }
 799:Drivers/STM32F0xx_HAL_Driver/Src/stm32f0xx_hal_rcc_ex.c ****     
 800:Drivers/STM32F0xx_HAL_Driver/Src/stm32f0xx_hal_rcc_ex.c ****     /* Check CRS SYNC Missed flag  */
 801:Drivers/STM32F0xx_HAL_Driver/Src/stm32f0xx_hal_rcc_ex.c ****     if(__HAL_RCC_CRS_GET_FLAG(RCC_CRS_FLAG_SYNCMISS))
 1298              		.loc 1 801 5 view .LVU381
 1299              		.loc 1 801 8 is_stmt 0 view .LVU382
ARM GAS  C:\Users\24705\AppData\Local\Temp\ccydURtf.s 			page 40


 1300 0060 0D4B     		ldr	r3, .L114
 1301 0062 9B68     		ldr	r3, [r3, #8]
 1302              		.loc 1 801 7 view .LVU383
 1303 0064 9B05     		lsls	r3, r3, #22
 1304 0066 04D5     		bpl	.L100
 802:Drivers/STM32F0xx_HAL_Driver/Src/stm32f0xx_hal_rcc_ex.c ****     {
 803:Drivers/STM32F0xx_HAL_Driver/Src/stm32f0xx_hal_rcc_ex.c ****       /* CRS SYNC Missed */
 804:Drivers/STM32F0xx_HAL_Driver/Src/stm32f0xx_hal_rcc_ex.c ****       crsstatus |= RCC_CRS_SYNCMISS;
 1305              		.loc 1 804 7 is_stmt 1 view .LVU384
 1306              		.loc 1 804 17 is_stmt 0 view .LVU385
 1307 0068 1023     		movs	r3, #16
 1308 006a 1C43     		orrs	r4, r3
 1309              	.LVL111:
 805:Drivers/STM32F0xx_HAL_Driver/Src/stm32f0xx_hal_rcc_ex.c ****     
 806:Drivers/STM32F0xx_HAL_Driver/Src/stm32f0xx_hal_rcc_ex.c ****       /* Clear CRS SYNC Missed bit */
 807:Drivers/STM32F0xx_HAL_Driver/Src/stm32f0xx_hal_rcc_ex.c ****       __HAL_RCC_CRS_CLEAR_FLAG(RCC_CRS_FLAG_SYNCMISS);
 1310              		.loc 1 807 7 is_stmt 1 view .LVU386
 1311              		.loc 1 807 7 view .LVU387
 1312              		.loc 1 807 7 discriminator 1 view .LVU388
 1313 006c 0A4B     		ldr	r3, .L114
 1314 006e 0422     		movs	r2, #4
 1315 0070 DA60     		str	r2, [r3, #12]
 1316              	.L100:
 1317              		.loc 1 807 7 view .LVU389
 808:Drivers/STM32F0xx_HAL_Driver/Src/stm32f0xx_hal_rcc_ex.c ****     }
 809:Drivers/STM32F0xx_HAL_Driver/Src/stm32f0xx_hal_rcc_ex.c ****     
 810:Drivers/STM32F0xx_HAL_Driver/Src/stm32f0xx_hal_rcc_ex.c ****     /* Check CRS Expected SYNC flag  */
 811:Drivers/STM32F0xx_HAL_Driver/Src/stm32f0xx_hal_rcc_ex.c ****     if(__HAL_RCC_CRS_GET_FLAG(RCC_CRS_FLAG_ESYNC))
 1318              		.loc 1 811 5 view .LVU390
 1319              		.loc 1 811 8 is_stmt 0 view .LVU391
 1320 0072 094B     		ldr	r3, .L114
 1321 0074 9B68     		ldr	r3, [r3, #8]
 1322              		.loc 1 811 7 view .LVU392
 1323 0076 1B07     		lsls	r3, r3, #28
 1324 0078 02D5     		bpl	.L101
 812:Drivers/STM32F0xx_HAL_Driver/Src/stm32f0xx_hal_rcc_ex.c ****     {
 813:Drivers/STM32F0xx_HAL_Driver/Src/stm32f0xx_hal_rcc_ex.c ****       /* frequency error counter reached a zero value */
 814:Drivers/STM32F0xx_HAL_Driver/Src/stm32f0xx_hal_rcc_ex.c ****       __HAL_RCC_CRS_CLEAR_FLAG(RCC_CRS_FLAG_ESYNC);
 1325              		.loc 1 814 7 is_stmt 1 view .LVU393
 1326              		.loc 1 814 7 view .LVU394
 1327              		.loc 1 814 7 discriminator 2 view .LVU395
 1328 007a 074B     		ldr	r3, .L114
 1329 007c 0822     		movs	r2, #8
 1330 007e DA60     		str	r2, [r3, #12]
 1331              	.L101:
 1332              		.loc 1 814 7 view .LVU396
 815:Drivers/STM32F0xx_HAL_Driver/Src/stm32f0xx_hal_rcc_ex.c ****     }
 816:Drivers/STM32F0xx_HAL_Driver/Src/stm32f0xx_hal_rcc_ex.c ****   } while(RCC_CRS_NONE == crsstatus);
 1333              		.loc 1 816 24 view .LVU397
 1334 0080 002C     		cmp	r4, #0
 1335 0082 07D1     		bne	.L112
 1336              	.LVL112:
 1337              	.L102:
 751:Drivers/STM32F0xx_HAL_Driver/Src/stm32f0xx_hal_rcc_ex.c ****   {
 1338              		.loc 1 751 3 view .LVU398
 753:Drivers/STM32F0xx_HAL_Driver/Src/stm32f0xx_hal_rcc_ex.c ****     {
 1339              		.loc 1 753 5 view .LVU399
ARM GAS  C:\Users\24705\AppData\Local\Temp\ccydURtf.s 			page 41


 753:Drivers/STM32F0xx_HAL_Driver/Src/stm32f0xx_hal_rcc_ex.c ****     {
 1340              		.loc 1 753 7 is_stmt 0 view .LVU400
 1341 0084 6B1C     		adds	r3, r5, #1
 1342 0086 C7D0     		beq	.L95
 755:Drivers/STM32F0xx_HAL_Driver/Src/stm32f0xx_hal_rcc_ex.c ****       {
 1343              		.loc 1 755 7 is_stmt 1 view .LVU401
 755:Drivers/STM32F0xx_HAL_Driver/Src/stm32f0xx_hal_rcc_ex.c ****       {
 1344              		.loc 1 755 9 is_stmt 0 view .LVU402
 1345 0088 002D     		cmp	r5, #0
 1346 008a C0D1     		bne	.L113
 757:Drivers/STM32F0xx_HAL_Driver/Src/stm32f0xx_hal_rcc_ex.c ****       }
 1347              		.loc 1 757 19 view .LVU403
 1348 008c 0124     		movs	r4, #1
 1349              	.LVL113:
 757:Drivers/STM32F0xx_HAL_Driver/Src/stm32f0xx_hal_rcc_ex.c ****       }
 1350              		.loc 1 757 19 view .LVU404
 1351 008e C3E7     		b	.L95
 1352              	.LVL114:
 1353              	.L104:
 757:Drivers/STM32F0xx_HAL_Driver/Src/stm32f0xx_hal_rcc_ex.c ****       }
 1354              		.loc 1 757 19 view .LVU405
 1355 0090 0124     		movs	r4, #1
 1356              	.LVL115:
 757:Drivers/STM32F0xx_HAL_Driver/Src/stm32f0xx_hal_rcc_ex.c ****       }
 1357              		.loc 1 757 19 view .LVU406
 1358 0092 C1E7     		b	.L95
 1359              	.LVL116:
 1360              	.L112:
 817:Drivers/STM32F0xx_HAL_Driver/Src/stm32f0xx_hal_rcc_ex.c **** 
 818:Drivers/STM32F0xx_HAL_Driver/Src/stm32f0xx_hal_rcc_ex.c ****   return crsstatus;
 1361              		.loc 1 818 3 is_stmt 1 view .LVU407
 819:Drivers/STM32F0xx_HAL_Driver/Src/stm32f0xx_hal_rcc_ex.c **** }
 1362              		.loc 1 819 1 is_stmt 0 view .LVU408
 1363 0094 2000     		movs	r0, r4
 1364              		@ sp needed
 1365              	.LVL117:
 1366              	.LVL118:
 1367              	.LVL119:
 1368              		.loc 1 819 1 view .LVU409
 1369 0096 70BD     		pop	{r4, r5, r6, pc}
 1370              	.L115:
 1371              		.align	2
 1372              	.L114:
 1373 0098 006C0040 		.word	1073769472
 1374              		.cfi_endproc
 1375              	.LFE46:
 1377              		.section	.text.HAL_RCCEx_CRS_SyncOkCallback,"ax",%progbits
 1378              		.align	1
 1379              		.weak	HAL_RCCEx_CRS_SyncOkCallback
 1380              		.syntax unified
 1381              		.code	16
 1382              		.thumb_func
 1384              	HAL_RCCEx_CRS_SyncOkCallback:
 1385              	.LFB48:
 820:Drivers/STM32F0xx_HAL_Driver/Src/stm32f0xx_hal_rcc_ex.c **** 
 821:Drivers/STM32F0xx_HAL_Driver/Src/stm32f0xx_hal_rcc_ex.c **** /**
 822:Drivers/STM32F0xx_HAL_Driver/Src/stm32f0xx_hal_rcc_ex.c ****   * @brief Handle the Clock Recovery System interrupt request.
ARM GAS  C:\Users\24705\AppData\Local\Temp\ccydURtf.s 			page 42


 823:Drivers/STM32F0xx_HAL_Driver/Src/stm32f0xx_hal_rcc_ex.c ****   * @retval None
 824:Drivers/STM32F0xx_HAL_Driver/Src/stm32f0xx_hal_rcc_ex.c ****   */
 825:Drivers/STM32F0xx_HAL_Driver/Src/stm32f0xx_hal_rcc_ex.c **** void HAL_RCCEx_CRS_IRQHandler(void)
 826:Drivers/STM32F0xx_HAL_Driver/Src/stm32f0xx_hal_rcc_ex.c **** {
 827:Drivers/STM32F0xx_HAL_Driver/Src/stm32f0xx_hal_rcc_ex.c ****   uint32_t crserror = RCC_CRS_NONE;
 828:Drivers/STM32F0xx_HAL_Driver/Src/stm32f0xx_hal_rcc_ex.c ****   /* Get current IT flags and IT sources values */
 829:Drivers/STM32F0xx_HAL_Driver/Src/stm32f0xx_hal_rcc_ex.c ****   uint32_t itflags = READ_REG(CRS->ISR);
 830:Drivers/STM32F0xx_HAL_Driver/Src/stm32f0xx_hal_rcc_ex.c ****   uint32_t itsources = READ_REG(CRS->CR);
 831:Drivers/STM32F0xx_HAL_Driver/Src/stm32f0xx_hal_rcc_ex.c **** 
 832:Drivers/STM32F0xx_HAL_Driver/Src/stm32f0xx_hal_rcc_ex.c ****   /* Check CRS SYNCOK flag  */
 833:Drivers/STM32F0xx_HAL_Driver/Src/stm32f0xx_hal_rcc_ex.c ****   if(((itflags & RCC_CRS_FLAG_SYNCOK) != RESET) && ((itsources & RCC_CRS_IT_SYNCOK) != RESET))
 834:Drivers/STM32F0xx_HAL_Driver/Src/stm32f0xx_hal_rcc_ex.c ****   {
 835:Drivers/STM32F0xx_HAL_Driver/Src/stm32f0xx_hal_rcc_ex.c ****     /* Clear CRS SYNC event OK flag */
 836:Drivers/STM32F0xx_HAL_Driver/Src/stm32f0xx_hal_rcc_ex.c ****     WRITE_REG(CRS->ICR, CRS_ICR_SYNCOKC);
 837:Drivers/STM32F0xx_HAL_Driver/Src/stm32f0xx_hal_rcc_ex.c **** 
 838:Drivers/STM32F0xx_HAL_Driver/Src/stm32f0xx_hal_rcc_ex.c ****     /* user callback */
 839:Drivers/STM32F0xx_HAL_Driver/Src/stm32f0xx_hal_rcc_ex.c ****     HAL_RCCEx_CRS_SyncOkCallback();
 840:Drivers/STM32F0xx_HAL_Driver/Src/stm32f0xx_hal_rcc_ex.c ****   }
 841:Drivers/STM32F0xx_HAL_Driver/Src/stm32f0xx_hal_rcc_ex.c ****   /* Check CRS SYNCWARN flag  */
 842:Drivers/STM32F0xx_HAL_Driver/Src/stm32f0xx_hal_rcc_ex.c ****   else if(((itflags & RCC_CRS_FLAG_SYNCWARN) != RESET) && ((itsources & RCC_CRS_IT_SYNCWARN) != RES
 843:Drivers/STM32F0xx_HAL_Driver/Src/stm32f0xx_hal_rcc_ex.c ****   {
 844:Drivers/STM32F0xx_HAL_Driver/Src/stm32f0xx_hal_rcc_ex.c ****     /* Clear CRS SYNCWARN flag */
 845:Drivers/STM32F0xx_HAL_Driver/Src/stm32f0xx_hal_rcc_ex.c ****     WRITE_REG(CRS->ICR, CRS_ICR_SYNCWARNC);
 846:Drivers/STM32F0xx_HAL_Driver/Src/stm32f0xx_hal_rcc_ex.c **** 
 847:Drivers/STM32F0xx_HAL_Driver/Src/stm32f0xx_hal_rcc_ex.c ****     /* user callback */
 848:Drivers/STM32F0xx_HAL_Driver/Src/stm32f0xx_hal_rcc_ex.c ****     HAL_RCCEx_CRS_SyncWarnCallback();
 849:Drivers/STM32F0xx_HAL_Driver/Src/stm32f0xx_hal_rcc_ex.c ****   }
 850:Drivers/STM32F0xx_HAL_Driver/Src/stm32f0xx_hal_rcc_ex.c ****   /* Check CRS Expected SYNC flag  */
 851:Drivers/STM32F0xx_HAL_Driver/Src/stm32f0xx_hal_rcc_ex.c ****   else if(((itflags & RCC_CRS_FLAG_ESYNC) != RESET) && ((itsources & RCC_CRS_IT_ESYNC) != RESET))
 852:Drivers/STM32F0xx_HAL_Driver/Src/stm32f0xx_hal_rcc_ex.c ****   {
 853:Drivers/STM32F0xx_HAL_Driver/Src/stm32f0xx_hal_rcc_ex.c ****     /* frequency error counter reached a zero value */
 854:Drivers/STM32F0xx_HAL_Driver/Src/stm32f0xx_hal_rcc_ex.c ****     WRITE_REG(CRS->ICR, CRS_ICR_ESYNCC);
 855:Drivers/STM32F0xx_HAL_Driver/Src/stm32f0xx_hal_rcc_ex.c **** 
 856:Drivers/STM32F0xx_HAL_Driver/Src/stm32f0xx_hal_rcc_ex.c ****     /* user callback */
 857:Drivers/STM32F0xx_HAL_Driver/Src/stm32f0xx_hal_rcc_ex.c ****     HAL_RCCEx_CRS_ExpectedSyncCallback();
 858:Drivers/STM32F0xx_HAL_Driver/Src/stm32f0xx_hal_rcc_ex.c ****   }
 859:Drivers/STM32F0xx_HAL_Driver/Src/stm32f0xx_hal_rcc_ex.c ****   /* Check CRS Error flags  */
 860:Drivers/STM32F0xx_HAL_Driver/Src/stm32f0xx_hal_rcc_ex.c ****   else
 861:Drivers/STM32F0xx_HAL_Driver/Src/stm32f0xx_hal_rcc_ex.c ****   {
 862:Drivers/STM32F0xx_HAL_Driver/Src/stm32f0xx_hal_rcc_ex.c ****     if(((itflags & RCC_CRS_FLAG_ERR) != RESET) && ((itsources & RCC_CRS_IT_ERR) != RESET))
 863:Drivers/STM32F0xx_HAL_Driver/Src/stm32f0xx_hal_rcc_ex.c ****     {
 864:Drivers/STM32F0xx_HAL_Driver/Src/stm32f0xx_hal_rcc_ex.c ****       if((itflags & RCC_CRS_FLAG_SYNCERR) != RESET)
 865:Drivers/STM32F0xx_HAL_Driver/Src/stm32f0xx_hal_rcc_ex.c ****       {
 866:Drivers/STM32F0xx_HAL_Driver/Src/stm32f0xx_hal_rcc_ex.c ****         crserror |= RCC_CRS_SYNCERR;
 867:Drivers/STM32F0xx_HAL_Driver/Src/stm32f0xx_hal_rcc_ex.c ****       }
 868:Drivers/STM32F0xx_HAL_Driver/Src/stm32f0xx_hal_rcc_ex.c ****       if((itflags & RCC_CRS_FLAG_SYNCMISS) != RESET)
 869:Drivers/STM32F0xx_HAL_Driver/Src/stm32f0xx_hal_rcc_ex.c ****       {
 870:Drivers/STM32F0xx_HAL_Driver/Src/stm32f0xx_hal_rcc_ex.c ****         crserror |= RCC_CRS_SYNCMISS;
 871:Drivers/STM32F0xx_HAL_Driver/Src/stm32f0xx_hal_rcc_ex.c ****       }
 872:Drivers/STM32F0xx_HAL_Driver/Src/stm32f0xx_hal_rcc_ex.c ****       if((itflags & RCC_CRS_FLAG_TRIMOVF) != RESET)
 873:Drivers/STM32F0xx_HAL_Driver/Src/stm32f0xx_hal_rcc_ex.c ****       {
 874:Drivers/STM32F0xx_HAL_Driver/Src/stm32f0xx_hal_rcc_ex.c ****         crserror |= RCC_CRS_TRIMOVF;
 875:Drivers/STM32F0xx_HAL_Driver/Src/stm32f0xx_hal_rcc_ex.c ****       }
 876:Drivers/STM32F0xx_HAL_Driver/Src/stm32f0xx_hal_rcc_ex.c **** 
 877:Drivers/STM32F0xx_HAL_Driver/Src/stm32f0xx_hal_rcc_ex.c ****       /* Clear CRS Error flags */
 878:Drivers/STM32F0xx_HAL_Driver/Src/stm32f0xx_hal_rcc_ex.c ****       WRITE_REG(CRS->ICR, CRS_ICR_ERRC);
 879:Drivers/STM32F0xx_HAL_Driver/Src/stm32f0xx_hal_rcc_ex.c ****     
ARM GAS  C:\Users\24705\AppData\Local\Temp\ccydURtf.s 			page 43


 880:Drivers/STM32F0xx_HAL_Driver/Src/stm32f0xx_hal_rcc_ex.c ****       /* user error callback */
 881:Drivers/STM32F0xx_HAL_Driver/Src/stm32f0xx_hal_rcc_ex.c ****       HAL_RCCEx_CRS_ErrorCallback(crserror);
 882:Drivers/STM32F0xx_HAL_Driver/Src/stm32f0xx_hal_rcc_ex.c ****     }
 883:Drivers/STM32F0xx_HAL_Driver/Src/stm32f0xx_hal_rcc_ex.c ****   }
 884:Drivers/STM32F0xx_HAL_Driver/Src/stm32f0xx_hal_rcc_ex.c **** }
 885:Drivers/STM32F0xx_HAL_Driver/Src/stm32f0xx_hal_rcc_ex.c **** 
 886:Drivers/STM32F0xx_HAL_Driver/Src/stm32f0xx_hal_rcc_ex.c **** /**
 887:Drivers/STM32F0xx_HAL_Driver/Src/stm32f0xx_hal_rcc_ex.c ****   * @brief  RCCEx Clock Recovery System SYNCOK interrupt callback.
 888:Drivers/STM32F0xx_HAL_Driver/Src/stm32f0xx_hal_rcc_ex.c ****   * @retval none
 889:Drivers/STM32F0xx_HAL_Driver/Src/stm32f0xx_hal_rcc_ex.c ****   */
 890:Drivers/STM32F0xx_HAL_Driver/Src/stm32f0xx_hal_rcc_ex.c **** __weak void HAL_RCCEx_CRS_SyncOkCallback(void)
 891:Drivers/STM32F0xx_HAL_Driver/Src/stm32f0xx_hal_rcc_ex.c **** {
 1386              		.loc 1 891 1 is_stmt 1 view -0
 1387              		.cfi_startproc
 1388              		@ args = 0, pretend = 0, frame = 0
 1389              		@ frame_needed = 0, uses_anonymous_args = 0
 1390              		@ link register save eliminated.
 892:Drivers/STM32F0xx_HAL_Driver/Src/stm32f0xx_hal_rcc_ex.c ****   /* NOTE : This function should not be modified, when the callback is needed,
 893:Drivers/STM32F0xx_HAL_Driver/Src/stm32f0xx_hal_rcc_ex.c ****             the @ref HAL_RCCEx_CRS_SyncOkCallback should be implemented in the user file
 894:Drivers/STM32F0xx_HAL_Driver/Src/stm32f0xx_hal_rcc_ex.c ****    */
 895:Drivers/STM32F0xx_HAL_Driver/Src/stm32f0xx_hal_rcc_ex.c **** }
 1391              		.loc 1 895 1 view .LVU411
 1392              		@ sp needed
 1393 0000 7047     		bx	lr
 1394              		.cfi_endproc
 1395              	.LFE48:
 1397              		.section	.text.HAL_RCCEx_CRS_SyncWarnCallback,"ax",%progbits
 1398              		.align	1
 1399              		.weak	HAL_RCCEx_CRS_SyncWarnCallback
 1400              		.syntax unified
 1401              		.code	16
 1402              		.thumb_func
 1404              	HAL_RCCEx_CRS_SyncWarnCallback:
 1405              	.LFB49:
 896:Drivers/STM32F0xx_HAL_Driver/Src/stm32f0xx_hal_rcc_ex.c **** 
 897:Drivers/STM32F0xx_HAL_Driver/Src/stm32f0xx_hal_rcc_ex.c **** /**
 898:Drivers/STM32F0xx_HAL_Driver/Src/stm32f0xx_hal_rcc_ex.c ****   * @brief  RCCEx Clock Recovery System SYNCWARN interrupt callback.
 899:Drivers/STM32F0xx_HAL_Driver/Src/stm32f0xx_hal_rcc_ex.c ****   * @retval none
 900:Drivers/STM32F0xx_HAL_Driver/Src/stm32f0xx_hal_rcc_ex.c ****   */
 901:Drivers/STM32F0xx_HAL_Driver/Src/stm32f0xx_hal_rcc_ex.c **** __weak void HAL_RCCEx_CRS_SyncWarnCallback(void)
 902:Drivers/STM32F0xx_HAL_Driver/Src/stm32f0xx_hal_rcc_ex.c **** {
 1406              		.loc 1 902 1 view -0
 1407              		.cfi_startproc
 1408              		@ args = 0, pretend = 0, frame = 0
 1409              		@ frame_needed = 0, uses_anonymous_args = 0
 1410              		@ link register save eliminated.
 903:Drivers/STM32F0xx_HAL_Driver/Src/stm32f0xx_hal_rcc_ex.c ****   /* NOTE : This function should not be modified, when the callback is needed,
 904:Drivers/STM32F0xx_HAL_Driver/Src/stm32f0xx_hal_rcc_ex.c ****             the @ref HAL_RCCEx_CRS_SyncWarnCallback should be implemented in the user file
 905:Drivers/STM32F0xx_HAL_Driver/Src/stm32f0xx_hal_rcc_ex.c ****    */
 906:Drivers/STM32F0xx_HAL_Driver/Src/stm32f0xx_hal_rcc_ex.c **** }
 1411              		.loc 1 906 1 view .LVU413
 1412              		@ sp needed
 1413 0000 7047     		bx	lr
 1414              		.cfi_endproc
 1415              	.LFE49:
 1417              		.section	.text.HAL_RCCEx_CRS_ExpectedSyncCallback,"ax",%progbits
 1418              		.align	1
ARM GAS  C:\Users\24705\AppData\Local\Temp\ccydURtf.s 			page 44


 1419              		.weak	HAL_RCCEx_CRS_ExpectedSyncCallback
 1420              		.syntax unified
 1421              		.code	16
 1422              		.thumb_func
 1424              	HAL_RCCEx_CRS_ExpectedSyncCallback:
 1425              	.LFB50:
 907:Drivers/STM32F0xx_HAL_Driver/Src/stm32f0xx_hal_rcc_ex.c **** 
 908:Drivers/STM32F0xx_HAL_Driver/Src/stm32f0xx_hal_rcc_ex.c **** /**
 909:Drivers/STM32F0xx_HAL_Driver/Src/stm32f0xx_hal_rcc_ex.c ****   * @brief  RCCEx Clock Recovery System Expected SYNC interrupt callback.
 910:Drivers/STM32F0xx_HAL_Driver/Src/stm32f0xx_hal_rcc_ex.c ****   * @retval none
 911:Drivers/STM32F0xx_HAL_Driver/Src/stm32f0xx_hal_rcc_ex.c ****   */
 912:Drivers/STM32F0xx_HAL_Driver/Src/stm32f0xx_hal_rcc_ex.c **** __weak void HAL_RCCEx_CRS_ExpectedSyncCallback(void)
 913:Drivers/STM32F0xx_HAL_Driver/Src/stm32f0xx_hal_rcc_ex.c **** {
 1426              		.loc 1 913 1 view -0
 1427              		.cfi_startproc
 1428              		@ args = 0, pretend = 0, frame = 0
 1429              		@ frame_needed = 0, uses_anonymous_args = 0
 1430              		@ link register save eliminated.
 914:Drivers/STM32F0xx_HAL_Driver/Src/stm32f0xx_hal_rcc_ex.c ****   /* NOTE : This function should not be modified, when the callback is needed,
 915:Drivers/STM32F0xx_HAL_Driver/Src/stm32f0xx_hal_rcc_ex.c ****             the @ref HAL_RCCEx_CRS_ExpectedSyncCallback should be implemented in the user file
 916:Drivers/STM32F0xx_HAL_Driver/Src/stm32f0xx_hal_rcc_ex.c ****    */
 917:Drivers/STM32F0xx_HAL_Driver/Src/stm32f0xx_hal_rcc_ex.c **** }
 1431              		.loc 1 917 1 view .LVU415
 1432              		@ sp needed
 1433 0000 7047     		bx	lr
 1434              		.cfi_endproc
 1435              	.LFE50:
 1437              		.section	.text.HAL_RCCEx_CRS_ErrorCallback,"ax",%progbits
 1438              		.align	1
 1439              		.weak	HAL_RCCEx_CRS_ErrorCallback
 1440              		.syntax unified
 1441              		.code	16
 1442              		.thumb_func
 1444              	HAL_RCCEx_CRS_ErrorCallback:
 1445              	.LVL120:
 1446              	.LFB51:
 918:Drivers/STM32F0xx_HAL_Driver/Src/stm32f0xx_hal_rcc_ex.c **** 
 919:Drivers/STM32F0xx_HAL_Driver/Src/stm32f0xx_hal_rcc_ex.c **** /**
 920:Drivers/STM32F0xx_HAL_Driver/Src/stm32f0xx_hal_rcc_ex.c ****   * @brief  RCCEx Clock Recovery System Error interrupt callback.
 921:Drivers/STM32F0xx_HAL_Driver/Src/stm32f0xx_hal_rcc_ex.c ****   * @param  Error Combination of Error status. 
 922:Drivers/STM32F0xx_HAL_Driver/Src/stm32f0xx_hal_rcc_ex.c ****   *         This parameter can be a combination of the following values:
 923:Drivers/STM32F0xx_HAL_Driver/Src/stm32f0xx_hal_rcc_ex.c ****   *           @arg @ref RCC_CRS_SYNCERR
 924:Drivers/STM32F0xx_HAL_Driver/Src/stm32f0xx_hal_rcc_ex.c ****   *           @arg @ref RCC_CRS_SYNCMISS
 925:Drivers/STM32F0xx_HAL_Driver/Src/stm32f0xx_hal_rcc_ex.c ****   *           @arg @ref RCC_CRS_TRIMOVF
 926:Drivers/STM32F0xx_HAL_Driver/Src/stm32f0xx_hal_rcc_ex.c ****   * @retval none
 927:Drivers/STM32F0xx_HAL_Driver/Src/stm32f0xx_hal_rcc_ex.c ****   */
 928:Drivers/STM32F0xx_HAL_Driver/Src/stm32f0xx_hal_rcc_ex.c **** __weak void HAL_RCCEx_CRS_ErrorCallback(uint32_t Error)
 929:Drivers/STM32F0xx_HAL_Driver/Src/stm32f0xx_hal_rcc_ex.c **** {
 1447              		.loc 1 929 1 view -0
 1448              		.cfi_startproc
 1449              		@ args = 0, pretend = 0, frame = 0
 1450              		@ frame_needed = 0, uses_anonymous_args = 0
 1451              		@ link register save eliminated.
 930:Drivers/STM32F0xx_HAL_Driver/Src/stm32f0xx_hal_rcc_ex.c ****   /* Prevent unused argument(s) compilation warning */
 931:Drivers/STM32F0xx_HAL_Driver/Src/stm32f0xx_hal_rcc_ex.c ****   UNUSED(Error);
 1452              		.loc 1 931 3 view .LVU417
 932:Drivers/STM32F0xx_HAL_Driver/Src/stm32f0xx_hal_rcc_ex.c **** 
ARM GAS  C:\Users\24705\AppData\Local\Temp\ccydURtf.s 			page 45


 933:Drivers/STM32F0xx_HAL_Driver/Src/stm32f0xx_hal_rcc_ex.c ****   /* NOTE : This function should not be modified, when the callback is needed,
 934:Drivers/STM32F0xx_HAL_Driver/Src/stm32f0xx_hal_rcc_ex.c ****             the @ref HAL_RCCEx_CRS_ErrorCallback should be implemented in the user file
 935:Drivers/STM32F0xx_HAL_Driver/Src/stm32f0xx_hal_rcc_ex.c ****    */
 936:Drivers/STM32F0xx_HAL_Driver/Src/stm32f0xx_hal_rcc_ex.c **** }
 1453              		.loc 1 936 1 is_stmt 0 view .LVU418
 1454              		@ sp needed
 1455 0000 7047     		bx	lr
 1456              		.cfi_endproc
 1457              	.LFE51:
 1459              		.section	.text.HAL_RCCEx_CRS_IRQHandler,"ax",%progbits
 1460              		.align	1
 1461              		.global	HAL_RCCEx_CRS_IRQHandler
 1462              		.syntax unified
 1463              		.code	16
 1464              		.thumb_func
 1466              	HAL_RCCEx_CRS_IRQHandler:
 1467              	.LFB47:
 826:Drivers/STM32F0xx_HAL_Driver/Src/stm32f0xx_hal_rcc_ex.c ****   uint32_t crserror = RCC_CRS_NONE;
 1468              		.loc 1 826 1 is_stmt 1 view -0
 1469              		.cfi_startproc
 1470              		@ args = 0, pretend = 0, frame = 0
 1471              		@ frame_needed = 0, uses_anonymous_args = 0
 1472 0000 10B5     		push	{r4, lr}
 1473              	.LCFI4:
 1474              		.cfi_def_cfa_offset 8
 1475              		.cfi_offset 4, -8
 1476              		.cfi_offset 14, -4
 827:Drivers/STM32F0xx_HAL_Driver/Src/stm32f0xx_hal_rcc_ex.c ****   /* Get current IT flags and IT sources values */
 1477              		.loc 1 827 3 view .LVU420
 1478              	.LVL121:
 829:Drivers/STM32F0xx_HAL_Driver/Src/stm32f0xx_hal_rcc_ex.c ****   uint32_t itsources = READ_REG(CRS->CR);
 1479              		.loc 1 829 3 view .LVU421
 829:Drivers/STM32F0xx_HAL_Driver/Src/stm32f0xx_hal_rcc_ex.c ****   uint32_t itsources = READ_REG(CRS->CR);
 1480              		.loc 1 829 12 is_stmt 0 view .LVU422
 1481 0002 1D4A     		ldr	r2, .L142
 1482 0004 9368     		ldr	r3, [r2, #8]
 1483              	.LVL122:
 830:Drivers/STM32F0xx_HAL_Driver/Src/stm32f0xx_hal_rcc_ex.c **** 
 1484              		.loc 1 830 3 is_stmt 1 view .LVU423
 830:Drivers/STM32F0xx_HAL_Driver/Src/stm32f0xx_hal_rcc_ex.c **** 
 1485              		.loc 1 830 12 is_stmt 0 view .LVU424
 1486 0006 1268     		ldr	r2, [r2]
 1487              	.LVL123:
 833:Drivers/STM32F0xx_HAL_Driver/Src/stm32f0xx_hal_rcc_ex.c ****   {
 1488              		.loc 1 833 3 is_stmt 1 view .LVU425
 833:Drivers/STM32F0xx_HAL_Driver/Src/stm32f0xx_hal_rcc_ex.c ****   {
 1489              		.loc 1 833 5 is_stmt 0 view .LVU426
 1490 0008 D907     		lsls	r1, r3, #31
 1491 000a 01D5     		bpl	.L121
 833:Drivers/STM32F0xx_HAL_Driver/Src/stm32f0xx_hal_rcc_ex.c ****   {
 1492              		.loc 1 833 49 discriminator 1 view .LVU427
 1493 000c D107     		lsls	r1, r2, #31
 1494 000e 20D4     		bmi	.L139
 1495              	.L121:
 842:Drivers/STM32F0xx_HAL_Driver/Src/stm32f0xx_hal_rcc_ex.c ****   {
 1496              		.loc 1 842 8 is_stmt 1 view .LVU428
 842:Drivers/STM32F0xx_HAL_Driver/Src/stm32f0xx_hal_rcc_ex.c ****   {
ARM GAS  C:\Users\24705\AppData\Local\Temp\ccydURtf.s 			page 46


 1497              		.loc 1 842 10 is_stmt 0 view .LVU429
 1498 0010 9907     		lsls	r1, r3, #30
 1499 0012 01D5     		bpl	.L123
 842:Drivers/STM32F0xx_HAL_Driver/Src/stm32f0xx_hal_rcc_ex.c ****   {
 1500              		.loc 1 842 56 discriminator 1 view .LVU430
 1501 0014 9107     		lsls	r1, r2, #30
 1502 0016 22D4     		bmi	.L140
 1503              	.L123:
 851:Drivers/STM32F0xx_HAL_Driver/Src/stm32f0xx_hal_rcc_ex.c ****   {
 1504              		.loc 1 851 8 is_stmt 1 view .LVU431
 851:Drivers/STM32F0xx_HAL_Driver/Src/stm32f0xx_hal_rcc_ex.c ****   {
 1505              		.loc 1 851 10 is_stmt 0 view .LVU432
 1506 0018 1907     		lsls	r1, r3, #28
 1507 001a 01D5     		bpl	.L124
 851:Drivers/STM32F0xx_HAL_Driver/Src/stm32f0xx_hal_rcc_ex.c ****   {
 1508              		.loc 1 851 53 discriminator 1 view .LVU433
 1509 001c 1107     		lsls	r1, r2, #28
 1510 001e 24D4     		bmi	.L141
 1511              	.L124:
 862:Drivers/STM32F0xx_HAL_Driver/Src/stm32f0xx_hal_rcc_ex.c ****     {
 1512              		.loc 1 862 5 is_stmt 1 view .LVU434
 862:Drivers/STM32F0xx_HAL_Driver/Src/stm32f0xx_hal_rcc_ex.c ****     {
 1513              		.loc 1 862 7 is_stmt 0 view .LVU435
 1514 0020 5907     		lsls	r1, r3, #29
 1515 0022 1BD5     		bpl	.L120
 862:Drivers/STM32F0xx_HAL_Driver/Src/stm32f0xx_hal_rcc_ex.c ****     {
 1516              		.loc 1 862 48 discriminator 1 view .LVU436
 1517 0024 5207     		lsls	r2, r2, #29
 1518 0026 19D5     		bpl	.L120
 1519              	.LVL124:
 864:Drivers/STM32F0xx_HAL_Driver/Src/stm32f0xx_hal_rcc_ex.c ****       {
 1520              		.loc 1 864 7 is_stmt 1 view .LVU437
 864:Drivers/STM32F0xx_HAL_Driver/Src/stm32f0xx_hal_rcc_ex.c ****       {
 1521              		.loc 1 864 19 is_stmt 0 view .LVU438
 1522 0028 8022     		movs	r2, #128
 1523 002a 5200     		lsls	r2, r2, #1
 1524 002c 1800     		movs	r0, r3
 1525 002e 1040     		ands	r0, r2
 864:Drivers/STM32F0xx_HAL_Driver/Src/stm32f0xx_hal_rcc_ex.c ****       {
 1526              		.loc 1 864 9 view .LVU439
 1527 0030 1342     		tst	r3, r2
 1528 0032 00D0     		beq	.L125
 866:Drivers/STM32F0xx_HAL_Driver/Src/stm32f0xx_hal_rcc_ex.c ****       }
 1529              		.loc 1 866 18 view .LVU440
 1530 0034 0820     		movs	r0, #8
 1531              	.L125:
 1532              	.LVL125:
 868:Drivers/STM32F0xx_HAL_Driver/Src/stm32f0xx_hal_rcc_ex.c ****       {
 1533              		.loc 1 868 7 is_stmt 1 view .LVU441
 868:Drivers/STM32F0xx_HAL_Driver/Src/stm32f0xx_hal_rcc_ex.c ****       {
 1534              		.loc 1 868 9 is_stmt 0 view .LVU442
 1535 0036 9A05     		lsls	r2, r3, #22
 1536 0038 01D5     		bpl	.L126
 870:Drivers/STM32F0xx_HAL_Driver/Src/stm32f0xx_hal_rcc_ex.c ****       }
 1537              		.loc 1 870 9 is_stmt 1 view .LVU443
 870:Drivers/STM32F0xx_HAL_Driver/Src/stm32f0xx_hal_rcc_ex.c ****       }
 1538              		.loc 1 870 18 is_stmt 0 view .LVU444
ARM GAS  C:\Users\24705\AppData\Local\Temp\ccydURtf.s 			page 47


 1539 003a 1022     		movs	r2, #16
 1540 003c 1043     		orrs	r0, r2
 1541              	.LVL126:
 1542              	.L126:
 872:Drivers/STM32F0xx_HAL_Driver/Src/stm32f0xx_hal_rcc_ex.c ****       {
 1543              		.loc 1 872 7 is_stmt 1 view .LVU445
 872:Drivers/STM32F0xx_HAL_Driver/Src/stm32f0xx_hal_rcc_ex.c ****       {
 1544              		.loc 1 872 9 is_stmt 0 view .LVU446
 1545 003e 5B05     		lsls	r3, r3, #21
 1546 0040 01D5     		bpl	.L127
 1547              	.LVL127:
 874:Drivers/STM32F0xx_HAL_Driver/Src/stm32f0xx_hal_rcc_ex.c ****       }
 1548              		.loc 1 874 9 is_stmt 1 view .LVU447
 874:Drivers/STM32F0xx_HAL_Driver/Src/stm32f0xx_hal_rcc_ex.c ****       }
 1549              		.loc 1 874 18 is_stmt 0 view .LVU448
 1550 0042 2023     		movs	r3, #32
 1551 0044 1843     		orrs	r0, r3
 1552              	.LVL128:
 1553              	.L127:
 878:Drivers/STM32F0xx_HAL_Driver/Src/stm32f0xx_hal_rcc_ex.c ****     
 1554              		.loc 1 878 7 is_stmt 1 view .LVU449
 1555 0046 0C4B     		ldr	r3, .L142
 1556 0048 0422     		movs	r2, #4
 1557 004a DA60     		str	r2, [r3, #12]
 881:Drivers/STM32F0xx_HAL_Driver/Src/stm32f0xx_hal_rcc_ex.c ****     }
 1558              		.loc 1 881 7 view .LVU450
 1559 004c FFF7FEFF 		bl	HAL_RCCEx_CRS_ErrorCallback
 1560              	.LVL129:
 884:Drivers/STM32F0xx_HAL_Driver/Src/stm32f0xx_hal_rcc_ex.c **** 
 1561              		.loc 1 884 1 is_stmt 0 view .LVU451
 1562 0050 04E0     		b	.L120
 1563              	.LVL130:
 1564              	.L139:
 836:Drivers/STM32F0xx_HAL_Driver/Src/stm32f0xx_hal_rcc_ex.c **** 
 1565              		.loc 1 836 5 is_stmt 1 view .LVU452
 1566 0052 094B     		ldr	r3, .L142
 1567              	.LVL131:
 836:Drivers/STM32F0xx_HAL_Driver/Src/stm32f0xx_hal_rcc_ex.c **** 
 1568              		.loc 1 836 5 is_stmt 0 view .LVU453
 1569 0054 0122     		movs	r2, #1
 1570              	.LVL132:
 836:Drivers/STM32F0xx_HAL_Driver/Src/stm32f0xx_hal_rcc_ex.c **** 
 1571              		.loc 1 836 5 view .LVU454
 1572 0056 DA60     		str	r2, [r3, #12]
 839:Drivers/STM32F0xx_HAL_Driver/Src/stm32f0xx_hal_rcc_ex.c ****   }
 1573              		.loc 1 839 5 is_stmt 1 view .LVU455
 1574 0058 FFF7FEFF 		bl	HAL_RCCEx_CRS_SyncOkCallback
 1575              	.LVL133:
 1576              	.L120:
 884:Drivers/STM32F0xx_HAL_Driver/Src/stm32f0xx_hal_rcc_ex.c **** 
 1577              		.loc 1 884 1 is_stmt 0 view .LVU456
 1578              		@ sp needed
 1579 005c 10BD     		pop	{r4, pc}
 1580              	.LVL134:
 1581              	.L140:
 845:Drivers/STM32F0xx_HAL_Driver/Src/stm32f0xx_hal_rcc_ex.c **** 
 1582              		.loc 1 845 5 is_stmt 1 view .LVU457
ARM GAS  C:\Users\24705\AppData\Local\Temp\ccydURtf.s 			page 48


 1583 005e 064B     		ldr	r3, .L142
 1584              	.LVL135:
 845:Drivers/STM32F0xx_HAL_Driver/Src/stm32f0xx_hal_rcc_ex.c **** 
 1585              		.loc 1 845 5 is_stmt 0 view .LVU458
 1586 0060 0222     		movs	r2, #2
 1587              	.LVL136:
 845:Drivers/STM32F0xx_HAL_Driver/Src/stm32f0xx_hal_rcc_ex.c **** 
 1588              		.loc 1 845 5 view .LVU459
 1589 0062 DA60     		str	r2, [r3, #12]
 848:Drivers/STM32F0xx_HAL_Driver/Src/stm32f0xx_hal_rcc_ex.c ****   }
 1590              		.loc 1 848 5 is_stmt 1 view .LVU460
 1591 0064 FFF7FEFF 		bl	HAL_RCCEx_CRS_SyncWarnCallback
 1592              	.LVL137:
 1593 0068 F8E7     		b	.L120
 1594              	.LVL138:
 1595              	.L141:
 854:Drivers/STM32F0xx_HAL_Driver/Src/stm32f0xx_hal_rcc_ex.c **** 
 1596              		.loc 1 854 5 view .LVU461
 1597 006a 034B     		ldr	r3, .L142
 1598              	.LVL139:
 854:Drivers/STM32F0xx_HAL_Driver/Src/stm32f0xx_hal_rcc_ex.c **** 
 1599              		.loc 1 854 5 is_stmt 0 view .LVU462
 1600 006c 0822     		movs	r2, #8
 1601              	.LVL140:
 854:Drivers/STM32F0xx_HAL_Driver/Src/stm32f0xx_hal_rcc_ex.c **** 
 1602              		.loc 1 854 5 view .LVU463
 1603 006e DA60     		str	r2, [r3, #12]
 857:Drivers/STM32F0xx_HAL_Driver/Src/stm32f0xx_hal_rcc_ex.c ****   }
 1604              		.loc 1 857 5 is_stmt 1 view .LVU464
 1605 0070 FFF7FEFF 		bl	HAL_RCCEx_CRS_ExpectedSyncCallback
 1606              	.LVL141:
 1607 0074 F2E7     		b	.L120
 1608              	.L143:
 1609 0076 C046     		.align	2
 1610              	.L142:
 1611 0078 006C0040 		.word	1073769472
 1612              		.cfi_endproc
 1613              	.LFE47:
 1615              		.text
 1616              	.Letext0:
 1617              		.file 2 "E:\\STM32CubeCLT_1.21.0\\GNU-tools-for-STM32\\bin/../lib/gcc/arm-none-eabi/14.3.1/../../.
 1618              		.file 3 "E:\\STM32CubeCLT_1.21.0\\GNU-tools-for-STM32\\bin/../lib/gcc/arm-none-eabi/14.3.1/../../.
 1619              		.file 4 "Drivers/CMSIS/Device/ST/STM32F0xx/Include/stm32f072xb.h"
 1620              		.file 5 "Drivers/CMSIS/Device/ST/STM32F0xx/Include/stm32f0xx.h"
 1621              		.file 6 "Drivers/STM32F0xx_HAL_Driver/Inc/stm32f0xx_hal_def.h"
 1622              		.file 7 "Drivers/STM32F0xx_HAL_Driver/Inc/stm32f0xx_hal_rcc_ex.h"
 1623              		.file 8 "Drivers/STM32F0xx_HAL_Driver/Inc/stm32f0xx_hal_rcc.h"
 1624              		.file 9 "Drivers/STM32F0xx_HAL_Driver/Inc/stm32f0xx_hal.h"
ARM GAS  C:\Users\24705\AppData\Local\Temp\ccydURtf.s 			page 49


DEFINED SYMBOLS
                            *ABS*:00000000 stm32f0xx_hal_rcc_ex.c
C:\Users\24705\AppData\Local\Temp\ccydURtf.s:19     .text.HAL_RCCEx_PeriphCLKConfig:00000000 $t
C:\Users\24705\AppData\Local\Temp\ccydURtf.s:25     .text.HAL_RCCEx_PeriphCLKConfig:00000000 HAL_RCCEx_PeriphCLKConfig
C:\Users\24705\AppData\Local\Temp\ccydURtf.s:347    .text.HAL_RCCEx_PeriphCLKConfig:00000144 $d
C:\Users\24705\AppData\Local\Temp\ccydURtf.s:358    .text.HAL_RCCEx_GetPeriphCLKConfig:00000000 $t
C:\Users\24705\AppData\Local\Temp\ccydURtf.s:364    .text.HAL_RCCEx_GetPeriphCLKConfig:00000000 HAL_RCCEx_GetPeriphCLKConfig
C:\Users\24705\AppData\Local\Temp\ccydURtf.s:439    .text.HAL_RCCEx_GetPeriphCLKConfig:00000048 $d
C:\Users\24705\AppData\Local\Temp\ccydURtf.s:448    .text.HAL_RCCEx_GetPeriphCLKFreq:00000000 $t
C:\Users\24705\AppData\Local\Temp\ccydURtf.s:454    .text.HAL_RCCEx_GetPeriphCLKFreq:00000000 HAL_RCCEx_GetPeriphCLKFreq
C:\Users\24705\AppData\Local\Temp\ccydURtf.s:979    .text.HAL_RCCEx_GetPeriphCLKFreq:00000200 $d
C:\Users\24705\AppData\Local\Temp\ccydURtf.s:989    .text.HAL_RCCEx_CRSConfig:00000000 $t
C:\Users\24705\AppData\Local\Temp\ccydURtf.s:995    .text.HAL_RCCEx_CRSConfig:00000000 HAL_RCCEx_CRSConfig
C:\Users\24705\AppData\Local\Temp\ccydURtf.s:1073   .text.HAL_RCCEx_CRSConfig:00000044 $d
C:\Users\24705\AppData\Local\Temp\ccydURtf.s:1081   .text.HAL_RCCEx_CRSSoftwareSynchronizationGenerate:00000000 $t
C:\Users\24705\AppData\Local\Temp\ccydURtf.s:1087   .text.HAL_RCCEx_CRSSoftwareSynchronizationGenerate:00000000 HAL_RCCEx_CRSSoftwareSynchronizationGenerate
C:\Users\24705\AppData\Local\Temp\ccydURtf.s:1106   .text.HAL_RCCEx_CRSSoftwareSynchronizationGenerate:0000000c $d
C:\Users\24705\AppData\Local\Temp\ccydURtf.s:1111   .text.HAL_RCCEx_CRSGetSynchronizationInfo:00000000 $t
C:\Users\24705\AppData\Local\Temp\ccydURtf.s:1117   .text.HAL_RCCEx_CRSGetSynchronizationInfo:00000000 HAL_RCCEx_CRSGetSynchronizationInfo
C:\Users\24705\AppData\Local\Temp\ccydURtf.s:1166   .text.HAL_RCCEx_CRSGetSynchronizationInfo:00000028 $d
C:\Users\24705\AppData\Local\Temp\ccydURtf.s:1171   .text.HAL_RCCEx_CRSWaitSynchronization:00000000 $t
C:\Users\24705\AppData\Local\Temp\ccydURtf.s:1177   .text.HAL_RCCEx_CRSWaitSynchronization:00000000 HAL_RCCEx_CRSWaitSynchronization
C:\Users\24705\AppData\Local\Temp\ccydURtf.s:1373   .text.HAL_RCCEx_CRSWaitSynchronization:00000098 $d
C:\Users\24705\AppData\Local\Temp\ccydURtf.s:1378   .text.HAL_RCCEx_CRS_SyncOkCallback:00000000 $t
C:\Users\24705\AppData\Local\Temp\ccydURtf.s:1384   .text.HAL_RCCEx_CRS_SyncOkCallback:00000000 HAL_RCCEx_CRS_SyncOkCallback
C:\Users\24705\AppData\Local\Temp\ccydURtf.s:1398   .text.HAL_RCCEx_CRS_SyncWarnCallback:00000000 $t
C:\Users\24705\AppData\Local\Temp\ccydURtf.s:1404   .text.HAL_RCCEx_CRS_SyncWarnCallback:00000000 HAL_RCCEx_CRS_SyncWarnCallback
C:\Users\24705\AppData\Local\Temp\ccydURtf.s:1418   .text.HAL_RCCEx_CRS_ExpectedSyncCallback:00000000 $t
C:\Users\24705\AppData\Local\Temp\ccydURtf.s:1424   .text.HAL_RCCEx_CRS_ExpectedSyncCallback:00000000 HAL_RCCEx_CRS_ExpectedSyncCallback
C:\Users\24705\AppData\Local\Temp\ccydURtf.s:1438   .text.HAL_RCCEx_CRS_ErrorCallback:00000000 $t
C:\Users\24705\AppData\Local\Temp\ccydURtf.s:1444   .text.HAL_RCCEx_CRS_ErrorCallback:00000000 HAL_RCCEx_CRS_ErrorCallback
C:\Users\24705\AppData\Local\Temp\ccydURtf.s:1460   .text.HAL_RCCEx_CRS_IRQHandler:00000000 $t
C:\Users\24705\AppData\Local\Temp\ccydURtf.s:1466   .text.HAL_RCCEx_CRS_IRQHandler:00000000 HAL_RCCEx_CRS_IRQHandler
C:\Users\24705\AppData\Local\Temp\ccydURtf.s:1611   .text.HAL_RCCEx_CRS_IRQHandler:00000078 $d

UNDEFINED SYMBOLS
HAL_GetTick
__aeabi_uidiv
HAL_RCC_GetPCLK1Freq
HAL_RCC_GetSysClockFreq
