ARM GAS  C:\Users\24705\AppData\Local\Temp\ccIr9fa4.s 			page 1


   1              		.cpu cortex-m0
   2              		.arch armv6s-m
   3              		.fpu softvfp
   4              		.eabi_attribute 20, 1
   5              		.eabi_attribute 21, 1
   6              		.eabi_attribute 23, 3
   7              		.eabi_attribute 24, 1
   8              		.eabi_attribute 25, 1
   9              		.eabi_attribute 26, 1
  10              		.eabi_attribute 30, 1
  11              		.eabi_attribute 34, 0
  12              		.eabi_attribute 18, 4
  13              		.file	"stm32f0xx_hal_dac_ex.c"
  14              		.text
  15              	.Ltext0:
  16              		.cfi_sections	.debug_frame
  17              		.file 1 "Drivers/STM32F0xx_HAL_Driver/Src/stm32f0xx_hal_dac_ex.c"
  18              		.section	.text.DAC_DMAErrorCh1,"ax",%progbits
  19              		.align	1
  20              		.syntax unified
  21              		.code	16
  22              		.thumb_func
  24              	DAC_DMAErrorCh1:
  25              	.LVL0:
  26              	.LFB47:
   1:Drivers/STM32F0xx_HAL_Driver/Src/stm32f0xx_hal_dac_ex.c **** /**
   2:Drivers/STM32F0xx_HAL_Driver/Src/stm32f0xx_hal_dac_ex.c ****   ******************************************************************************
   3:Drivers/STM32F0xx_HAL_Driver/Src/stm32f0xx_hal_dac_ex.c ****   * @file    stm32f0xx_hal_dac_ex.c
   4:Drivers/STM32F0xx_HAL_Driver/Src/stm32f0xx_hal_dac_ex.c ****   * @author  MCD Application Team
   5:Drivers/STM32F0xx_HAL_Driver/Src/stm32f0xx_hal_dac_ex.c ****   * @brief   DAC HAL module driver.
   6:Drivers/STM32F0xx_HAL_Driver/Src/stm32f0xx_hal_dac_ex.c ****   *          This file provides firmware functions to manage the extended 
   7:Drivers/STM32F0xx_HAL_Driver/Src/stm32f0xx_hal_dac_ex.c ****   *          functionalities of the DAC peripheral.  
   8:Drivers/STM32F0xx_HAL_Driver/Src/stm32f0xx_hal_dac_ex.c ****   *     
   9:Drivers/STM32F0xx_HAL_Driver/Src/stm32f0xx_hal_dac_ex.c ****   *
  10:Drivers/STM32F0xx_HAL_Driver/Src/stm32f0xx_hal_dac_ex.c ****   ******************************************************************************
  11:Drivers/STM32F0xx_HAL_Driver/Src/stm32f0xx_hal_dac_ex.c ****   * @attention
  12:Drivers/STM32F0xx_HAL_Driver/Src/stm32f0xx_hal_dac_ex.c ****   *
  13:Drivers/STM32F0xx_HAL_Driver/Src/stm32f0xx_hal_dac_ex.c ****   * Copyright (c) 2016 STMicroelectronics.
  14:Drivers/STM32F0xx_HAL_Driver/Src/stm32f0xx_hal_dac_ex.c ****   * All rights reserved.
  15:Drivers/STM32F0xx_HAL_Driver/Src/stm32f0xx_hal_dac_ex.c ****   *
  16:Drivers/STM32F0xx_HAL_Driver/Src/stm32f0xx_hal_dac_ex.c ****   * This software is licensed under terms that can be found in the LICENSE file
  17:Drivers/STM32F0xx_HAL_Driver/Src/stm32f0xx_hal_dac_ex.c ****   * in the root directory of this software component.
  18:Drivers/STM32F0xx_HAL_Driver/Src/stm32f0xx_hal_dac_ex.c ****   * If no LICENSE file comes with this software, it is provided AS-IS.
  19:Drivers/STM32F0xx_HAL_Driver/Src/stm32f0xx_hal_dac_ex.c ****   *
  20:Drivers/STM32F0xx_HAL_Driver/Src/stm32f0xx_hal_dac_ex.c ****   ******************************************************************************
  21:Drivers/STM32F0xx_HAL_Driver/Src/stm32f0xx_hal_dac_ex.c ****   @verbatim
  22:Drivers/STM32F0xx_HAL_Driver/Src/stm32f0xx_hal_dac_ex.c ****   ==============================================================================
  23:Drivers/STM32F0xx_HAL_Driver/Src/stm32f0xx_hal_dac_ex.c ****                       ##### How to use this driver #####
  24:Drivers/STM32F0xx_HAL_Driver/Src/stm32f0xx_hal_dac_ex.c ****   ==============================================================================
  25:Drivers/STM32F0xx_HAL_Driver/Src/stm32f0xx_hal_dac_ex.c ****     [..]          
  26:Drivers/STM32F0xx_HAL_Driver/Src/stm32f0xx_hal_dac_ex.c ****       (+) When Dual mode is enabled (i.e. DAC Channel1 and Channel2 are used simultaneously) :
  27:Drivers/STM32F0xx_HAL_Driver/Src/stm32f0xx_hal_dac_ex.c ****           Use HAL_DACEx_DualGetValue() to get digital data to be converted and use
  28:Drivers/STM32F0xx_HAL_Driver/Src/stm32f0xx_hal_dac_ex.c ****           HAL_DACEx_DualSetValue() to set digital value to converted simultaneously in Channel 1 an
  29:Drivers/STM32F0xx_HAL_Driver/Src/stm32f0xx_hal_dac_ex.c ****       (+) Use HAL_DACEx_TriangleWaveGenerate() to generate Triangle signal.
  30:Drivers/STM32F0xx_HAL_Driver/Src/stm32f0xx_hal_dac_ex.c ****       (+) Use HAL_DACEx_NoiseWaveGenerate() to generate Noise signal.
  31:Drivers/STM32F0xx_HAL_Driver/Src/stm32f0xx_hal_dac_ex.c ****    
  32:Drivers/STM32F0xx_HAL_Driver/Src/stm32f0xx_hal_dac_ex.c ****  @endverbatim
ARM GAS  C:\Users\24705\AppData\Local\Temp\ccIr9fa4.s 			page 2


  33:Drivers/STM32F0xx_HAL_Driver/Src/stm32f0xx_hal_dac_ex.c ****   ******************************************************************************
  34:Drivers/STM32F0xx_HAL_Driver/Src/stm32f0xx_hal_dac_ex.c ****   */
  35:Drivers/STM32F0xx_HAL_Driver/Src/stm32f0xx_hal_dac_ex.c **** 
  36:Drivers/STM32F0xx_HAL_Driver/Src/stm32f0xx_hal_dac_ex.c **** 
  37:Drivers/STM32F0xx_HAL_Driver/Src/stm32f0xx_hal_dac_ex.c **** /* Includes ------------------------------------------------------------------*/
  38:Drivers/STM32F0xx_HAL_Driver/Src/stm32f0xx_hal_dac_ex.c **** #include "stm32f0xx_hal.h"
  39:Drivers/STM32F0xx_HAL_Driver/Src/stm32f0xx_hal_dac_ex.c **** 
  40:Drivers/STM32F0xx_HAL_Driver/Src/stm32f0xx_hal_dac_ex.c **** /** @addtogroup STM32F0xx_HAL_Driver
  41:Drivers/STM32F0xx_HAL_Driver/Src/stm32f0xx_hal_dac_ex.c ****   * @{
  42:Drivers/STM32F0xx_HAL_Driver/Src/stm32f0xx_hal_dac_ex.c ****   */
  43:Drivers/STM32F0xx_HAL_Driver/Src/stm32f0xx_hal_dac_ex.c **** 
  44:Drivers/STM32F0xx_HAL_Driver/Src/stm32f0xx_hal_dac_ex.c **** #ifdef HAL_DAC_MODULE_ENABLED
  45:Drivers/STM32F0xx_HAL_Driver/Src/stm32f0xx_hal_dac_ex.c **** 
  46:Drivers/STM32F0xx_HAL_Driver/Src/stm32f0xx_hal_dac_ex.c **** /** @addtogroup DAC
  47:Drivers/STM32F0xx_HAL_Driver/Src/stm32f0xx_hal_dac_ex.c ****   * @{
  48:Drivers/STM32F0xx_HAL_Driver/Src/stm32f0xx_hal_dac_ex.c ****   */ 
  49:Drivers/STM32F0xx_HAL_Driver/Src/stm32f0xx_hal_dac_ex.c **** 
  50:Drivers/STM32F0xx_HAL_Driver/Src/stm32f0xx_hal_dac_ex.c **** #if defined(STM32F051x8) || defined(STM32F058xx) || \
  51:Drivers/STM32F0xx_HAL_Driver/Src/stm32f0xx_hal_dac_ex.c ****     defined(STM32F071xB) || defined(STM32F072xB) || defined(STM32F078xx) || \
  52:Drivers/STM32F0xx_HAL_Driver/Src/stm32f0xx_hal_dac_ex.c ****     defined(STM32F091xC) || defined(STM32F098xx)
  53:Drivers/STM32F0xx_HAL_Driver/Src/stm32f0xx_hal_dac_ex.c **** 
  54:Drivers/STM32F0xx_HAL_Driver/Src/stm32f0xx_hal_dac_ex.c **** /** @addtogroup DAC_Private_Functions
  55:Drivers/STM32F0xx_HAL_Driver/Src/stm32f0xx_hal_dac_ex.c ****   * @{
  56:Drivers/STM32F0xx_HAL_Driver/Src/stm32f0xx_hal_dac_ex.c ****   */
  57:Drivers/STM32F0xx_HAL_Driver/Src/stm32f0xx_hal_dac_ex.c **** static void DAC_DMAConvCpltCh1(DMA_HandleTypeDef *hdma);
  58:Drivers/STM32F0xx_HAL_Driver/Src/stm32f0xx_hal_dac_ex.c **** static void DAC_DMAErrorCh1(DMA_HandleTypeDef *hdma);
  59:Drivers/STM32F0xx_HAL_Driver/Src/stm32f0xx_hal_dac_ex.c **** static void DAC_DMAHalfConvCpltCh1(DMA_HandleTypeDef *hdma); 
  60:Drivers/STM32F0xx_HAL_Driver/Src/stm32f0xx_hal_dac_ex.c **** /**
  61:Drivers/STM32F0xx_HAL_Driver/Src/stm32f0xx_hal_dac_ex.c ****   * @}
  62:Drivers/STM32F0xx_HAL_Driver/Src/stm32f0xx_hal_dac_ex.c ****   */
  63:Drivers/STM32F0xx_HAL_Driver/Src/stm32f0xx_hal_dac_ex.c ****   
  64:Drivers/STM32F0xx_HAL_Driver/Src/stm32f0xx_hal_dac_ex.c **** #endif /* STM32F051x8 STM32F058xx  */
  65:Drivers/STM32F0xx_HAL_Driver/Src/stm32f0xx_hal_dac_ex.c ****        /* STM32F071xB STM32F072xB STM32F078xx */
  66:Drivers/STM32F0xx_HAL_Driver/Src/stm32f0xx_hal_dac_ex.c ****        /* STM32F091xC STM32F098xx */
  67:Drivers/STM32F0xx_HAL_Driver/Src/stm32f0xx_hal_dac_ex.c **** 
  68:Drivers/STM32F0xx_HAL_Driver/Src/stm32f0xx_hal_dac_ex.c **** #if defined(STM32F071xB) || defined(STM32F072xB) || defined(STM32F078xx) || \
  69:Drivers/STM32F0xx_HAL_Driver/Src/stm32f0xx_hal_dac_ex.c ****     defined(STM32F091xC) || defined(STM32F098xx)
  70:Drivers/STM32F0xx_HAL_Driver/Src/stm32f0xx_hal_dac_ex.c **** 
  71:Drivers/STM32F0xx_HAL_Driver/Src/stm32f0xx_hal_dac_ex.c **** /** @addtogroup DAC_Private_Functions
  72:Drivers/STM32F0xx_HAL_Driver/Src/stm32f0xx_hal_dac_ex.c ****   * @{
  73:Drivers/STM32F0xx_HAL_Driver/Src/stm32f0xx_hal_dac_ex.c ****   */
  74:Drivers/STM32F0xx_HAL_Driver/Src/stm32f0xx_hal_dac_ex.c **** 
  75:Drivers/STM32F0xx_HAL_Driver/Src/stm32f0xx_hal_dac_ex.c **** /* DAC_DMAConvCpltCh2 / DAC_DMAErrorCh2 / DAC_DMAHalfConvCpltCh2 */
  76:Drivers/STM32F0xx_HAL_Driver/Src/stm32f0xx_hal_dac_ex.c **** /* are set by HAL_DAC_Start_DMA */
  77:Drivers/STM32F0xx_HAL_Driver/Src/stm32f0xx_hal_dac_ex.c **** 
  78:Drivers/STM32F0xx_HAL_Driver/Src/stm32f0xx_hal_dac_ex.c **** void DAC_DMAConvCpltCh2(DMA_HandleTypeDef *hdma);
  79:Drivers/STM32F0xx_HAL_Driver/Src/stm32f0xx_hal_dac_ex.c **** void DAC_DMAErrorCh2(DMA_HandleTypeDef *hdma);
  80:Drivers/STM32F0xx_HAL_Driver/Src/stm32f0xx_hal_dac_ex.c **** void DAC_DMAHalfConvCpltCh2(DMA_HandleTypeDef *hdma); 
  81:Drivers/STM32F0xx_HAL_Driver/Src/stm32f0xx_hal_dac_ex.c **** /**
  82:Drivers/STM32F0xx_HAL_Driver/Src/stm32f0xx_hal_dac_ex.c ****   * @}
  83:Drivers/STM32F0xx_HAL_Driver/Src/stm32f0xx_hal_dac_ex.c ****   */
  84:Drivers/STM32F0xx_HAL_Driver/Src/stm32f0xx_hal_dac_ex.c **** 
  85:Drivers/STM32F0xx_HAL_Driver/Src/stm32f0xx_hal_dac_ex.c **** #endif /* STM32F071xB  STM32F072xB  STM32F078xx */
  86:Drivers/STM32F0xx_HAL_Driver/Src/stm32f0xx_hal_dac_ex.c ****        /* STM32F091xC  STM32F098xx */
  87:Drivers/STM32F0xx_HAL_Driver/Src/stm32f0xx_hal_dac_ex.c **** 
  88:Drivers/STM32F0xx_HAL_Driver/Src/stm32f0xx_hal_dac_ex.c **** /** @addtogroup DAC_Exported_Functions
  89:Drivers/STM32F0xx_HAL_Driver/Src/stm32f0xx_hal_dac_ex.c ****   * @{
ARM GAS  C:\Users\24705\AppData\Local\Temp\ccIr9fa4.s 			page 3


  90:Drivers/STM32F0xx_HAL_Driver/Src/stm32f0xx_hal_dac_ex.c ****   */
  91:Drivers/STM32F0xx_HAL_Driver/Src/stm32f0xx_hal_dac_ex.c **** 
  92:Drivers/STM32F0xx_HAL_Driver/Src/stm32f0xx_hal_dac_ex.c **** /** @addtogroup DAC_Exported_Functions_Group3
  93:Drivers/STM32F0xx_HAL_Driver/Src/stm32f0xx_hal_dac_ex.c ****   * @{
  94:Drivers/STM32F0xx_HAL_Driver/Src/stm32f0xx_hal_dac_ex.c ****   */
  95:Drivers/STM32F0xx_HAL_Driver/Src/stm32f0xx_hal_dac_ex.c **** 
  96:Drivers/STM32F0xx_HAL_Driver/Src/stm32f0xx_hal_dac_ex.c **** #if defined(STM32F071xB) || defined(STM32F072xB) || defined(STM32F078xx) || \
  97:Drivers/STM32F0xx_HAL_Driver/Src/stm32f0xx_hal_dac_ex.c ****     defined(STM32F091xC) || defined(STM32F098xx)
  98:Drivers/STM32F0xx_HAL_Driver/Src/stm32f0xx_hal_dac_ex.c **** 
  99:Drivers/STM32F0xx_HAL_Driver/Src/stm32f0xx_hal_dac_ex.c **** /**
 100:Drivers/STM32F0xx_HAL_Driver/Src/stm32f0xx_hal_dac_ex.c ****   * @brief  Configures the selected DAC channel.
 101:Drivers/STM32F0xx_HAL_Driver/Src/stm32f0xx_hal_dac_ex.c ****   * @param  hdac pointer to a DAC_HandleTypeDef structure that contains
 102:Drivers/STM32F0xx_HAL_Driver/Src/stm32f0xx_hal_dac_ex.c ****   *         the configuration information for the specified DAC.
 103:Drivers/STM32F0xx_HAL_Driver/Src/stm32f0xx_hal_dac_ex.c ****   * @param  sConfig DAC configuration structure.
 104:Drivers/STM32F0xx_HAL_Driver/Src/stm32f0xx_hal_dac_ex.c ****   * @param  Channel The selected DAC channel. 
 105:Drivers/STM32F0xx_HAL_Driver/Src/stm32f0xx_hal_dac_ex.c ****   *          This parameter can be one of the following values:
 106:Drivers/STM32F0xx_HAL_Driver/Src/stm32f0xx_hal_dac_ex.c ****   *            @arg DAC_CHANNEL_1: DAC Channel1 selected
 107:Drivers/STM32F0xx_HAL_Driver/Src/stm32f0xx_hal_dac_ex.c ****   *            @arg DAC_CHANNEL_2: DAC Channel2 selected
 108:Drivers/STM32F0xx_HAL_Driver/Src/stm32f0xx_hal_dac_ex.c ****   * @retval HAL status
 109:Drivers/STM32F0xx_HAL_Driver/Src/stm32f0xx_hal_dac_ex.c ****   */
 110:Drivers/STM32F0xx_HAL_Driver/Src/stm32f0xx_hal_dac_ex.c **** HAL_StatusTypeDef HAL_DAC_ConfigChannel(DAC_HandleTypeDef* hdac, DAC_ChannelConfTypeDef* sConfig, u
 111:Drivers/STM32F0xx_HAL_Driver/Src/stm32f0xx_hal_dac_ex.c **** {
 112:Drivers/STM32F0xx_HAL_Driver/Src/stm32f0xx_hal_dac_ex.c ****   uint32_t tmpreg1 = 0U, tmpreg2 = 0U;
 113:Drivers/STM32F0xx_HAL_Driver/Src/stm32f0xx_hal_dac_ex.c **** 
 114:Drivers/STM32F0xx_HAL_Driver/Src/stm32f0xx_hal_dac_ex.c ****   /* Check the DAC parameters */
 115:Drivers/STM32F0xx_HAL_Driver/Src/stm32f0xx_hal_dac_ex.c ****   assert_param(IS_DAC_TRIGGER(sConfig->DAC_Trigger));
 116:Drivers/STM32F0xx_HAL_Driver/Src/stm32f0xx_hal_dac_ex.c ****   assert_param(IS_DAC_OUTPUT_BUFFER_STATE(sConfig->DAC_OutputBuffer));
 117:Drivers/STM32F0xx_HAL_Driver/Src/stm32f0xx_hal_dac_ex.c ****   assert_param(IS_DAC_TRIGGER(sConfig->DAC_Trigger));
 118:Drivers/STM32F0xx_HAL_Driver/Src/stm32f0xx_hal_dac_ex.c ****   assert_param(IS_DAC_CHANNEL(Channel));
 119:Drivers/STM32F0xx_HAL_Driver/Src/stm32f0xx_hal_dac_ex.c ****   
 120:Drivers/STM32F0xx_HAL_Driver/Src/stm32f0xx_hal_dac_ex.c ****   /* Process locked */
 121:Drivers/STM32F0xx_HAL_Driver/Src/stm32f0xx_hal_dac_ex.c ****   __HAL_LOCK(hdac);
 122:Drivers/STM32F0xx_HAL_Driver/Src/stm32f0xx_hal_dac_ex.c ****   
 123:Drivers/STM32F0xx_HAL_Driver/Src/stm32f0xx_hal_dac_ex.c ****   /* Change DAC state */
 124:Drivers/STM32F0xx_HAL_Driver/Src/stm32f0xx_hal_dac_ex.c ****   hdac->State = HAL_DAC_STATE_BUSY;
 125:Drivers/STM32F0xx_HAL_Driver/Src/stm32f0xx_hal_dac_ex.c ****   
 126:Drivers/STM32F0xx_HAL_Driver/Src/stm32f0xx_hal_dac_ex.c ****   /* Get the DAC CR value */
 127:Drivers/STM32F0xx_HAL_Driver/Src/stm32f0xx_hal_dac_ex.c ****   tmpreg1 = hdac->Instance->CR;
 128:Drivers/STM32F0xx_HAL_Driver/Src/stm32f0xx_hal_dac_ex.c ****   /* Clear BOFFx, TENx, TSELx, WAVEx and MAMPx bits */
 129:Drivers/STM32F0xx_HAL_Driver/Src/stm32f0xx_hal_dac_ex.c ****   tmpreg1 &= ~(((uint32_t)(DAC_CR_MAMP1 | DAC_CR_WAVE1 | DAC_CR_TSEL1 | DAC_CR_TEN1 | DAC_CR_BOFF1)
 130:Drivers/STM32F0xx_HAL_Driver/Src/stm32f0xx_hal_dac_ex.c ****   /* Configure for the selected DAC channel: buffer output, trigger */
 131:Drivers/STM32F0xx_HAL_Driver/Src/stm32f0xx_hal_dac_ex.c ****   /* Set TSELx and TENx bits according to DAC_Trigger value */
 132:Drivers/STM32F0xx_HAL_Driver/Src/stm32f0xx_hal_dac_ex.c ****   /* Set BOFFx bit according to DAC_OutputBuffer value */   
 133:Drivers/STM32F0xx_HAL_Driver/Src/stm32f0xx_hal_dac_ex.c ****   tmpreg2 = (sConfig->DAC_Trigger | sConfig->DAC_OutputBuffer);
 134:Drivers/STM32F0xx_HAL_Driver/Src/stm32f0xx_hal_dac_ex.c ****   /* Calculate CR register value depending on DAC_Channel */
 135:Drivers/STM32F0xx_HAL_Driver/Src/stm32f0xx_hal_dac_ex.c ****   tmpreg1 |= tmpreg2 << Channel;
 136:Drivers/STM32F0xx_HAL_Driver/Src/stm32f0xx_hal_dac_ex.c ****   /* Write to DAC CR */
 137:Drivers/STM32F0xx_HAL_Driver/Src/stm32f0xx_hal_dac_ex.c ****   hdac->Instance->CR = tmpreg1;
 138:Drivers/STM32F0xx_HAL_Driver/Src/stm32f0xx_hal_dac_ex.c ****   
 139:Drivers/STM32F0xx_HAL_Driver/Src/stm32f0xx_hal_dac_ex.c ****   /* Change DAC state */
 140:Drivers/STM32F0xx_HAL_Driver/Src/stm32f0xx_hal_dac_ex.c ****   hdac->State = HAL_DAC_STATE_READY;
 141:Drivers/STM32F0xx_HAL_Driver/Src/stm32f0xx_hal_dac_ex.c ****   
 142:Drivers/STM32F0xx_HAL_Driver/Src/stm32f0xx_hal_dac_ex.c ****   /* Process unlocked */
 143:Drivers/STM32F0xx_HAL_Driver/Src/stm32f0xx_hal_dac_ex.c ****   __HAL_UNLOCK(hdac);
 144:Drivers/STM32F0xx_HAL_Driver/Src/stm32f0xx_hal_dac_ex.c ****   
 145:Drivers/STM32F0xx_HAL_Driver/Src/stm32f0xx_hal_dac_ex.c ****   /* Return function status */
 146:Drivers/STM32F0xx_HAL_Driver/Src/stm32f0xx_hal_dac_ex.c ****   return HAL_OK;
ARM GAS  C:\Users\24705\AppData\Local\Temp\ccIr9fa4.s 			page 4


 147:Drivers/STM32F0xx_HAL_Driver/Src/stm32f0xx_hal_dac_ex.c **** }
 148:Drivers/STM32F0xx_HAL_Driver/Src/stm32f0xx_hal_dac_ex.c **** 
 149:Drivers/STM32F0xx_HAL_Driver/Src/stm32f0xx_hal_dac_ex.c **** #endif /* STM32F071xB STM32F072xB STM32F078xx */
 150:Drivers/STM32F0xx_HAL_Driver/Src/stm32f0xx_hal_dac_ex.c ****        /* STM32F091xC STM32F098xx  */
 151:Drivers/STM32F0xx_HAL_Driver/Src/stm32f0xx_hal_dac_ex.c **** 
 152:Drivers/STM32F0xx_HAL_Driver/Src/stm32f0xx_hal_dac_ex.c **** #if defined (STM32F051x8) || defined (STM32F058xx)
 153:Drivers/STM32F0xx_HAL_Driver/Src/stm32f0xx_hal_dac_ex.c **** 
 154:Drivers/STM32F0xx_HAL_Driver/Src/stm32f0xx_hal_dac_ex.c **** /**
 155:Drivers/STM32F0xx_HAL_Driver/Src/stm32f0xx_hal_dac_ex.c ****   * @brief  Configures the selected DAC channel.
 156:Drivers/STM32F0xx_HAL_Driver/Src/stm32f0xx_hal_dac_ex.c ****   * @param  hdac pointer to a DAC_HandleTypeDef structure that contains
 157:Drivers/STM32F0xx_HAL_Driver/Src/stm32f0xx_hal_dac_ex.c ****   *         the configuration information for the specified DAC.
 158:Drivers/STM32F0xx_HAL_Driver/Src/stm32f0xx_hal_dac_ex.c ****   * @param  sConfig DAC configuration structure.
 159:Drivers/STM32F0xx_HAL_Driver/Src/stm32f0xx_hal_dac_ex.c ****   * @param  Channel The selected DAC channel. 
 160:Drivers/STM32F0xx_HAL_Driver/Src/stm32f0xx_hal_dac_ex.c ****   *          This parameter can be one of the following values:
 161:Drivers/STM32F0xx_HAL_Driver/Src/stm32f0xx_hal_dac_ex.c ****   *            @arg DAC_CHANNEL_1: DAC Channel1 selected
 162:Drivers/STM32F0xx_HAL_Driver/Src/stm32f0xx_hal_dac_ex.c ****   * @retval HAL status
 163:Drivers/STM32F0xx_HAL_Driver/Src/stm32f0xx_hal_dac_ex.c ****   */
 164:Drivers/STM32F0xx_HAL_Driver/Src/stm32f0xx_hal_dac_ex.c **** HAL_StatusTypeDef HAL_DAC_ConfigChannel(DAC_HandleTypeDef* hdac, DAC_ChannelConfTypeDef* sConfig, u
 165:Drivers/STM32F0xx_HAL_Driver/Src/stm32f0xx_hal_dac_ex.c **** {
 166:Drivers/STM32F0xx_HAL_Driver/Src/stm32f0xx_hal_dac_ex.c ****   uint32_t tmpreg1 = 0U, tmpreg2 = 0U;
 167:Drivers/STM32F0xx_HAL_Driver/Src/stm32f0xx_hal_dac_ex.c **** 
 168:Drivers/STM32F0xx_HAL_Driver/Src/stm32f0xx_hal_dac_ex.c ****   /* Check the DAC parameters */
 169:Drivers/STM32F0xx_HAL_Driver/Src/stm32f0xx_hal_dac_ex.c ****   assert_param(IS_DAC_TRIGGER(sConfig->DAC_Trigger));
 170:Drivers/STM32F0xx_HAL_Driver/Src/stm32f0xx_hal_dac_ex.c ****   assert_param(IS_DAC_OUTPUT_BUFFER_STATE(sConfig->DAC_OutputBuffer));
 171:Drivers/STM32F0xx_HAL_Driver/Src/stm32f0xx_hal_dac_ex.c ****   assert_param(IS_DAC_TRIGGER(sConfig->DAC_Trigger));
 172:Drivers/STM32F0xx_HAL_Driver/Src/stm32f0xx_hal_dac_ex.c ****   assert_param(IS_DAC_CHANNEL(Channel));
 173:Drivers/STM32F0xx_HAL_Driver/Src/stm32f0xx_hal_dac_ex.c ****   
 174:Drivers/STM32F0xx_HAL_Driver/Src/stm32f0xx_hal_dac_ex.c ****   /* Process locked */
 175:Drivers/STM32F0xx_HAL_Driver/Src/stm32f0xx_hal_dac_ex.c ****   __HAL_LOCK(hdac);
 176:Drivers/STM32F0xx_HAL_Driver/Src/stm32f0xx_hal_dac_ex.c ****   
 177:Drivers/STM32F0xx_HAL_Driver/Src/stm32f0xx_hal_dac_ex.c ****   /* Change DAC state */
 178:Drivers/STM32F0xx_HAL_Driver/Src/stm32f0xx_hal_dac_ex.c ****   hdac->State = HAL_DAC_STATE_BUSY;
 179:Drivers/STM32F0xx_HAL_Driver/Src/stm32f0xx_hal_dac_ex.c ****   
 180:Drivers/STM32F0xx_HAL_Driver/Src/stm32f0xx_hal_dac_ex.c ****   /* Get the DAC CR value */
 181:Drivers/STM32F0xx_HAL_Driver/Src/stm32f0xx_hal_dac_ex.c ****   tmpreg1 = hdac->Instance->CR;
 182:Drivers/STM32F0xx_HAL_Driver/Src/stm32f0xx_hal_dac_ex.c ****   /* Clear BOFFx, TENx, TSELx, WAVEx and MAMPx bits */
 183:Drivers/STM32F0xx_HAL_Driver/Src/stm32f0xx_hal_dac_ex.c ****   tmpreg1 &= ~(((uint32_t)(DAC_CR_TSEL1 | DAC_CR_TEN1 | DAC_CR_BOFF1)) << Channel); 
 184:Drivers/STM32F0xx_HAL_Driver/Src/stm32f0xx_hal_dac_ex.c ****   /* Configure for the selected DAC channel: buffer output, trigger */
 185:Drivers/STM32F0xx_HAL_Driver/Src/stm32f0xx_hal_dac_ex.c ****   /* Set TSELx and TENx bits according to DAC_Trigger value */
 186:Drivers/STM32F0xx_HAL_Driver/Src/stm32f0xx_hal_dac_ex.c ****   /* Set BOFFx bit according to DAC_OutputBuffer value */   
 187:Drivers/STM32F0xx_HAL_Driver/Src/stm32f0xx_hal_dac_ex.c ****   tmpreg2 = (sConfig->DAC_Trigger | sConfig->DAC_OutputBuffer);
 188:Drivers/STM32F0xx_HAL_Driver/Src/stm32f0xx_hal_dac_ex.c ****   /* Calculate CR register value depending on DAC_Channel */
 189:Drivers/STM32F0xx_HAL_Driver/Src/stm32f0xx_hal_dac_ex.c ****   tmpreg1 |= tmpreg2 << Channel;
 190:Drivers/STM32F0xx_HAL_Driver/Src/stm32f0xx_hal_dac_ex.c ****   /* Write to DAC CR */
 191:Drivers/STM32F0xx_HAL_Driver/Src/stm32f0xx_hal_dac_ex.c ****   hdac->Instance->CR = tmpreg1;
 192:Drivers/STM32F0xx_HAL_Driver/Src/stm32f0xx_hal_dac_ex.c ****   
 193:Drivers/STM32F0xx_HAL_Driver/Src/stm32f0xx_hal_dac_ex.c ****   /* Change DAC state */
 194:Drivers/STM32F0xx_HAL_Driver/Src/stm32f0xx_hal_dac_ex.c ****   hdac->State = HAL_DAC_STATE_READY;
 195:Drivers/STM32F0xx_HAL_Driver/Src/stm32f0xx_hal_dac_ex.c ****   
 196:Drivers/STM32F0xx_HAL_Driver/Src/stm32f0xx_hal_dac_ex.c ****   /* Process unlocked */
 197:Drivers/STM32F0xx_HAL_Driver/Src/stm32f0xx_hal_dac_ex.c ****   __HAL_UNLOCK(hdac);
 198:Drivers/STM32F0xx_HAL_Driver/Src/stm32f0xx_hal_dac_ex.c ****   
 199:Drivers/STM32F0xx_HAL_Driver/Src/stm32f0xx_hal_dac_ex.c ****   /* Return function status */
 200:Drivers/STM32F0xx_HAL_Driver/Src/stm32f0xx_hal_dac_ex.c ****   return HAL_OK;
 201:Drivers/STM32F0xx_HAL_Driver/Src/stm32f0xx_hal_dac_ex.c **** }
 202:Drivers/STM32F0xx_HAL_Driver/Src/stm32f0xx_hal_dac_ex.c **** 
 203:Drivers/STM32F0xx_HAL_Driver/Src/stm32f0xx_hal_dac_ex.c **** #endif /* STM32F051x8 STM32F058xx */
ARM GAS  C:\Users\24705\AppData\Local\Temp\ccIr9fa4.s 			page 5


 204:Drivers/STM32F0xx_HAL_Driver/Src/stm32f0xx_hal_dac_ex.c **** 
 205:Drivers/STM32F0xx_HAL_Driver/Src/stm32f0xx_hal_dac_ex.c **** #if defined(STM32F071xB) || defined(STM32F072xB) || defined(STM32F078xx) || \
 206:Drivers/STM32F0xx_HAL_Driver/Src/stm32f0xx_hal_dac_ex.c ****     defined(STM32F091xC) || defined(STM32F098xx)
 207:Drivers/STM32F0xx_HAL_Driver/Src/stm32f0xx_hal_dac_ex.c **** /* DAC 1 has 2 channels 1 & 2 */
 208:Drivers/STM32F0xx_HAL_Driver/Src/stm32f0xx_hal_dac_ex.c **** 
 209:Drivers/STM32F0xx_HAL_Driver/Src/stm32f0xx_hal_dac_ex.c **** /**
 210:Drivers/STM32F0xx_HAL_Driver/Src/stm32f0xx_hal_dac_ex.c ****   * @brief  Returns the last data output value of the selected DAC channel.
 211:Drivers/STM32F0xx_HAL_Driver/Src/stm32f0xx_hal_dac_ex.c ****   * @param  hdac pointer to a DAC_HandleTypeDef structure that contains
 212:Drivers/STM32F0xx_HAL_Driver/Src/stm32f0xx_hal_dac_ex.c ****   *         the configuration information for the specified DAC.
 213:Drivers/STM32F0xx_HAL_Driver/Src/stm32f0xx_hal_dac_ex.c ****   * @param  Channel The selected DAC channel. 
 214:Drivers/STM32F0xx_HAL_Driver/Src/stm32f0xx_hal_dac_ex.c ****   *          This parameter can be one of the following values:
 215:Drivers/STM32F0xx_HAL_Driver/Src/stm32f0xx_hal_dac_ex.c ****   *            @arg DAC_CHANNEL_1: DAC Channel1 selected
 216:Drivers/STM32F0xx_HAL_Driver/Src/stm32f0xx_hal_dac_ex.c ****   *            @arg DAC_CHANNEL_2: DAC Channel2 selected
 217:Drivers/STM32F0xx_HAL_Driver/Src/stm32f0xx_hal_dac_ex.c ****   * @retval The selected DAC channel data output value.
 218:Drivers/STM32F0xx_HAL_Driver/Src/stm32f0xx_hal_dac_ex.c ****   */
 219:Drivers/STM32F0xx_HAL_Driver/Src/stm32f0xx_hal_dac_ex.c **** uint32_t HAL_DAC_GetValue(DAC_HandleTypeDef* hdac, uint32_t Channel)
 220:Drivers/STM32F0xx_HAL_Driver/Src/stm32f0xx_hal_dac_ex.c **** {
 221:Drivers/STM32F0xx_HAL_Driver/Src/stm32f0xx_hal_dac_ex.c ****   /* Check the parameters */
 222:Drivers/STM32F0xx_HAL_Driver/Src/stm32f0xx_hal_dac_ex.c ****   assert_param(IS_DAC_CHANNEL(Channel));
 223:Drivers/STM32F0xx_HAL_Driver/Src/stm32f0xx_hal_dac_ex.c ****   
 224:Drivers/STM32F0xx_HAL_Driver/Src/stm32f0xx_hal_dac_ex.c ****   /* Returns the DAC channel data output register value */
 225:Drivers/STM32F0xx_HAL_Driver/Src/stm32f0xx_hal_dac_ex.c ****   if(Channel == DAC_CHANNEL_1)
 226:Drivers/STM32F0xx_HAL_Driver/Src/stm32f0xx_hal_dac_ex.c ****   {
 227:Drivers/STM32F0xx_HAL_Driver/Src/stm32f0xx_hal_dac_ex.c ****     return hdac->Instance->DOR1;
 228:Drivers/STM32F0xx_HAL_Driver/Src/stm32f0xx_hal_dac_ex.c ****   }
 229:Drivers/STM32F0xx_HAL_Driver/Src/stm32f0xx_hal_dac_ex.c ****   else
 230:Drivers/STM32F0xx_HAL_Driver/Src/stm32f0xx_hal_dac_ex.c ****   {
 231:Drivers/STM32F0xx_HAL_Driver/Src/stm32f0xx_hal_dac_ex.c ****     return hdac->Instance->DOR2;
 232:Drivers/STM32F0xx_HAL_Driver/Src/stm32f0xx_hal_dac_ex.c ****   }
 233:Drivers/STM32F0xx_HAL_Driver/Src/stm32f0xx_hal_dac_ex.c **** }
 234:Drivers/STM32F0xx_HAL_Driver/Src/stm32f0xx_hal_dac_ex.c **** 
 235:Drivers/STM32F0xx_HAL_Driver/Src/stm32f0xx_hal_dac_ex.c **** #endif /* STM32F071xB  STM32F072xB  STM32F078xx */
 236:Drivers/STM32F0xx_HAL_Driver/Src/stm32f0xx_hal_dac_ex.c ****        /* STM32F091xC  STM32F098xx */
 237:Drivers/STM32F0xx_HAL_Driver/Src/stm32f0xx_hal_dac_ex.c ****   
 238:Drivers/STM32F0xx_HAL_Driver/Src/stm32f0xx_hal_dac_ex.c **** #if defined (STM32F051x8) || defined (STM32F058xx)
 239:Drivers/STM32F0xx_HAL_Driver/Src/stm32f0xx_hal_dac_ex.c **** 
 240:Drivers/STM32F0xx_HAL_Driver/Src/stm32f0xx_hal_dac_ex.c **** /* DAC 1 has 1 channels  */
 241:Drivers/STM32F0xx_HAL_Driver/Src/stm32f0xx_hal_dac_ex.c **** 
 242:Drivers/STM32F0xx_HAL_Driver/Src/stm32f0xx_hal_dac_ex.c **** /**
 243:Drivers/STM32F0xx_HAL_Driver/Src/stm32f0xx_hal_dac_ex.c ****   * @brief  Returns the last data output value of the selected DAC channel.
 244:Drivers/STM32F0xx_HAL_Driver/Src/stm32f0xx_hal_dac_ex.c ****   * @param  hdac pointer to a DAC_HandleTypeDef structure that contains
 245:Drivers/STM32F0xx_HAL_Driver/Src/stm32f0xx_hal_dac_ex.c ****   *         the configuration information for the specified DAC.
 246:Drivers/STM32F0xx_HAL_Driver/Src/stm32f0xx_hal_dac_ex.c ****   * @param  Channel The selected DAC channel. 
 247:Drivers/STM32F0xx_HAL_Driver/Src/stm32f0xx_hal_dac_ex.c ****   *          This parameter can be one of the following values:
 248:Drivers/STM32F0xx_HAL_Driver/Src/stm32f0xx_hal_dac_ex.c ****   *            @arg DAC_CHANNEL_1: DAC Channel1 selected
 249:Drivers/STM32F0xx_HAL_Driver/Src/stm32f0xx_hal_dac_ex.c ****     * @retval The selected DAC channel data output value.
 250:Drivers/STM32F0xx_HAL_Driver/Src/stm32f0xx_hal_dac_ex.c ****   */
 251:Drivers/STM32F0xx_HAL_Driver/Src/stm32f0xx_hal_dac_ex.c **** uint32_t HAL_DAC_GetValue(DAC_HandleTypeDef* hdac, uint32_t Channel)
 252:Drivers/STM32F0xx_HAL_Driver/Src/stm32f0xx_hal_dac_ex.c **** {
 253:Drivers/STM32F0xx_HAL_Driver/Src/stm32f0xx_hal_dac_ex.c ****   /* Check the parameters */
 254:Drivers/STM32F0xx_HAL_Driver/Src/stm32f0xx_hal_dac_ex.c ****   assert_param(IS_DAC_CHANNEL(Channel));
 255:Drivers/STM32F0xx_HAL_Driver/Src/stm32f0xx_hal_dac_ex.c ****   
 256:Drivers/STM32F0xx_HAL_Driver/Src/stm32f0xx_hal_dac_ex.c ****   /* Returns the DAC channel data output register value */
 257:Drivers/STM32F0xx_HAL_Driver/Src/stm32f0xx_hal_dac_ex.c ****   return hdac->Instance->DOR1;
 258:Drivers/STM32F0xx_HAL_Driver/Src/stm32f0xx_hal_dac_ex.c **** }
 259:Drivers/STM32F0xx_HAL_Driver/Src/stm32f0xx_hal_dac_ex.c **** 
 260:Drivers/STM32F0xx_HAL_Driver/Src/stm32f0xx_hal_dac_ex.c **** 
ARM GAS  C:\Users\24705\AppData\Local\Temp\ccIr9fa4.s 			page 6


 261:Drivers/STM32F0xx_HAL_Driver/Src/stm32f0xx_hal_dac_ex.c **** 
 262:Drivers/STM32F0xx_HAL_Driver/Src/stm32f0xx_hal_dac_ex.c **** #endif /* STM32F051x8 STM32F058xx */
 263:Drivers/STM32F0xx_HAL_Driver/Src/stm32f0xx_hal_dac_ex.c **** 
 264:Drivers/STM32F0xx_HAL_Driver/Src/stm32f0xx_hal_dac_ex.c **** /**
 265:Drivers/STM32F0xx_HAL_Driver/Src/stm32f0xx_hal_dac_ex.c ****   * @}
 266:Drivers/STM32F0xx_HAL_Driver/Src/stm32f0xx_hal_dac_ex.c ****   */
 267:Drivers/STM32F0xx_HAL_Driver/Src/stm32f0xx_hal_dac_ex.c **** 
 268:Drivers/STM32F0xx_HAL_Driver/Src/stm32f0xx_hal_dac_ex.c **** /** @addtogroup DAC_Exported_Functions_Group2
 269:Drivers/STM32F0xx_HAL_Driver/Src/stm32f0xx_hal_dac_ex.c ****   * @{
 270:Drivers/STM32F0xx_HAL_Driver/Src/stm32f0xx_hal_dac_ex.c ****   */
 271:Drivers/STM32F0xx_HAL_Driver/Src/stm32f0xx_hal_dac_ex.c **** 
 272:Drivers/STM32F0xx_HAL_Driver/Src/stm32f0xx_hal_dac_ex.c **** #if defined(STM32F071xB) || defined(STM32F072xB) || defined(STM32F078xx) || \
 273:Drivers/STM32F0xx_HAL_Driver/Src/stm32f0xx_hal_dac_ex.c ****     defined(STM32F091xC) || defined(STM32F098xx)
 274:Drivers/STM32F0xx_HAL_Driver/Src/stm32f0xx_hal_dac_ex.c **** 
 275:Drivers/STM32F0xx_HAL_Driver/Src/stm32f0xx_hal_dac_ex.c **** /**
 276:Drivers/STM32F0xx_HAL_Driver/Src/stm32f0xx_hal_dac_ex.c ****   * @brief  Enables DAC and starts conversion of channel.
 277:Drivers/STM32F0xx_HAL_Driver/Src/stm32f0xx_hal_dac_ex.c ****   * @param  hdac pointer to a DAC_HandleTypeDef structure that contains
 278:Drivers/STM32F0xx_HAL_Driver/Src/stm32f0xx_hal_dac_ex.c ****   *         the configuration information for the specified DAC.
 279:Drivers/STM32F0xx_HAL_Driver/Src/stm32f0xx_hal_dac_ex.c ****   * @param  Channel The selected DAC channel. 
 280:Drivers/STM32F0xx_HAL_Driver/Src/stm32f0xx_hal_dac_ex.c ****   *          This parameter can be one of the following values:
 281:Drivers/STM32F0xx_HAL_Driver/Src/stm32f0xx_hal_dac_ex.c ****   *            @arg DAC_CHANNEL_1: DAC Channel1 selected
 282:Drivers/STM32F0xx_HAL_Driver/Src/stm32f0xx_hal_dac_ex.c ****   *            @arg DAC_CHANNEL_2: DAC Channel2 selected
 283:Drivers/STM32F0xx_HAL_Driver/Src/stm32f0xx_hal_dac_ex.c ****   * @retval HAL status
 284:Drivers/STM32F0xx_HAL_Driver/Src/stm32f0xx_hal_dac_ex.c ****   */
 285:Drivers/STM32F0xx_HAL_Driver/Src/stm32f0xx_hal_dac_ex.c **** HAL_StatusTypeDef HAL_DAC_Start(DAC_HandleTypeDef* hdac, uint32_t Channel)
 286:Drivers/STM32F0xx_HAL_Driver/Src/stm32f0xx_hal_dac_ex.c **** {
 287:Drivers/STM32F0xx_HAL_Driver/Src/stm32f0xx_hal_dac_ex.c ****   /* Check the parameters */
 288:Drivers/STM32F0xx_HAL_Driver/Src/stm32f0xx_hal_dac_ex.c ****   assert_param(IS_DAC_CHANNEL(Channel));
 289:Drivers/STM32F0xx_HAL_Driver/Src/stm32f0xx_hal_dac_ex.c ****   
 290:Drivers/STM32F0xx_HAL_Driver/Src/stm32f0xx_hal_dac_ex.c ****   /* Process locked */
 291:Drivers/STM32F0xx_HAL_Driver/Src/stm32f0xx_hal_dac_ex.c ****   __HAL_LOCK(hdac);
 292:Drivers/STM32F0xx_HAL_Driver/Src/stm32f0xx_hal_dac_ex.c ****   
 293:Drivers/STM32F0xx_HAL_Driver/Src/stm32f0xx_hal_dac_ex.c ****   /* Change DAC state */
 294:Drivers/STM32F0xx_HAL_Driver/Src/stm32f0xx_hal_dac_ex.c ****   hdac->State = HAL_DAC_STATE_BUSY;
 295:Drivers/STM32F0xx_HAL_Driver/Src/stm32f0xx_hal_dac_ex.c ****   
 296:Drivers/STM32F0xx_HAL_Driver/Src/stm32f0xx_hal_dac_ex.c ****   /* Enable the Peripharal */
 297:Drivers/STM32F0xx_HAL_Driver/Src/stm32f0xx_hal_dac_ex.c ****   __HAL_DAC_ENABLE(hdac, Channel);
 298:Drivers/STM32F0xx_HAL_Driver/Src/stm32f0xx_hal_dac_ex.c ****   
 299:Drivers/STM32F0xx_HAL_Driver/Src/stm32f0xx_hal_dac_ex.c ****   if(Channel == DAC_CHANNEL_1)
 300:Drivers/STM32F0xx_HAL_Driver/Src/stm32f0xx_hal_dac_ex.c ****   {
 301:Drivers/STM32F0xx_HAL_Driver/Src/stm32f0xx_hal_dac_ex.c ****     /* Check if software trigger enabled */
 302:Drivers/STM32F0xx_HAL_Driver/Src/stm32f0xx_hal_dac_ex.c ****     if((hdac->Instance->CR & (DAC_CR_TEN1 | DAC_CR_TSEL1)) == (DAC_CR_TEN1 | DAC_CR_TSEL1))
 303:Drivers/STM32F0xx_HAL_Driver/Src/stm32f0xx_hal_dac_ex.c ****     {
 304:Drivers/STM32F0xx_HAL_Driver/Src/stm32f0xx_hal_dac_ex.c ****       /* Enable the selected DAC software conversion */
 305:Drivers/STM32F0xx_HAL_Driver/Src/stm32f0xx_hal_dac_ex.c ****       SET_BIT(hdac->Instance->SWTRIGR, DAC_SWTRIGR_SWTRIG1);
 306:Drivers/STM32F0xx_HAL_Driver/Src/stm32f0xx_hal_dac_ex.c ****     }
 307:Drivers/STM32F0xx_HAL_Driver/Src/stm32f0xx_hal_dac_ex.c ****   }
 308:Drivers/STM32F0xx_HAL_Driver/Src/stm32f0xx_hal_dac_ex.c ****   else
 309:Drivers/STM32F0xx_HAL_Driver/Src/stm32f0xx_hal_dac_ex.c ****   {
 310:Drivers/STM32F0xx_HAL_Driver/Src/stm32f0xx_hal_dac_ex.c ****     /* Check if software trigger enabled */
 311:Drivers/STM32F0xx_HAL_Driver/Src/stm32f0xx_hal_dac_ex.c ****     if((hdac->Instance->CR & (DAC_CR_TEN2 | DAC_CR_TSEL2)) == (DAC_CR_TEN2 | DAC_CR_TSEL2))
 312:Drivers/STM32F0xx_HAL_Driver/Src/stm32f0xx_hal_dac_ex.c ****     {
 313:Drivers/STM32F0xx_HAL_Driver/Src/stm32f0xx_hal_dac_ex.c ****       /* Enable the selected DAC software conversion*/
 314:Drivers/STM32F0xx_HAL_Driver/Src/stm32f0xx_hal_dac_ex.c ****       SET_BIT(hdac->Instance->SWTRIGR, DAC_SWTRIGR_SWTRIG2);
 315:Drivers/STM32F0xx_HAL_Driver/Src/stm32f0xx_hal_dac_ex.c ****     }
 316:Drivers/STM32F0xx_HAL_Driver/Src/stm32f0xx_hal_dac_ex.c ****   }
 317:Drivers/STM32F0xx_HAL_Driver/Src/stm32f0xx_hal_dac_ex.c ****   
ARM GAS  C:\Users\24705\AppData\Local\Temp\ccIr9fa4.s 			page 7


 318:Drivers/STM32F0xx_HAL_Driver/Src/stm32f0xx_hal_dac_ex.c ****   /* Change DAC state */
 319:Drivers/STM32F0xx_HAL_Driver/Src/stm32f0xx_hal_dac_ex.c ****   hdac->State = HAL_DAC_STATE_READY;
 320:Drivers/STM32F0xx_HAL_Driver/Src/stm32f0xx_hal_dac_ex.c ****   
 321:Drivers/STM32F0xx_HAL_Driver/Src/stm32f0xx_hal_dac_ex.c ****   /* Process unlocked */
 322:Drivers/STM32F0xx_HAL_Driver/Src/stm32f0xx_hal_dac_ex.c ****   __HAL_UNLOCK(hdac);
 323:Drivers/STM32F0xx_HAL_Driver/Src/stm32f0xx_hal_dac_ex.c ****     
 324:Drivers/STM32F0xx_HAL_Driver/Src/stm32f0xx_hal_dac_ex.c ****   /* Return function status */
 325:Drivers/STM32F0xx_HAL_Driver/Src/stm32f0xx_hal_dac_ex.c ****   return HAL_OK;
 326:Drivers/STM32F0xx_HAL_Driver/Src/stm32f0xx_hal_dac_ex.c **** }
 327:Drivers/STM32F0xx_HAL_Driver/Src/stm32f0xx_hal_dac_ex.c **** 
 328:Drivers/STM32F0xx_HAL_Driver/Src/stm32f0xx_hal_dac_ex.c **** /**
 329:Drivers/STM32F0xx_HAL_Driver/Src/stm32f0xx_hal_dac_ex.c ****   * @brief  Enables DAC and starts conversion of channel.
 330:Drivers/STM32F0xx_HAL_Driver/Src/stm32f0xx_hal_dac_ex.c ****   * @param  hdac pointer to a DAC_HandleTypeDef structure that contains
 331:Drivers/STM32F0xx_HAL_Driver/Src/stm32f0xx_hal_dac_ex.c ****   *         the configuration information for the specified DAC.
 332:Drivers/STM32F0xx_HAL_Driver/Src/stm32f0xx_hal_dac_ex.c ****   * @param  Channel The selected DAC channel. 
 333:Drivers/STM32F0xx_HAL_Driver/Src/stm32f0xx_hal_dac_ex.c ****   *          This parameter can be one of the following values:
 334:Drivers/STM32F0xx_HAL_Driver/Src/stm32f0xx_hal_dac_ex.c ****   *            @arg DAC_CHANNEL_1: DAC Channel1 selected
 335:Drivers/STM32F0xx_HAL_Driver/Src/stm32f0xx_hal_dac_ex.c ****   *            @arg DAC_CHANNEL_2: DAC Channel2 selected
 336:Drivers/STM32F0xx_HAL_Driver/Src/stm32f0xx_hal_dac_ex.c ****   * @param  pData The destination peripheral Buffer address.
 337:Drivers/STM32F0xx_HAL_Driver/Src/stm32f0xx_hal_dac_ex.c ****   * @param  Length The length of data to be transferred from memory to DAC peripheral
 338:Drivers/STM32F0xx_HAL_Driver/Src/stm32f0xx_hal_dac_ex.c ****   * @param  Alignment Specifies the data alignment for DAC channel.
 339:Drivers/STM32F0xx_HAL_Driver/Src/stm32f0xx_hal_dac_ex.c ****   *          This parameter can be one of the following values:
 340:Drivers/STM32F0xx_HAL_Driver/Src/stm32f0xx_hal_dac_ex.c ****   *            @arg DAC_ALIGN_8B_R: 8bit right data alignment selected
 341:Drivers/STM32F0xx_HAL_Driver/Src/stm32f0xx_hal_dac_ex.c ****   *            @arg DAC_ALIGN_12B_L: 12bit left data alignment selected
 342:Drivers/STM32F0xx_HAL_Driver/Src/stm32f0xx_hal_dac_ex.c ****   *            @arg DAC_ALIGN_12B_R: 12bit right data alignment selected
 343:Drivers/STM32F0xx_HAL_Driver/Src/stm32f0xx_hal_dac_ex.c ****   * @retval HAL status
 344:Drivers/STM32F0xx_HAL_Driver/Src/stm32f0xx_hal_dac_ex.c ****   */
 345:Drivers/STM32F0xx_HAL_Driver/Src/stm32f0xx_hal_dac_ex.c **** HAL_StatusTypeDef HAL_DAC_Start_DMA(DAC_HandleTypeDef* hdac, uint32_t Channel, uint32_t* pData, uin
 346:Drivers/STM32F0xx_HAL_Driver/Src/stm32f0xx_hal_dac_ex.c **** {
 347:Drivers/STM32F0xx_HAL_Driver/Src/stm32f0xx_hal_dac_ex.c ****   uint32_t tmpreg = 0U;
 348:Drivers/STM32F0xx_HAL_Driver/Src/stm32f0xx_hal_dac_ex.c ****     
 349:Drivers/STM32F0xx_HAL_Driver/Src/stm32f0xx_hal_dac_ex.c ****   /* Check the parameters */
 350:Drivers/STM32F0xx_HAL_Driver/Src/stm32f0xx_hal_dac_ex.c ****   assert_param(IS_DAC_CHANNEL(Channel));
 351:Drivers/STM32F0xx_HAL_Driver/Src/stm32f0xx_hal_dac_ex.c ****   assert_param(IS_DAC_ALIGN(Alignment));
 352:Drivers/STM32F0xx_HAL_Driver/Src/stm32f0xx_hal_dac_ex.c ****   
 353:Drivers/STM32F0xx_HAL_Driver/Src/stm32f0xx_hal_dac_ex.c ****   /* Process locked */
 354:Drivers/STM32F0xx_HAL_Driver/Src/stm32f0xx_hal_dac_ex.c ****   __HAL_LOCK(hdac);
 355:Drivers/STM32F0xx_HAL_Driver/Src/stm32f0xx_hal_dac_ex.c ****   
 356:Drivers/STM32F0xx_HAL_Driver/Src/stm32f0xx_hal_dac_ex.c ****   /* Change DAC state */
 357:Drivers/STM32F0xx_HAL_Driver/Src/stm32f0xx_hal_dac_ex.c ****   hdac->State = HAL_DAC_STATE_BUSY;
 358:Drivers/STM32F0xx_HAL_Driver/Src/stm32f0xx_hal_dac_ex.c ****   
 359:Drivers/STM32F0xx_HAL_Driver/Src/stm32f0xx_hal_dac_ex.c ****   if(Channel == DAC_CHANNEL_1)
 360:Drivers/STM32F0xx_HAL_Driver/Src/stm32f0xx_hal_dac_ex.c ****   {
 361:Drivers/STM32F0xx_HAL_Driver/Src/stm32f0xx_hal_dac_ex.c ****     /* Set the DMA transfer complete callback for channel1 */
 362:Drivers/STM32F0xx_HAL_Driver/Src/stm32f0xx_hal_dac_ex.c ****     hdac->DMA_Handle1->XferCpltCallback = DAC_DMAConvCpltCh1;
 363:Drivers/STM32F0xx_HAL_Driver/Src/stm32f0xx_hal_dac_ex.c ****     
 364:Drivers/STM32F0xx_HAL_Driver/Src/stm32f0xx_hal_dac_ex.c ****     /* Set the DMA half transfer complete callback for channel1 */
 365:Drivers/STM32F0xx_HAL_Driver/Src/stm32f0xx_hal_dac_ex.c ****     hdac->DMA_Handle1->XferHalfCpltCallback = DAC_DMAHalfConvCpltCh1;
 366:Drivers/STM32F0xx_HAL_Driver/Src/stm32f0xx_hal_dac_ex.c ****        
 367:Drivers/STM32F0xx_HAL_Driver/Src/stm32f0xx_hal_dac_ex.c ****     /* Set the DMA error callback for channel1 */
 368:Drivers/STM32F0xx_HAL_Driver/Src/stm32f0xx_hal_dac_ex.c ****     hdac->DMA_Handle1->XferErrorCallback = DAC_DMAErrorCh1;
 369:Drivers/STM32F0xx_HAL_Driver/Src/stm32f0xx_hal_dac_ex.c ****     
 370:Drivers/STM32F0xx_HAL_Driver/Src/stm32f0xx_hal_dac_ex.c ****     /* Enable the selected DAC channel1 DMA request */
 371:Drivers/STM32F0xx_HAL_Driver/Src/stm32f0xx_hal_dac_ex.c ****     SET_BIT(hdac->Instance->CR, DAC_CR_DMAEN1);
 372:Drivers/STM32F0xx_HAL_Driver/Src/stm32f0xx_hal_dac_ex.c ****     
 373:Drivers/STM32F0xx_HAL_Driver/Src/stm32f0xx_hal_dac_ex.c ****     /* Case of use of channel 1 */
 374:Drivers/STM32F0xx_HAL_Driver/Src/stm32f0xx_hal_dac_ex.c ****     switch(Alignment)
ARM GAS  C:\Users\24705\AppData\Local\Temp\ccIr9fa4.s 			page 8


 375:Drivers/STM32F0xx_HAL_Driver/Src/stm32f0xx_hal_dac_ex.c ****     {
 376:Drivers/STM32F0xx_HAL_Driver/Src/stm32f0xx_hal_dac_ex.c ****       case DAC_ALIGN_12B_R:
 377:Drivers/STM32F0xx_HAL_Driver/Src/stm32f0xx_hal_dac_ex.c ****         /* Get DHR12R1 address */
 378:Drivers/STM32F0xx_HAL_Driver/Src/stm32f0xx_hal_dac_ex.c ****         tmpreg = (uint32_t)&hdac->Instance->DHR12R1;
 379:Drivers/STM32F0xx_HAL_Driver/Src/stm32f0xx_hal_dac_ex.c ****         break;
 380:Drivers/STM32F0xx_HAL_Driver/Src/stm32f0xx_hal_dac_ex.c ****       case DAC_ALIGN_12B_L:
 381:Drivers/STM32F0xx_HAL_Driver/Src/stm32f0xx_hal_dac_ex.c ****         /* Get DHR12L1 address */
 382:Drivers/STM32F0xx_HAL_Driver/Src/stm32f0xx_hal_dac_ex.c ****         tmpreg = (uint32_t)&hdac->Instance->DHR12L1;
 383:Drivers/STM32F0xx_HAL_Driver/Src/stm32f0xx_hal_dac_ex.c ****         break;
 384:Drivers/STM32F0xx_HAL_Driver/Src/stm32f0xx_hal_dac_ex.c ****       case DAC_ALIGN_8B_R:
 385:Drivers/STM32F0xx_HAL_Driver/Src/stm32f0xx_hal_dac_ex.c ****         /* Get DHR8R1 address */
 386:Drivers/STM32F0xx_HAL_Driver/Src/stm32f0xx_hal_dac_ex.c ****         tmpreg = (uint32_t)&hdac->Instance->DHR8R1;
 387:Drivers/STM32F0xx_HAL_Driver/Src/stm32f0xx_hal_dac_ex.c ****         break;
 388:Drivers/STM32F0xx_HAL_Driver/Src/stm32f0xx_hal_dac_ex.c ****       default:
 389:Drivers/STM32F0xx_HAL_Driver/Src/stm32f0xx_hal_dac_ex.c ****         break;
 390:Drivers/STM32F0xx_HAL_Driver/Src/stm32f0xx_hal_dac_ex.c ****     }
 391:Drivers/STM32F0xx_HAL_Driver/Src/stm32f0xx_hal_dac_ex.c ****   }
 392:Drivers/STM32F0xx_HAL_Driver/Src/stm32f0xx_hal_dac_ex.c ****   else
 393:Drivers/STM32F0xx_HAL_Driver/Src/stm32f0xx_hal_dac_ex.c ****   {
 394:Drivers/STM32F0xx_HAL_Driver/Src/stm32f0xx_hal_dac_ex.c ****     /* Set the DMA transfer complete callback for channel2 */
 395:Drivers/STM32F0xx_HAL_Driver/Src/stm32f0xx_hal_dac_ex.c ****     hdac->DMA_Handle2->XferCpltCallback = DAC_DMAConvCpltCh2;
 396:Drivers/STM32F0xx_HAL_Driver/Src/stm32f0xx_hal_dac_ex.c ****     
 397:Drivers/STM32F0xx_HAL_Driver/Src/stm32f0xx_hal_dac_ex.c ****     /* Set the DMA half transfer complete callback for channel2 */
 398:Drivers/STM32F0xx_HAL_Driver/Src/stm32f0xx_hal_dac_ex.c ****     hdac->DMA_Handle2->XferHalfCpltCallback = DAC_DMAHalfConvCpltCh2;
 399:Drivers/STM32F0xx_HAL_Driver/Src/stm32f0xx_hal_dac_ex.c ****        
 400:Drivers/STM32F0xx_HAL_Driver/Src/stm32f0xx_hal_dac_ex.c ****     /* Set the DMA error callback for channel2 */
 401:Drivers/STM32F0xx_HAL_Driver/Src/stm32f0xx_hal_dac_ex.c ****     hdac->DMA_Handle2->XferErrorCallback = DAC_DMAErrorCh2;
 402:Drivers/STM32F0xx_HAL_Driver/Src/stm32f0xx_hal_dac_ex.c ****     
 403:Drivers/STM32F0xx_HAL_Driver/Src/stm32f0xx_hal_dac_ex.c ****     /* Enable the selected DAC channel2 DMA request */
 404:Drivers/STM32F0xx_HAL_Driver/Src/stm32f0xx_hal_dac_ex.c ****     SET_BIT(hdac->Instance->CR, DAC_CR_DMAEN2);
 405:Drivers/STM32F0xx_HAL_Driver/Src/stm32f0xx_hal_dac_ex.c ****     
 406:Drivers/STM32F0xx_HAL_Driver/Src/stm32f0xx_hal_dac_ex.c ****     /* Case of use of channel 2 */
 407:Drivers/STM32F0xx_HAL_Driver/Src/stm32f0xx_hal_dac_ex.c ****     switch(Alignment)
 408:Drivers/STM32F0xx_HAL_Driver/Src/stm32f0xx_hal_dac_ex.c ****     {
 409:Drivers/STM32F0xx_HAL_Driver/Src/stm32f0xx_hal_dac_ex.c ****       case DAC_ALIGN_12B_R:
 410:Drivers/STM32F0xx_HAL_Driver/Src/stm32f0xx_hal_dac_ex.c ****         /* Get DHR12R2 address */
 411:Drivers/STM32F0xx_HAL_Driver/Src/stm32f0xx_hal_dac_ex.c ****         tmpreg = (uint32_t)&hdac->Instance->DHR12R2;
 412:Drivers/STM32F0xx_HAL_Driver/Src/stm32f0xx_hal_dac_ex.c ****         break;
 413:Drivers/STM32F0xx_HAL_Driver/Src/stm32f0xx_hal_dac_ex.c ****       case DAC_ALIGN_12B_L:
 414:Drivers/STM32F0xx_HAL_Driver/Src/stm32f0xx_hal_dac_ex.c ****         /* Get DHR12L2 address */
 415:Drivers/STM32F0xx_HAL_Driver/Src/stm32f0xx_hal_dac_ex.c ****         tmpreg = (uint32_t)&hdac->Instance->DHR12L2;
 416:Drivers/STM32F0xx_HAL_Driver/Src/stm32f0xx_hal_dac_ex.c ****         break;
 417:Drivers/STM32F0xx_HAL_Driver/Src/stm32f0xx_hal_dac_ex.c ****       case DAC_ALIGN_8B_R:
 418:Drivers/STM32F0xx_HAL_Driver/Src/stm32f0xx_hal_dac_ex.c ****         /* Get DHR8R2 address */
 419:Drivers/STM32F0xx_HAL_Driver/Src/stm32f0xx_hal_dac_ex.c ****         tmpreg = (uint32_t)&hdac->Instance->DHR8R2;
 420:Drivers/STM32F0xx_HAL_Driver/Src/stm32f0xx_hal_dac_ex.c ****         break;
 421:Drivers/STM32F0xx_HAL_Driver/Src/stm32f0xx_hal_dac_ex.c ****       default:
 422:Drivers/STM32F0xx_HAL_Driver/Src/stm32f0xx_hal_dac_ex.c ****         break;
 423:Drivers/STM32F0xx_HAL_Driver/Src/stm32f0xx_hal_dac_ex.c ****     }
 424:Drivers/STM32F0xx_HAL_Driver/Src/stm32f0xx_hal_dac_ex.c ****   }
 425:Drivers/STM32F0xx_HAL_Driver/Src/stm32f0xx_hal_dac_ex.c ****   
 426:Drivers/STM32F0xx_HAL_Driver/Src/stm32f0xx_hal_dac_ex.c ****   /* Enable the DMA channel */
 427:Drivers/STM32F0xx_HAL_Driver/Src/stm32f0xx_hal_dac_ex.c ****   if(Channel == DAC_CHANNEL_1)
 428:Drivers/STM32F0xx_HAL_Driver/Src/stm32f0xx_hal_dac_ex.c ****   {
 429:Drivers/STM32F0xx_HAL_Driver/Src/stm32f0xx_hal_dac_ex.c ****     /* Enable the DAC DMA underrun interrupt */
 430:Drivers/STM32F0xx_HAL_Driver/Src/stm32f0xx_hal_dac_ex.c ****     __HAL_DAC_ENABLE_IT(hdac, DAC_IT_DMAUDR1);
 431:Drivers/STM32F0xx_HAL_Driver/Src/stm32f0xx_hal_dac_ex.c ****     
ARM GAS  C:\Users\24705\AppData\Local\Temp\ccIr9fa4.s 			page 9


 432:Drivers/STM32F0xx_HAL_Driver/Src/stm32f0xx_hal_dac_ex.c ****     /* Enable the DMA channel */
 433:Drivers/STM32F0xx_HAL_Driver/Src/stm32f0xx_hal_dac_ex.c ****     HAL_DMA_Start_IT(hdac->DMA_Handle1, (uint32_t)pData, tmpreg, Length);
 434:Drivers/STM32F0xx_HAL_Driver/Src/stm32f0xx_hal_dac_ex.c ****   } 
 435:Drivers/STM32F0xx_HAL_Driver/Src/stm32f0xx_hal_dac_ex.c ****   else
 436:Drivers/STM32F0xx_HAL_Driver/Src/stm32f0xx_hal_dac_ex.c ****   {
 437:Drivers/STM32F0xx_HAL_Driver/Src/stm32f0xx_hal_dac_ex.c ****     /* Enable the DAC DMA underrun interrupt */
 438:Drivers/STM32F0xx_HAL_Driver/Src/stm32f0xx_hal_dac_ex.c ****     __HAL_DAC_ENABLE_IT(hdac, DAC_IT_DMAUDR2);
 439:Drivers/STM32F0xx_HAL_Driver/Src/stm32f0xx_hal_dac_ex.c ****     
 440:Drivers/STM32F0xx_HAL_Driver/Src/stm32f0xx_hal_dac_ex.c ****     /* Enable the DMA channel */
 441:Drivers/STM32F0xx_HAL_Driver/Src/stm32f0xx_hal_dac_ex.c ****     HAL_DMA_Start_IT(hdac->DMA_Handle2, (uint32_t)pData, tmpreg, Length);
 442:Drivers/STM32F0xx_HAL_Driver/Src/stm32f0xx_hal_dac_ex.c ****   }
 443:Drivers/STM32F0xx_HAL_Driver/Src/stm32f0xx_hal_dac_ex.c ****   
 444:Drivers/STM32F0xx_HAL_Driver/Src/stm32f0xx_hal_dac_ex.c ****   /* Enable the Peripharal */
 445:Drivers/STM32F0xx_HAL_Driver/Src/stm32f0xx_hal_dac_ex.c ****   __HAL_DAC_ENABLE(hdac, Channel);
 446:Drivers/STM32F0xx_HAL_Driver/Src/stm32f0xx_hal_dac_ex.c ****   
 447:Drivers/STM32F0xx_HAL_Driver/Src/stm32f0xx_hal_dac_ex.c ****   /* Process Unlocked */
 448:Drivers/STM32F0xx_HAL_Driver/Src/stm32f0xx_hal_dac_ex.c ****   __HAL_UNLOCK(hdac);
 449:Drivers/STM32F0xx_HAL_Driver/Src/stm32f0xx_hal_dac_ex.c ****   
 450:Drivers/STM32F0xx_HAL_Driver/Src/stm32f0xx_hal_dac_ex.c ****   /* Return function status */
 451:Drivers/STM32F0xx_HAL_Driver/Src/stm32f0xx_hal_dac_ex.c ****   return HAL_OK;
 452:Drivers/STM32F0xx_HAL_Driver/Src/stm32f0xx_hal_dac_ex.c **** }
 453:Drivers/STM32F0xx_HAL_Driver/Src/stm32f0xx_hal_dac_ex.c **** 
 454:Drivers/STM32F0xx_HAL_Driver/Src/stm32f0xx_hal_dac_ex.c **** 
 455:Drivers/STM32F0xx_HAL_Driver/Src/stm32f0xx_hal_dac_ex.c **** 
 456:Drivers/STM32F0xx_HAL_Driver/Src/stm32f0xx_hal_dac_ex.c **** #endif /* STM32F071xB  STM32F072xB  STM32F078xx */
 457:Drivers/STM32F0xx_HAL_Driver/Src/stm32f0xx_hal_dac_ex.c ****        /* STM32F091xC  STM32F098xx */
 458:Drivers/STM32F0xx_HAL_Driver/Src/stm32f0xx_hal_dac_ex.c **** 
 459:Drivers/STM32F0xx_HAL_Driver/Src/stm32f0xx_hal_dac_ex.c **** #if defined (STM32F051x8) || defined (STM32F058xx)
 460:Drivers/STM32F0xx_HAL_Driver/Src/stm32f0xx_hal_dac_ex.c **** 
 461:Drivers/STM32F0xx_HAL_Driver/Src/stm32f0xx_hal_dac_ex.c **** HAL_StatusTypeDef HAL_DAC_Start(DAC_HandleTypeDef* hdac, uint32_t Channel)
 462:Drivers/STM32F0xx_HAL_Driver/Src/stm32f0xx_hal_dac_ex.c **** {
 463:Drivers/STM32F0xx_HAL_Driver/Src/stm32f0xx_hal_dac_ex.c ****   /* Check the parameters */
 464:Drivers/STM32F0xx_HAL_Driver/Src/stm32f0xx_hal_dac_ex.c ****   assert_param(IS_DAC_CHANNEL(Channel));
 465:Drivers/STM32F0xx_HAL_Driver/Src/stm32f0xx_hal_dac_ex.c ****   
 466:Drivers/STM32F0xx_HAL_Driver/Src/stm32f0xx_hal_dac_ex.c ****   /* Process locked */
 467:Drivers/STM32F0xx_HAL_Driver/Src/stm32f0xx_hal_dac_ex.c ****   __HAL_LOCK(hdac);
 468:Drivers/STM32F0xx_HAL_Driver/Src/stm32f0xx_hal_dac_ex.c ****   
 469:Drivers/STM32F0xx_HAL_Driver/Src/stm32f0xx_hal_dac_ex.c ****   /* Change DAC state */
 470:Drivers/STM32F0xx_HAL_Driver/Src/stm32f0xx_hal_dac_ex.c ****   hdac->State = HAL_DAC_STATE_BUSY;
 471:Drivers/STM32F0xx_HAL_Driver/Src/stm32f0xx_hal_dac_ex.c ****   
 472:Drivers/STM32F0xx_HAL_Driver/Src/stm32f0xx_hal_dac_ex.c ****   /* Enable the Peripharal */
 473:Drivers/STM32F0xx_HAL_Driver/Src/stm32f0xx_hal_dac_ex.c ****   __HAL_DAC_ENABLE(hdac, Channel);
 474:Drivers/STM32F0xx_HAL_Driver/Src/stm32f0xx_hal_dac_ex.c ****   
 475:Drivers/STM32F0xx_HAL_Driver/Src/stm32f0xx_hal_dac_ex.c ****   if(Channel == DAC_CHANNEL_1)
 476:Drivers/STM32F0xx_HAL_Driver/Src/stm32f0xx_hal_dac_ex.c ****   {
 477:Drivers/STM32F0xx_HAL_Driver/Src/stm32f0xx_hal_dac_ex.c ****     /* Check if software trigger enabled */
 478:Drivers/STM32F0xx_HAL_Driver/Src/stm32f0xx_hal_dac_ex.c ****     if((hdac->Instance->CR & (DAC_CR_TEN1 | DAC_CR_TSEL1)) == (DAC_CR_TEN1 | DAC_CR_TSEL1))
 479:Drivers/STM32F0xx_HAL_Driver/Src/stm32f0xx_hal_dac_ex.c ****     {
 480:Drivers/STM32F0xx_HAL_Driver/Src/stm32f0xx_hal_dac_ex.c ****       /* Enable the selected DAC software conversion */
 481:Drivers/STM32F0xx_HAL_Driver/Src/stm32f0xx_hal_dac_ex.c ****       SET_BIT(hdac->Instance->SWTRIGR, DAC_SWTRIGR_SWTRIG1);
 482:Drivers/STM32F0xx_HAL_Driver/Src/stm32f0xx_hal_dac_ex.c ****     }
 483:Drivers/STM32F0xx_HAL_Driver/Src/stm32f0xx_hal_dac_ex.c ****   }
 484:Drivers/STM32F0xx_HAL_Driver/Src/stm32f0xx_hal_dac_ex.c ****  
 485:Drivers/STM32F0xx_HAL_Driver/Src/stm32f0xx_hal_dac_ex.c ****   /* Change DAC state */
 486:Drivers/STM32F0xx_HAL_Driver/Src/stm32f0xx_hal_dac_ex.c ****   hdac->State = HAL_DAC_STATE_READY;
 487:Drivers/STM32F0xx_HAL_Driver/Src/stm32f0xx_hal_dac_ex.c ****   
 488:Drivers/STM32F0xx_HAL_Driver/Src/stm32f0xx_hal_dac_ex.c ****   /* Process unlocked */
ARM GAS  C:\Users\24705\AppData\Local\Temp\ccIr9fa4.s 			page 10


 489:Drivers/STM32F0xx_HAL_Driver/Src/stm32f0xx_hal_dac_ex.c ****   __HAL_UNLOCK(hdac);
 490:Drivers/STM32F0xx_HAL_Driver/Src/stm32f0xx_hal_dac_ex.c ****     
 491:Drivers/STM32F0xx_HAL_Driver/Src/stm32f0xx_hal_dac_ex.c ****   /* Return function status */
 492:Drivers/STM32F0xx_HAL_Driver/Src/stm32f0xx_hal_dac_ex.c ****   return HAL_OK;
 493:Drivers/STM32F0xx_HAL_Driver/Src/stm32f0xx_hal_dac_ex.c **** }
 494:Drivers/STM32F0xx_HAL_Driver/Src/stm32f0xx_hal_dac_ex.c **** 
 495:Drivers/STM32F0xx_HAL_Driver/Src/stm32f0xx_hal_dac_ex.c **** /**
 496:Drivers/STM32F0xx_HAL_Driver/Src/stm32f0xx_hal_dac_ex.c ****   * @brief  Enables DAC and starts conversion of channel.
 497:Drivers/STM32F0xx_HAL_Driver/Src/stm32f0xx_hal_dac_ex.c ****   * @param  hdac pointer to a DAC_HandleTypeDef structure that contains
 498:Drivers/STM32F0xx_HAL_Driver/Src/stm32f0xx_hal_dac_ex.c ****   *         the configuration information for the specified DAC.
 499:Drivers/STM32F0xx_HAL_Driver/Src/stm32f0xx_hal_dac_ex.c ****   * @param  Channel The selected DAC channel. 
 500:Drivers/STM32F0xx_HAL_Driver/Src/stm32f0xx_hal_dac_ex.c ****   *          This parameter can be one of the following values:
 501:Drivers/STM32F0xx_HAL_Driver/Src/stm32f0xx_hal_dac_ex.c ****   *            @arg DAC_CHANNEL_1: DAC Channel1 selected
 502:Drivers/STM32F0xx_HAL_Driver/Src/stm32f0xx_hal_dac_ex.c ****   * @param  pData The destination peripheral Buffer address.
 503:Drivers/STM32F0xx_HAL_Driver/Src/stm32f0xx_hal_dac_ex.c ****   * @param  Length The length of data to be transferred from memory to DAC peripheral
 504:Drivers/STM32F0xx_HAL_Driver/Src/stm32f0xx_hal_dac_ex.c ****   * @param  Alignment Specifies the data alignment for DAC channel.
 505:Drivers/STM32F0xx_HAL_Driver/Src/stm32f0xx_hal_dac_ex.c ****   *          This parameter can be one of the following values:
 506:Drivers/STM32F0xx_HAL_Driver/Src/stm32f0xx_hal_dac_ex.c ****   *            @arg DAC_ALIGN_8B_R: 8bit right data alignment selected
 507:Drivers/STM32F0xx_HAL_Driver/Src/stm32f0xx_hal_dac_ex.c ****   *            @arg DAC_ALIGN_12B_L: 12bit left data alignment selected
 508:Drivers/STM32F0xx_HAL_Driver/Src/stm32f0xx_hal_dac_ex.c ****   *            @arg DAC_ALIGN_12B_R: 12bit right data alignment selected
 509:Drivers/STM32F0xx_HAL_Driver/Src/stm32f0xx_hal_dac_ex.c ****   * @retval HAL status
 510:Drivers/STM32F0xx_HAL_Driver/Src/stm32f0xx_hal_dac_ex.c ****   */
 511:Drivers/STM32F0xx_HAL_Driver/Src/stm32f0xx_hal_dac_ex.c **** HAL_StatusTypeDef HAL_DAC_Start_DMA(DAC_HandleTypeDef* hdac, uint32_t Channel, uint32_t* pData, uin
 512:Drivers/STM32F0xx_HAL_Driver/Src/stm32f0xx_hal_dac_ex.c **** {
 513:Drivers/STM32F0xx_HAL_Driver/Src/stm32f0xx_hal_dac_ex.c ****   uint32_t tmpreg = 0U;
 514:Drivers/STM32F0xx_HAL_Driver/Src/stm32f0xx_hal_dac_ex.c ****     
 515:Drivers/STM32F0xx_HAL_Driver/Src/stm32f0xx_hal_dac_ex.c ****   /* Check the parameters */
 516:Drivers/STM32F0xx_HAL_Driver/Src/stm32f0xx_hal_dac_ex.c ****   assert_param(IS_DAC_CHANNEL(Channel));
 517:Drivers/STM32F0xx_HAL_Driver/Src/stm32f0xx_hal_dac_ex.c ****   assert_param(IS_DAC_ALIGN(Alignment));
 518:Drivers/STM32F0xx_HAL_Driver/Src/stm32f0xx_hal_dac_ex.c ****   
 519:Drivers/STM32F0xx_HAL_Driver/Src/stm32f0xx_hal_dac_ex.c ****   /* Process locked */
 520:Drivers/STM32F0xx_HAL_Driver/Src/stm32f0xx_hal_dac_ex.c ****   __HAL_LOCK(hdac);
 521:Drivers/STM32F0xx_HAL_Driver/Src/stm32f0xx_hal_dac_ex.c ****   
 522:Drivers/STM32F0xx_HAL_Driver/Src/stm32f0xx_hal_dac_ex.c ****   /* Change DAC state */
 523:Drivers/STM32F0xx_HAL_Driver/Src/stm32f0xx_hal_dac_ex.c ****   hdac->State = HAL_DAC_STATE_BUSY;
 524:Drivers/STM32F0xx_HAL_Driver/Src/stm32f0xx_hal_dac_ex.c ****   
 525:Drivers/STM32F0xx_HAL_Driver/Src/stm32f0xx_hal_dac_ex.c ****   /* Set the DMA transfer complete callback for channel1 */
 526:Drivers/STM32F0xx_HAL_Driver/Src/stm32f0xx_hal_dac_ex.c ****   hdac->DMA_Handle1->XferCpltCallback = DAC_DMAConvCpltCh1;
 527:Drivers/STM32F0xx_HAL_Driver/Src/stm32f0xx_hal_dac_ex.c ****   
 528:Drivers/STM32F0xx_HAL_Driver/Src/stm32f0xx_hal_dac_ex.c ****   /* Set the DMA half transfer complete callback for channel1 */
 529:Drivers/STM32F0xx_HAL_Driver/Src/stm32f0xx_hal_dac_ex.c ****   hdac->DMA_Handle1->XferHalfCpltCallback = DAC_DMAHalfConvCpltCh1;
 530:Drivers/STM32F0xx_HAL_Driver/Src/stm32f0xx_hal_dac_ex.c ****      
 531:Drivers/STM32F0xx_HAL_Driver/Src/stm32f0xx_hal_dac_ex.c ****   /* Set the DMA error callback for channel1 */
 532:Drivers/STM32F0xx_HAL_Driver/Src/stm32f0xx_hal_dac_ex.c ****   hdac->DMA_Handle1->XferErrorCallback = DAC_DMAErrorCh1;
 533:Drivers/STM32F0xx_HAL_Driver/Src/stm32f0xx_hal_dac_ex.c ****   
 534:Drivers/STM32F0xx_HAL_Driver/Src/stm32f0xx_hal_dac_ex.c ****   /* Enable the selected DAC channel1 DMA request */
 535:Drivers/STM32F0xx_HAL_Driver/Src/stm32f0xx_hal_dac_ex.c ****   SET_BIT(hdac->Instance->CR, DAC_CR_DMAEN1);
 536:Drivers/STM32F0xx_HAL_Driver/Src/stm32f0xx_hal_dac_ex.c **** 
 537:Drivers/STM32F0xx_HAL_Driver/Src/stm32f0xx_hal_dac_ex.c ****   /* Case of use of channel 1 */
 538:Drivers/STM32F0xx_HAL_Driver/Src/stm32f0xx_hal_dac_ex.c ****   switch(Alignment)
 539:Drivers/STM32F0xx_HAL_Driver/Src/stm32f0xx_hal_dac_ex.c ****   {
 540:Drivers/STM32F0xx_HAL_Driver/Src/stm32f0xx_hal_dac_ex.c ****     case DAC_ALIGN_12B_R:
 541:Drivers/STM32F0xx_HAL_Driver/Src/stm32f0xx_hal_dac_ex.c ****       /* Get DHR12R1 address */
 542:Drivers/STM32F0xx_HAL_Driver/Src/stm32f0xx_hal_dac_ex.c ****       tmpreg = (uint32_t)&hdac->Instance->DHR12R1;
 543:Drivers/STM32F0xx_HAL_Driver/Src/stm32f0xx_hal_dac_ex.c ****       break;
 544:Drivers/STM32F0xx_HAL_Driver/Src/stm32f0xx_hal_dac_ex.c ****     case DAC_ALIGN_12B_L:
 545:Drivers/STM32F0xx_HAL_Driver/Src/stm32f0xx_hal_dac_ex.c ****       /* Get DHR12L1 address */
ARM GAS  C:\Users\24705\AppData\Local\Temp\ccIr9fa4.s 			page 11


 546:Drivers/STM32F0xx_HAL_Driver/Src/stm32f0xx_hal_dac_ex.c ****       tmpreg = (uint32_t)&hdac->Instance->DHR12L1;
 547:Drivers/STM32F0xx_HAL_Driver/Src/stm32f0xx_hal_dac_ex.c ****       break;
 548:Drivers/STM32F0xx_HAL_Driver/Src/stm32f0xx_hal_dac_ex.c ****     case DAC_ALIGN_8B_R:
 549:Drivers/STM32F0xx_HAL_Driver/Src/stm32f0xx_hal_dac_ex.c ****       /* Get DHR8R1 address */
 550:Drivers/STM32F0xx_HAL_Driver/Src/stm32f0xx_hal_dac_ex.c ****       tmpreg = (uint32_t)&hdac->Instance->DHR8R1;
 551:Drivers/STM32F0xx_HAL_Driver/Src/stm32f0xx_hal_dac_ex.c ****       break;
 552:Drivers/STM32F0xx_HAL_Driver/Src/stm32f0xx_hal_dac_ex.c ****     default:
 553:Drivers/STM32F0xx_HAL_Driver/Src/stm32f0xx_hal_dac_ex.c ****       break;
 554:Drivers/STM32F0xx_HAL_Driver/Src/stm32f0xx_hal_dac_ex.c ****   }
 555:Drivers/STM32F0xx_HAL_Driver/Src/stm32f0xx_hal_dac_ex.c **** 
 556:Drivers/STM32F0xx_HAL_Driver/Src/stm32f0xx_hal_dac_ex.c ****   /* Enable the DMA channel */
 557:Drivers/STM32F0xx_HAL_Driver/Src/stm32f0xx_hal_dac_ex.c ****   /* Enable the DAC DMA underrun interrupt */
 558:Drivers/STM32F0xx_HAL_Driver/Src/stm32f0xx_hal_dac_ex.c ****   __HAL_DAC_ENABLE_IT(hdac, DAC_IT_DMAUDR1);
 559:Drivers/STM32F0xx_HAL_Driver/Src/stm32f0xx_hal_dac_ex.c ****     
 560:Drivers/STM32F0xx_HAL_Driver/Src/stm32f0xx_hal_dac_ex.c ****   /* Enable the DMA channel */
 561:Drivers/STM32F0xx_HAL_Driver/Src/stm32f0xx_hal_dac_ex.c ****   HAL_DMA_Start_IT(hdac->DMA_Handle1, (uint32_t)pData, tmpreg, Length);
 562:Drivers/STM32F0xx_HAL_Driver/Src/stm32f0xx_hal_dac_ex.c ****   
 563:Drivers/STM32F0xx_HAL_Driver/Src/stm32f0xx_hal_dac_ex.c ****   /* Enable the DAC DMA underrun interrupt */
 564:Drivers/STM32F0xx_HAL_Driver/Src/stm32f0xx_hal_dac_ex.c ****   __HAL_DAC_ENABLE_IT(hdac, DAC_IT_DMAUDR1);
 565:Drivers/STM32F0xx_HAL_Driver/Src/stm32f0xx_hal_dac_ex.c ****     
 566:Drivers/STM32F0xx_HAL_Driver/Src/stm32f0xx_hal_dac_ex.c ****   /* Enable the DMA channel */
 567:Drivers/STM32F0xx_HAL_Driver/Src/stm32f0xx_hal_dac_ex.c ****   HAL_DMA_Start_IT(hdac->DMA_Handle1, (uint32_t)pData, tmpreg, Length);
 568:Drivers/STM32F0xx_HAL_Driver/Src/stm32f0xx_hal_dac_ex.c ****     
 569:Drivers/STM32F0xx_HAL_Driver/Src/stm32f0xx_hal_dac_ex.c ****   /* Enable the Peripharal */
 570:Drivers/STM32F0xx_HAL_Driver/Src/stm32f0xx_hal_dac_ex.c ****   __HAL_DAC_ENABLE(hdac, Channel);
 571:Drivers/STM32F0xx_HAL_Driver/Src/stm32f0xx_hal_dac_ex.c ****   
 572:Drivers/STM32F0xx_HAL_Driver/Src/stm32f0xx_hal_dac_ex.c ****   /* Process Unlocked */
 573:Drivers/STM32F0xx_HAL_Driver/Src/stm32f0xx_hal_dac_ex.c ****   __HAL_UNLOCK(hdac);
 574:Drivers/STM32F0xx_HAL_Driver/Src/stm32f0xx_hal_dac_ex.c ****   
 575:Drivers/STM32F0xx_HAL_Driver/Src/stm32f0xx_hal_dac_ex.c ****   /* Return function status */
 576:Drivers/STM32F0xx_HAL_Driver/Src/stm32f0xx_hal_dac_ex.c ****   return HAL_OK;
 577:Drivers/STM32F0xx_HAL_Driver/Src/stm32f0xx_hal_dac_ex.c **** }
 578:Drivers/STM32F0xx_HAL_Driver/Src/stm32f0xx_hal_dac_ex.c **** 
 579:Drivers/STM32F0xx_HAL_Driver/Src/stm32f0xx_hal_dac_ex.c **** #endif  /* STM32F051x8 STM32F058xx */
 580:Drivers/STM32F0xx_HAL_Driver/Src/stm32f0xx_hal_dac_ex.c **** 
 581:Drivers/STM32F0xx_HAL_Driver/Src/stm32f0xx_hal_dac_ex.c **** #if defined(STM32F071xB) || defined(STM32F072xB) || defined(STM32F078xx) || \
 582:Drivers/STM32F0xx_HAL_Driver/Src/stm32f0xx_hal_dac_ex.c ****     defined(STM32F091xC) || defined(STM32F098xx)
 583:Drivers/STM32F0xx_HAL_Driver/Src/stm32f0xx_hal_dac_ex.c **** /* DAC channel 2 is available on top of DAC channel 1 */
 584:Drivers/STM32F0xx_HAL_Driver/Src/stm32f0xx_hal_dac_ex.c **** 
 585:Drivers/STM32F0xx_HAL_Driver/Src/stm32f0xx_hal_dac_ex.c **** /**
 586:Drivers/STM32F0xx_HAL_Driver/Src/stm32f0xx_hal_dac_ex.c ****   * @brief  Handles DAC interrupt request  
 587:Drivers/STM32F0xx_HAL_Driver/Src/stm32f0xx_hal_dac_ex.c ****   * @param  hdac pointer to a DAC_HandleTypeDef structure that contains
 588:Drivers/STM32F0xx_HAL_Driver/Src/stm32f0xx_hal_dac_ex.c ****   *         the configuration information for the specified DAC.
 589:Drivers/STM32F0xx_HAL_Driver/Src/stm32f0xx_hal_dac_ex.c ****   * @retval None
 590:Drivers/STM32F0xx_HAL_Driver/Src/stm32f0xx_hal_dac_ex.c ****   */
 591:Drivers/STM32F0xx_HAL_Driver/Src/stm32f0xx_hal_dac_ex.c **** void HAL_DAC_IRQHandler(DAC_HandleTypeDef* hdac)
 592:Drivers/STM32F0xx_HAL_Driver/Src/stm32f0xx_hal_dac_ex.c **** {
 593:Drivers/STM32F0xx_HAL_Driver/Src/stm32f0xx_hal_dac_ex.c ****   if(__HAL_DAC_GET_IT_SOURCE(hdac, DAC_IT_DMAUDR1))
 594:Drivers/STM32F0xx_HAL_Driver/Src/stm32f0xx_hal_dac_ex.c ****   { 
 595:Drivers/STM32F0xx_HAL_Driver/Src/stm32f0xx_hal_dac_ex.c ****     /* Check underrun channel 1 flag */
 596:Drivers/STM32F0xx_HAL_Driver/Src/stm32f0xx_hal_dac_ex.c ****     if(__HAL_DAC_GET_FLAG(hdac, DAC_FLAG_DMAUDR1))
 597:Drivers/STM32F0xx_HAL_Driver/Src/stm32f0xx_hal_dac_ex.c ****     {
 598:Drivers/STM32F0xx_HAL_Driver/Src/stm32f0xx_hal_dac_ex.c ****       /* Change DAC state to error state */
 599:Drivers/STM32F0xx_HAL_Driver/Src/stm32f0xx_hal_dac_ex.c ****       hdac->State = HAL_DAC_STATE_ERROR;
 600:Drivers/STM32F0xx_HAL_Driver/Src/stm32f0xx_hal_dac_ex.c ****     
 601:Drivers/STM32F0xx_HAL_Driver/Src/stm32f0xx_hal_dac_ex.c ****       /* Set DAC error code to channel1 DMA underrun error */
 602:Drivers/STM32F0xx_HAL_Driver/Src/stm32f0xx_hal_dac_ex.c ****       hdac->ErrorCode |= HAL_DAC_ERROR_DMAUNDERRUNCH1;
ARM GAS  C:\Users\24705\AppData\Local\Temp\ccIr9fa4.s 			page 12


 603:Drivers/STM32F0xx_HAL_Driver/Src/stm32f0xx_hal_dac_ex.c ****     
 604:Drivers/STM32F0xx_HAL_Driver/Src/stm32f0xx_hal_dac_ex.c ****       /* Clear the underrun flag */
 605:Drivers/STM32F0xx_HAL_Driver/Src/stm32f0xx_hal_dac_ex.c ****       __HAL_DAC_CLEAR_FLAG(hdac,DAC_FLAG_DMAUDR1);
 606:Drivers/STM32F0xx_HAL_Driver/Src/stm32f0xx_hal_dac_ex.c ****     
 607:Drivers/STM32F0xx_HAL_Driver/Src/stm32f0xx_hal_dac_ex.c ****       /* Disable the selected DAC channel1 DMA request */
 608:Drivers/STM32F0xx_HAL_Driver/Src/stm32f0xx_hal_dac_ex.c ****       hdac->Instance->CR &= ~DAC_CR_DMAEN1;
 609:Drivers/STM32F0xx_HAL_Driver/Src/stm32f0xx_hal_dac_ex.c ****     
 610:Drivers/STM32F0xx_HAL_Driver/Src/stm32f0xx_hal_dac_ex.c ****       /* Error callback */ 
 611:Drivers/STM32F0xx_HAL_Driver/Src/stm32f0xx_hal_dac_ex.c ****       HAL_DAC_DMAUnderrunCallbackCh1(hdac);
 612:Drivers/STM32F0xx_HAL_Driver/Src/stm32f0xx_hal_dac_ex.c ****     }
 613:Drivers/STM32F0xx_HAL_Driver/Src/stm32f0xx_hal_dac_ex.c ****   }
 614:Drivers/STM32F0xx_HAL_Driver/Src/stm32f0xx_hal_dac_ex.c ****   if(__HAL_DAC_GET_IT_SOURCE(hdac, DAC_IT_DMAUDR2))
 615:Drivers/STM32F0xx_HAL_Driver/Src/stm32f0xx_hal_dac_ex.c ****   {
 616:Drivers/STM32F0xx_HAL_Driver/Src/stm32f0xx_hal_dac_ex.c ****     /* Check underrun channel 2 flag */
 617:Drivers/STM32F0xx_HAL_Driver/Src/stm32f0xx_hal_dac_ex.c ****     if(__HAL_DAC_GET_FLAG(hdac, DAC_FLAG_DMAUDR2))
 618:Drivers/STM32F0xx_HAL_Driver/Src/stm32f0xx_hal_dac_ex.c ****     { 
 619:Drivers/STM32F0xx_HAL_Driver/Src/stm32f0xx_hal_dac_ex.c ****       /* Change DAC state to error state */
 620:Drivers/STM32F0xx_HAL_Driver/Src/stm32f0xx_hal_dac_ex.c ****       hdac->State = HAL_DAC_STATE_ERROR;
 621:Drivers/STM32F0xx_HAL_Driver/Src/stm32f0xx_hal_dac_ex.c ****     
 622:Drivers/STM32F0xx_HAL_Driver/Src/stm32f0xx_hal_dac_ex.c ****       /* Set DAC error code to channel2 DMA underrun error */
 623:Drivers/STM32F0xx_HAL_Driver/Src/stm32f0xx_hal_dac_ex.c ****       hdac->ErrorCode |= HAL_DAC_ERROR_DMAUNDERRUNCH2;
 624:Drivers/STM32F0xx_HAL_Driver/Src/stm32f0xx_hal_dac_ex.c ****     
 625:Drivers/STM32F0xx_HAL_Driver/Src/stm32f0xx_hal_dac_ex.c ****       /* Clear the underrun flag */
 626:Drivers/STM32F0xx_HAL_Driver/Src/stm32f0xx_hal_dac_ex.c ****       __HAL_DAC_CLEAR_FLAG(hdac,DAC_FLAG_DMAUDR2);
 627:Drivers/STM32F0xx_HAL_Driver/Src/stm32f0xx_hal_dac_ex.c ****     
 628:Drivers/STM32F0xx_HAL_Driver/Src/stm32f0xx_hal_dac_ex.c ****       /* Disable the selected DAC channel1 DMA request */
 629:Drivers/STM32F0xx_HAL_Driver/Src/stm32f0xx_hal_dac_ex.c ****       hdac->Instance->CR &= ~DAC_CR_DMAEN2;
 630:Drivers/STM32F0xx_HAL_Driver/Src/stm32f0xx_hal_dac_ex.c ****     
 631:Drivers/STM32F0xx_HAL_Driver/Src/stm32f0xx_hal_dac_ex.c ****       /* Error callback */ 
 632:Drivers/STM32F0xx_HAL_Driver/Src/stm32f0xx_hal_dac_ex.c ****       HAL_DACEx_DMAUnderrunCallbackCh2(hdac);
 633:Drivers/STM32F0xx_HAL_Driver/Src/stm32f0xx_hal_dac_ex.c ****     }
 634:Drivers/STM32F0xx_HAL_Driver/Src/stm32f0xx_hal_dac_ex.c ****   }
 635:Drivers/STM32F0xx_HAL_Driver/Src/stm32f0xx_hal_dac_ex.c **** }
 636:Drivers/STM32F0xx_HAL_Driver/Src/stm32f0xx_hal_dac_ex.c **** 
 637:Drivers/STM32F0xx_HAL_Driver/Src/stm32f0xx_hal_dac_ex.c **** #endif  /* STM32F071xB  STM32F072xB  STM32F078xx */
 638:Drivers/STM32F0xx_HAL_Driver/Src/stm32f0xx_hal_dac_ex.c ****         /* STM32F091xC  STM32F098xx */
 639:Drivers/STM32F0xx_HAL_Driver/Src/stm32f0xx_hal_dac_ex.c **** 
 640:Drivers/STM32F0xx_HAL_Driver/Src/stm32f0xx_hal_dac_ex.c **** #if defined (STM32F051x8) || defined (STM32F058xx)
 641:Drivers/STM32F0xx_HAL_Driver/Src/stm32f0xx_hal_dac_ex.c **** /* DAC channel 2 is NOT available. Only DAC channel 1 is available */
 642:Drivers/STM32F0xx_HAL_Driver/Src/stm32f0xx_hal_dac_ex.c **** 
 643:Drivers/STM32F0xx_HAL_Driver/Src/stm32f0xx_hal_dac_ex.c **** /**
 644:Drivers/STM32F0xx_HAL_Driver/Src/stm32f0xx_hal_dac_ex.c ****   * @brief  Handles DAC interrupt request  
 645:Drivers/STM32F0xx_HAL_Driver/Src/stm32f0xx_hal_dac_ex.c ****   * @param  hdac pointer to a DAC_HandleTypeDef structure that contains
 646:Drivers/STM32F0xx_HAL_Driver/Src/stm32f0xx_hal_dac_ex.c ****   *         the configuration information for the specified DAC.
 647:Drivers/STM32F0xx_HAL_Driver/Src/stm32f0xx_hal_dac_ex.c ****   * @retval None
 648:Drivers/STM32F0xx_HAL_Driver/Src/stm32f0xx_hal_dac_ex.c ****   */
 649:Drivers/STM32F0xx_HAL_Driver/Src/stm32f0xx_hal_dac_ex.c **** void HAL_DAC_IRQHandler(DAC_HandleTypeDef* hdac)
 650:Drivers/STM32F0xx_HAL_Driver/Src/stm32f0xx_hal_dac_ex.c **** {
 651:Drivers/STM32F0xx_HAL_Driver/Src/stm32f0xx_hal_dac_ex.c ****   if(__HAL_DAC_GET_IT_SOURCE(hdac, DAC_IT_DMAUDR1))
 652:Drivers/STM32F0xx_HAL_Driver/Src/stm32f0xx_hal_dac_ex.c ****   { 
 653:Drivers/STM32F0xx_HAL_Driver/Src/stm32f0xx_hal_dac_ex.c ****   /* Check Overrun flag */
 654:Drivers/STM32F0xx_HAL_Driver/Src/stm32f0xx_hal_dac_ex.c ****   if(__HAL_DAC_GET_FLAG(hdac, DAC_FLAG_DMAUDR1))
 655:Drivers/STM32F0xx_HAL_Driver/Src/stm32f0xx_hal_dac_ex.c ****     {
 656:Drivers/STM32F0xx_HAL_Driver/Src/stm32f0xx_hal_dac_ex.c ****       /* Change DAC state to error state */
 657:Drivers/STM32F0xx_HAL_Driver/Src/stm32f0xx_hal_dac_ex.c ****       hdac->State = HAL_DAC_STATE_ERROR;
 658:Drivers/STM32F0xx_HAL_Driver/Src/stm32f0xx_hal_dac_ex.c ****     
 659:Drivers/STM32F0xx_HAL_Driver/Src/stm32f0xx_hal_dac_ex.c ****       /* Set DAC error code to chanel1 DMA underrun error */
ARM GAS  C:\Users\24705\AppData\Local\Temp\ccIr9fa4.s 			page 13


 660:Drivers/STM32F0xx_HAL_Driver/Src/stm32f0xx_hal_dac_ex.c ****       hdac->ErrorCode |= HAL_DAC_ERROR_DMAUNDERRUNCH1;
 661:Drivers/STM32F0xx_HAL_Driver/Src/stm32f0xx_hal_dac_ex.c ****     
 662:Drivers/STM32F0xx_HAL_Driver/Src/stm32f0xx_hal_dac_ex.c ****       /* Clear the underrun flag */
 663:Drivers/STM32F0xx_HAL_Driver/Src/stm32f0xx_hal_dac_ex.c ****       __HAL_DAC_CLEAR_FLAG(hdac,DAC_FLAG_DMAUDR1);
 664:Drivers/STM32F0xx_HAL_Driver/Src/stm32f0xx_hal_dac_ex.c ****     
 665:Drivers/STM32F0xx_HAL_Driver/Src/stm32f0xx_hal_dac_ex.c ****       /* Disable the selected DAC channel1 DMA request */
 666:Drivers/STM32F0xx_HAL_Driver/Src/stm32f0xx_hal_dac_ex.c ****       hdac->Instance->CR &= ~DAC_CR_DMAEN1;
 667:Drivers/STM32F0xx_HAL_Driver/Src/stm32f0xx_hal_dac_ex.c ****     
 668:Drivers/STM32F0xx_HAL_Driver/Src/stm32f0xx_hal_dac_ex.c ****       /* Error callback */ 
 669:Drivers/STM32F0xx_HAL_Driver/Src/stm32f0xx_hal_dac_ex.c ****       HAL_DAC_DMAUnderrunCallbackCh1(hdac);
 670:Drivers/STM32F0xx_HAL_Driver/Src/stm32f0xx_hal_dac_ex.c ****     }
 671:Drivers/STM32F0xx_HAL_Driver/Src/stm32f0xx_hal_dac_ex.c ****   }
 672:Drivers/STM32F0xx_HAL_Driver/Src/stm32f0xx_hal_dac_ex.c **** }
 673:Drivers/STM32F0xx_HAL_Driver/Src/stm32f0xx_hal_dac_ex.c **** 
 674:Drivers/STM32F0xx_HAL_Driver/Src/stm32f0xx_hal_dac_ex.c **** #endif  /* STM32F051x8 STM32F058xx */
 675:Drivers/STM32F0xx_HAL_Driver/Src/stm32f0xx_hal_dac_ex.c **** 
 676:Drivers/STM32F0xx_HAL_Driver/Src/stm32f0xx_hal_dac_ex.c **** /**
 677:Drivers/STM32F0xx_HAL_Driver/Src/stm32f0xx_hal_dac_ex.c ****   * @}
 678:Drivers/STM32F0xx_HAL_Driver/Src/stm32f0xx_hal_dac_ex.c ****   */
 679:Drivers/STM32F0xx_HAL_Driver/Src/stm32f0xx_hal_dac_ex.c **** 
 680:Drivers/STM32F0xx_HAL_Driver/Src/stm32f0xx_hal_dac_ex.c **** /**
 681:Drivers/STM32F0xx_HAL_Driver/Src/stm32f0xx_hal_dac_ex.c ****   * @}
 682:Drivers/STM32F0xx_HAL_Driver/Src/stm32f0xx_hal_dac_ex.c ****   */
 683:Drivers/STM32F0xx_HAL_Driver/Src/stm32f0xx_hal_dac_ex.c **** 
 684:Drivers/STM32F0xx_HAL_Driver/Src/stm32f0xx_hal_dac_ex.c **** #if defined(STM32F051x8) || defined(STM32F058xx) || \
 685:Drivers/STM32F0xx_HAL_Driver/Src/stm32f0xx_hal_dac_ex.c ****     defined(STM32F071xB) || defined(STM32F072xB) || defined(STM32F078xx) || \
 686:Drivers/STM32F0xx_HAL_Driver/Src/stm32f0xx_hal_dac_ex.c ****     defined(STM32F091xC) || defined(STM32F098xx)
 687:Drivers/STM32F0xx_HAL_Driver/Src/stm32f0xx_hal_dac_ex.c **** 
 688:Drivers/STM32F0xx_HAL_Driver/Src/stm32f0xx_hal_dac_ex.c **** /** @addtogroup DAC_Private_Functions
 689:Drivers/STM32F0xx_HAL_Driver/Src/stm32f0xx_hal_dac_ex.c ****   * @{
 690:Drivers/STM32F0xx_HAL_Driver/Src/stm32f0xx_hal_dac_ex.c ****   */
 691:Drivers/STM32F0xx_HAL_Driver/Src/stm32f0xx_hal_dac_ex.c **** 
 692:Drivers/STM32F0xx_HAL_Driver/Src/stm32f0xx_hal_dac_ex.c **** /**
 693:Drivers/STM32F0xx_HAL_Driver/Src/stm32f0xx_hal_dac_ex.c ****   * @brief  DMA conversion complete callback. 
 694:Drivers/STM32F0xx_HAL_Driver/Src/stm32f0xx_hal_dac_ex.c ****   * @param  hdma pointer to a DMA_HandleTypeDef structure that contains
 695:Drivers/STM32F0xx_HAL_Driver/Src/stm32f0xx_hal_dac_ex.c ****   *                the configuration information for the specified DMA module.
 696:Drivers/STM32F0xx_HAL_Driver/Src/stm32f0xx_hal_dac_ex.c ****   * @retval None
 697:Drivers/STM32F0xx_HAL_Driver/Src/stm32f0xx_hal_dac_ex.c ****   */
 698:Drivers/STM32F0xx_HAL_Driver/Src/stm32f0xx_hal_dac_ex.c **** static void DAC_DMAConvCpltCh1(DMA_HandleTypeDef *hdma)   
 699:Drivers/STM32F0xx_HAL_Driver/Src/stm32f0xx_hal_dac_ex.c **** {
 700:Drivers/STM32F0xx_HAL_Driver/Src/stm32f0xx_hal_dac_ex.c ****   DAC_HandleTypeDef* hdac = ( DAC_HandleTypeDef* )((DMA_HandleTypeDef* )hdma)->Parent;
 701:Drivers/STM32F0xx_HAL_Driver/Src/stm32f0xx_hal_dac_ex.c ****   
 702:Drivers/STM32F0xx_HAL_Driver/Src/stm32f0xx_hal_dac_ex.c ****   HAL_DAC_ConvCpltCallbackCh1(hdac); 
 703:Drivers/STM32F0xx_HAL_Driver/Src/stm32f0xx_hal_dac_ex.c ****   
 704:Drivers/STM32F0xx_HAL_Driver/Src/stm32f0xx_hal_dac_ex.c ****   hdac->State= HAL_DAC_STATE_READY;
 705:Drivers/STM32F0xx_HAL_Driver/Src/stm32f0xx_hal_dac_ex.c **** }
 706:Drivers/STM32F0xx_HAL_Driver/Src/stm32f0xx_hal_dac_ex.c **** 
 707:Drivers/STM32F0xx_HAL_Driver/Src/stm32f0xx_hal_dac_ex.c **** /**
 708:Drivers/STM32F0xx_HAL_Driver/Src/stm32f0xx_hal_dac_ex.c ****   * @brief  DMA half transfer complete callback. 
 709:Drivers/STM32F0xx_HAL_Driver/Src/stm32f0xx_hal_dac_ex.c ****   * @param  hdma pointer to a DMA_HandleTypeDef structure that contains
 710:Drivers/STM32F0xx_HAL_Driver/Src/stm32f0xx_hal_dac_ex.c ****   *                the configuration information for the specified DMA module.
 711:Drivers/STM32F0xx_HAL_Driver/Src/stm32f0xx_hal_dac_ex.c ****   * @retval None
 712:Drivers/STM32F0xx_HAL_Driver/Src/stm32f0xx_hal_dac_ex.c ****   */
 713:Drivers/STM32F0xx_HAL_Driver/Src/stm32f0xx_hal_dac_ex.c **** static void DAC_DMAHalfConvCpltCh1(DMA_HandleTypeDef *hdma)   
 714:Drivers/STM32F0xx_HAL_Driver/Src/stm32f0xx_hal_dac_ex.c **** {
 715:Drivers/STM32F0xx_HAL_Driver/Src/stm32f0xx_hal_dac_ex.c ****     DAC_HandleTypeDef* hdac = ( DAC_HandleTypeDef* )((DMA_HandleTypeDef* )hdma)->Parent;
 716:Drivers/STM32F0xx_HAL_Driver/Src/stm32f0xx_hal_dac_ex.c ****     /* Conversion complete callback */
ARM GAS  C:\Users\24705\AppData\Local\Temp\ccIr9fa4.s 			page 14


 717:Drivers/STM32F0xx_HAL_Driver/Src/stm32f0xx_hal_dac_ex.c ****     HAL_DAC_ConvHalfCpltCallbackCh1(hdac); 
 718:Drivers/STM32F0xx_HAL_Driver/Src/stm32f0xx_hal_dac_ex.c **** }
 719:Drivers/STM32F0xx_HAL_Driver/Src/stm32f0xx_hal_dac_ex.c **** 
 720:Drivers/STM32F0xx_HAL_Driver/Src/stm32f0xx_hal_dac_ex.c **** /**
 721:Drivers/STM32F0xx_HAL_Driver/Src/stm32f0xx_hal_dac_ex.c ****   * @brief  DMA error callback 
 722:Drivers/STM32F0xx_HAL_Driver/Src/stm32f0xx_hal_dac_ex.c ****   * @param  hdma pointer to a DMA_HandleTypeDef structure that contains
 723:Drivers/STM32F0xx_HAL_Driver/Src/stm32f0xx_hal_dac_ex.c ****   *                the configuration information for the specified DMA module.
 724:Drivers/STM32F0xx_HAL_Driver/Src/stm32f0xx_hal_dac_ex.c ****   * @retval None
 725:Drivers/STM32F0xx_HAL_Driver/Src/stm32f0xx_hal_dac_ex.c ****   */
 726:Drivers/STM32F0xx_HAL_Driver/Src/stm32f0xx_hal_dac_ex.c **** static void DAC_DMAErrorCh1(DMA_HandleTypeDef *hdma)   
 727:Drivers/STM32F0xx_HAL_Driver/Src/stm32f0xx_hal_dac_ex.c **** {
  27              		.loc 1 727 1 view -0
  28              		.cfi_startproc
  29              		@ args = 0, pretend = 0, frame = 0
  30              		@ frame_needed = 0, uses_anonymous_args = 0
  31              		.loc 1 727 1 is_stmt 0 view .LVU1
  32 0000 10B5     		push	{r4, lr}
  33              	.LCFI0:
  34              		.cfi_def_cfa_offset 8
  35              		.cfi_offset 4, -8
  36              		.cfi_offset 14, -4
 728:Drivers/STM32F0xx_HAL_Driver/Src/stm32f0xx_hal_dac_ex.c ****   DAC_HandleTypeDef* hdac = ( DAC_HandleTypeDef* )((DMA_HandleTypeDef* )hdma)->Parent;
  37              		.loc 1 728 3 is_stmt 1 view .LVU2
  38              		.loc 1 728 22 is_stmt 0 view .LVU3
  39 0002 446A     		ldr	r4, [r0, #36]
  40              	.LVL1:
 729:Drivers/STM32F0xx_HAL_Driver/Src/stm32f0xx_hal_dac_ex.c ****     
 730:Drivers/STM32F0xx_HAL_Driver/Src/stm32f0xx_hal_dac_ex.c ****   /* Set DAC error code to DMA error */
 731:Drivers/STM32F0xx_HAL_Driver/Src/stm32f0xx_hal_dac_ex.c ****   hdac->ErrorCode |= HAL_DAC_ERROR_DMA;
  41              		.loc 1 731 3 is_stmt 1 view .LVU4
  42              		.loc 1 731 7 is_stmt 0 view .LVU5
  43 0004 2369     		ldr	r3, [r4, #16]
  44              		.loc 1 731 19 view .LVU6
  45 0006 0422     		movs	r2, #4
  46 0008 1343     		orrs	r3, r2
  47 000a 2361     		str	r3, [r4, #16]
 732:Drivers/STM32F0xx_HAL_Driver/Src/stm32f0xx_hal_dac_ex.c ****     
 733:Drivers/STM32F0xx_HAL_Driver/Src/stm32f0xx_hal_dac_ex.c ****   HAL_DAC_ErrorCallbackCh1(hdac); 
  48              		.loc 1 733 3 is_stmt 1 view .LVU7
  49 000c 2000     		movs	r0, r4
  50              	.LVL2:
  51              		.loc 1 733 3 is_stmt 0 view .LVU8
  52 000e FFF7FEFF 		bl	HAL_DAC_ErrorCallbackCh1
  53              	.LVL3:
 734:Drivers/STM32F0xx_HAL_Driver/Src/stm32f0xx_hal_dac_ex.c ****     
 735:Drivers/STM32F0xx_HAL_Driver/Src/stm32f0xx_hal_dac_ex.c ****   hdac->State= HAL_DAC_STATE_READY;
  54              		.loc 1 735 3 is_stmt 1 view .LVU9
  55              		.loc 1 735 14 is_stmt 0 view .LVU10
  56 0012 0123     		movs	r3, #1
  57 0014 2371     		strb	r3, [r4, #4]
 736:Drivers/STM32F0xx_HAL_Driver/Src/stm32f0xx_hal_dac_ex.c **** }
  58              		.loc 1 736 1 view .LVU11
  59              		@ sp needed
  60              	.LVL4:
  61              		.loc 1 736 1 view .LVU12
  62 0016 10BD     		pop	{r4, pc}
  63              		.cfi_endproc
ARM GAS  C:\Users\24705\AppData\Local\Temp\ccIr9fa4.s 			page 15


  64              	.LFE47:
  66              		.section	.text.DAC_DMAHalfConvCpltCh1,"ax",%progbits
  67              		.align	1
  68              		.syntax unified
  69              		.code	16
  70              		.thumb_func
  72              	DAC_DMAHalfConvCpltCh1:
  73              	.LVL5:
  74              	.LFB46:
 714:Drivers/STM32F0xx_HAL_Driver/Src/stm32f0xx_hal_dac_ex.c ****     DAC_HandleTypeDef* hdac = ( DAC_HandleTypeDef* )((DMA_HandleTypeDef* )hdma)->Parent;
  75              		.loc 1 714 1 is_stmt 1 view -0
  76              		.cfi_startproc
  77              		@ args = 0, pretend = 0, frame = 0
  78              		@ frame_needed = 0, uses_anonymous_args = 0
 714:Drivers/STM32F0xx_HAL_Driver/Src/stm32f0xx_hal_dac_ex.c ****     DAC_HandleTypeDef* hdac = ( DAC_HandleTypeDef* )((DMA_HandleTypeDef* )hdma)->Parent;
  79              		.loc 1 714 1 is_stmt 0 view .LVU14
  80 0000 10B5     		push	{r4, lr}
  81              	.LCFI1:
  82              		.cfi_def_cfa_offset 8
  83              		.cfi_offset 4, -8
  84              		.cfi_offset 14, -4
 715:Drivers/STM32F0xx_HAL_Driver/Src/stm32f0xx_hal_dac_ex.c ****     /* Conversion complete callback */
  85              		.loc 1 715 5 is_stmt 1 view .LVU15
 715:Drivers/STM32F0xx_HAL_Driver/Src/stm32f0xx_hal_dac_ex.c ****     /* Conversion complete callback */
  86              		.loc 1 715 24 is_stmt 0 view .LVU16
  87 0002 406A     		ldr	r0, [r0, #36]
  88              	.LVL6:
 717:Drivers/STM32F0xx_HAL_Driver/Src/stm32f0xx_hal_dac_ex.c **** }
  89              		.loc 1 717 5 is_stmt 1 view .LVU17
  90 0004 FFF7FEFF 		bl	HAL_DAC_ConvHalfCpltCallbackCh1
  91              	.LVL7:
 718:Drivers/STM32F0xx_HAL_Driver/Src/stm32f0xx_hal_dac_ex.c **** 
  92              		.loc 1 718 1 is_stmt 0 view .LVU18
  93              		@ sp needed
  94 0008 10BD     		pop	{r4, pc}
  95              		.cfi_endproc
  96              	.LFE46:
  98              		.section	.text.DAC_DMAConvCpltCh1,"ax",%progbits
  99              		.align	1
 100              		.syntax unified
 101              		.code	16
 102              		.thumb_func
 104              	DAC_DMAConvCpltCh1:
 105              	.LVL8:
 106              	.LFB45:
 699:Drivers/STM32F0xx_HAL_Driver/Src/stm32f0xx_hal_dac_ex.c ****   DAC_HandleTypeDef* hdac = ( DAC_HandleTypeDef* )((DMA_HandleTypeDef* )hdma)->Parent;
 107              		.loc 1 699 1 is_stmt 1 view -0
 108              		.cfi_startproc
 109              		@ args = 0, pretend = 0, frame = 0
 110              		@ frame_needed = 0, uses_anonymous_args = 0
 699:Drivers/STM32F0xx_HAL_Driver/Src/stm32f0xx_hal_dac_ex.c ****   DAC_HandleTypeDef* hdac = ( DAC_HandleTypeDef* )((DMA_HandleTypeDef* )hdma)->Parent;
 111              		.loc 1 699 1 is_stmt 0 view .LVU20
 112 0000 10B5     		push	{r4, lr}
 113              	.LCFI2:
 114              		.cfi_def_cfa_offset 8
 115              		.cfi_offset 4, -8
 116              		.cfi_offset 14, -4
ARM GAS  C:\Users\24705\AppData\Local\Temp\ccIr9fa4.s 			page 16


 700:Drivers/STM32F0xx_HAL_Driver/Src/stm32f0xx_hal_dac_ex.c ****   
 117              		.loc 1 700 3 is_stmt 1 view .LVU21
 700:Drivers/STM32F0xx_HAL_Driver/Src/stm32f0xx_hal_dac_ex.c ****   
 118              		.loc 1 700 22 is_stmt 0 view .LVU22
 119 0002 446A     		ldr	r4, [r0, #36]
 120              	.LVL9:
 702:Drivers/STM32F0xx_HAL_Driver/Src/stm32f0xx_hal_dac_ex.c ****   
 121              		.loc 1 702 3 is_stmt 1 view .LVU23
 122 0004 2000     		movs	r0, r4
 123              	.LVL10:
 702:Drivers/STM32F0xx_HAL_Driver/Src/stm32f0xx_hal_dac_ex.c ****   
 124              		.loc 1 702 3 is_stmt 0 view .LVU24
 125 0006 FFF7FEFF 		bl	HAL_DAC_ConvCpltCallbackCh1
 126              	.LVL11:
 704:Drivers/STM32F0xx_HAL_Driver/Src/stm32f0xx_hal_dac_ex.c **** }
 127              		.loc 1 704 3 is_stmt 1 view .LVU25
 704:Drivers/STM32F0xx_HAL_Driver/Src/stm32f0xx_hal_dac_ex.c **** }
 128              		.loc 1 704 14 is_stmt 0 view .LVU26
 129 000a 0123     		movs	r3, #1
 130 000c 2371     		strb	r3, [r4, #4]
 705:Drivers/STM32F0xx_HAL_Driver/Src/stm32f0xx_hal_dac_ex.c **** 
 131              		.loc 1 705 1 view .LVU27
 132              		@ sp needed
 133              	.LVL12:
 705:Drivers/STM32F0xx_HAL_Driver/Src/stm32f0xx_hal_dac_ex.c **** 
 134              		.loc 1 705 1 view .LVU28
 135 000e 10BD     		pop	{r4, pc}
 136              		.cfi_endproc
 137              	.LFE45:
 139              		.section	.text.HAL_DAC_ConfigChannel,"ax",%progbits
 140              		.align	1
 141              		.global	HAL_DAC_ConfigChannel
 142              		.syntax unified
 143              		.code	16
 144              		.thumb_func
 146              	HAL_DAC_ConfigChannel:
 147              	.LVL13:
 148              	.LFB40:
 111:Drivers/STM32F0xx_HAL_Driver/Src/stm32f0xx_hal_dac_ex.c ****   uint32_t tmpreg1 = 0U, tmpreg2 = 0U;
 149              		.loc 1 111 1 is_stmt 1 view -0
 150              		.cfi_startproc
 151              		@ args = 0, pretend = 0, frame = 0
 152              		@ frame_needed = 0, uses_anonymous_args = 0
 111:Drivers/STM32F0xx_HAL_Driver/Src/stm32f0xx_hal_dac_ex.c ****   uint32_t tmpreg1 = 0U, tmpreg2 = 0U;
 153              		.loc 1 111 1 is_stmt 0 view .LVU30
 154 0000 70B5     		push	{r4, r5, r6, lr}
 155              	.LCFI3:
 156              		.cfi_def_cfa_offset 16
 157              		.cfi_offset 4, -16
 158              		.cfi_offset 5, -12
 159              		.cfi_offset 6, -8
 160              		.cfi_offset 14, -4
 112:Drivers/STM32F0xx_HAL_Driver/Src/stm32f0xx_hal_dac_ex.c **** 
 161              		.loc 1 112 3 is_stmt 1 view .LVU31
 162              	.LVL14:
 115:Drivers/STM32F0xx_HAL_Driver/Src/stm32f0xx_hal_dac_ex.c ****   assert_param(IS_DAC_OUTPUT_BUFFER_STATE(sConfig->DAC_OutputBuffer));
 163              		.loc 1 115 3 view .LVU32
ARM GAS  C:\Users\24705\AppData\Local\Temp\ccIr9fa4.s 			page 17


 116:Drivers/STM32F0xx_HAL_Driver/Src/stm32f0xx_hal_dac_ex.c ****   assert_param(IS_DAC_TRIGGER(sConfig->DAC_Trigger));
 164              		.loc 1 116 3 view .LVU33
 117:Drivers/STM32F0xx_HAL_Driver/Src/stm32f0xx_hal_dac_ex.c ****   assert_param(IS_DAC_CHANNEL(Channel));
 165              		.loc 1 117 3 view .LVU34
 118:Drivers/STM32F0xx_HAL_Driver/Src/stm32f0xx_hal_dac_ex.c ****   
 166              		.loc 1 118 3 view .LVU35
 121:Drivers/STM32F0xx_HAL_Driver/Src/stm32f0xx_hal_dac_ex.c ****   
 167              		.loc 1 121 3 view .LVU36
 121:Drivers/STM32F0xx_HAL_Driver/Src/stm32f0xx_hal_dac_ex.c ****   
 168              		.loc 1 121 3 view .LVU37
 169 0002 4379     		ldrb	r3, [r0, #5]
 170 0004 012B     		cmp	r3, #1
 171 0006 13D0     		beq	.L6
 121:Drivers/STM32F0xx_HAL_Driver/Src/stm32f0xx_hal_dac_ex.c ****   
 172              		.loc 1 121 3 discriminator 2 view .LVU38
 173 0008 0125     		movs	r5, #1
 174 000a 4571     		strb	r5, [r0, #5]
 121:Drivers/STM32F0xx_HAL_Driver/Src/stm32f0xx_hal_dac_ex.c ****   
 175              		.loc 1 121 3 view .LVU39
 124:Drivers/STM32F0xx_HAL_Driver/Src/stm32f0xx_hal_dac_ex.c ****   
 176              		.loc 1 124 3 view .LVU40
 124:Drivers/STM32F0xx_HAL_Driver/Src/stm32f0xx_hal_dac_ex.c ****   
 177              		.loc 1 124 15 is_stmt 0 view .LVU41
 178 000c 0223     		movs	r3, #2
 179 000e 0371     		strb	r3, [r0, #4]
 127:Drivers/STM32F0xx_HAL_Driver/Src/stm32f0xx_hal_dac_ex.c ****   /* Clear BOFFx, TENx, TSELx, WAVEx and MAMPx bits */
 180              		.loc 1 127 3 is_stmt 1 view .LVU42
 127:Drivers/STM32F0xx_HAL_Driver/Src/stm32f0xx_hal_dac_ex.c ****   /* Clear BOFFx, TENx, TSELx, WAVEx and MAMPx bits */
 181              		.loc 1 127 17 is_stmt 0 view .LVU43
 182 0010 0668     		ldr	r6, [r0]
 127:Drivers/STM32F0xx_HAL_Driver/Src/stm32f0xx_hal_dac_ex.c ****   /* Clear BOFFx, TENx, TSELx, WAVEx and MAMPx bits */
 183              		.loc 1 127 11 view .LVU44
 184 0012 3468     		ldr	r4, [r6]
 185              	.LVL15:
 129:Drivers/STM32F0xx_HAL_Driver/Src/stm32f0xx_hal_dac_ex.c ****   /* Configure for the selected DAC channel: buffer output, trigger */
 186              		.loc 1 129 3 is_stmt 1 view .LVU45
 129:Drivers/STM32F0xx_HAL_Driver/Src/stm32f0xx_hal_dac_ex.c ****   /* Configure for the selected DAC channel: buffer output, trigger */
 187              		.loc 1 129 102 is_stmt 0 view .LVU46
 188 0014 074B     		ldr	r3, .L7
 189 0016 9340     		lsls	r3, r3, r2
 129:Drivers/STM32F0xx_HAL_Driver/Src/stm32f0xx_hal_dac_ex.c ****   /* Configure for the selected DAC channel: buffer output, trigger */
 190              		.loc 1 129 11 view .LVU47
 191 0018 9C43     		bics	r4, r3
 192              	.LVL16:
 133:Drivers/STM32F0xx_HAL_Driver/Src/stm32f0xx_hal_dac_ex.c ****   /* Calculate CR register value depending on DAC_Channel */
 193              		.loc 1 133 3 is_stmt 1 view .LVU48
 133:Drivers/STM32F0xx_HAL_Driver/Src/stm32f0xx_hal_dac_ex.c ****   /* Calculate CR register value depending on DAC_Channel */
 194              		.loc 1 133 21 is_stmt 0 view .LVU49
 195 001a 0B68     		ldr	r3, [r1]
 133:Drivers/STM32F0xx_HAL_Driver/Src/stm32f0xx_hal_dac_ex.c ****   /* Calculate CR register value depending on DAC_Channel */
 196              		.loc 1 133 44 view .LVU50
 197 001c 4968     		ldr	r1, [r1, #4]
 198              	.LVL17:
 133:Drivers/STM32F0xx_HAL_Driver/Src/stm32f0xx_hal_dac_ex.c ****   /* Calculate CR register value depending on DAC_Channel */
 199              		.loc 1 133 11 view .LVU51
 200 001e 0B43     		orrs	r3, r1
 201              	.LVL18:
ARM GAS  C:\Users\24705\AppData\Local\Temp\ccIr9fa4.s 			page 18


 135:Drivers/STM32F0xx_HAL_Driver/Src/stm32f0xx_hal_dac_ex.c ****   /* Write to DAC CR */
 202              		.loc 1 135 3 is_stmt 1 view .LVU52
 135:Drivers/STM32F0xx_HAL_Driver/Src/stm32f0xx_hal_dac_ex.c ****   /* Write to DAC CR */
 203              		.loc 1 135 22 is_stmt 0 view .LVU53
 204 0020 9340     		lsls	r3, r3, r2
 205              	.LVL19:
 135:Drivers/STM32F0xx_HAL_Driver/Src/stm32f0xx_hal_dac_ex.c ****   /* Write to DAC CR */
 206              		.loc 1 135 11 view .LVU54
 207 0022 2343     		orrs	r3, r4
 208              	.LVL20:
 137:Drivers/STM32F0xx_HAL_Driver/Src/stm32f0xx_hal_dac_ex.c ****   
 209              		.loc 1 137 3 is_stmt 1 view .LVU55
 137:Drivers/STM32F0xx_HAL_Driver/Src/stm32f0xx_hal_dac_ex.c ****   
 210              		.loc 1 137 22 is_stmt 0 view .LVU56
 211 0024 3360     		str	r3, [r6]
 212              	.LVL21:
 140:Drivers/STM32F0xx_HAL_Driver/Src/stm32f0xx_hal_dac_ex.c ****   
 213              		.loc 1 140 3 is_stmt 1 view .LVU57
 140:Drivers/STM32F0xx_HAL_Driver/Src/stm32f0xx_hal_dac_ex.c ****   
 214              		.loc 1 140 15 is_stmt 0 view .LVU58
 215 0026 0571     		strb	r5, [r0, #4]
 143:Drivers/STM32F0xx_HAL_Driver/Src/stm32f0xx_hal_dac_ex.c ****   
 216              		.loc 1 143 3 is_stmt 1 view .LVU59
 143:Drivers/STM32F0xx_HAL_Driver/Src/stm32f0xx_hal_dac_ex.c ****   
 217              		.loc 1 143 3 view .LVU60
 218 0028 0023     		movs	r3, #0
 219              	.LVL22:
 143:Drivers/STM32F0xx_HAL_Driver/Src/stm32f0xx_hal_dac_ex.c ****   
 220              		.loc 1 143 3 is_stmt 0 view .LVU61
 221 002a 4371     		strb	r3, [r0, #5]
 143:Drivers/STM32F0xx_HAL_Driver/Src/stm32f0xx_hal_dac_ex.c ****   
 222              		.loc 1 143 3 is_stmt 1 view .LVU62
 146:Drivers/STM32F0xx_HAL_Driver/Src/stm32f0xx_hal_dac_ex.c **** }
 223              		.loc 1 146 3 view .LVU63
 146:Drivers/STM32F0xx_HAL_Driver/Src/stm32f0xx_hal_dac_ex.c **** }
 224              		.loc 1 146 10 is_stmt 0 view .LVU64
 225 002c 0020     		movs	r0, #0
 226              	.LVL23:
 227              	.L5:
 147:Drivers/STM32F0xx_HAL_Driver/Src/stm32f0xx_hal_dac_ex.c **** 
 228              		.loc 1 147 1 view .LVU65
 229              		@ sp needed
 230 002e 70BD     		pop	{r4, r5, r6, pc}
 231              	.LVL24:
 232              	.L6:
 121:Drivers/STM32F0xx_HAL_Driver/Src/stm32f0xx_hal_dac_ex.c ****   
 233              		.loc 1 121 3 discriminator 1 view .LVU66
 234 0030 0220     		movs	r0, #2
 235              	.LVL25:
 121:Drivers/STM32F0xx_HAL_Driver/Src/stm32f0xx_hal_dac_ex.c ****   
 236              		.loc 1 121 3 discriminator 1 view .LVU67
 237 0032 FCE7     		b	.L5
 238              	.L8:
 239              		.align	2
 240              	.L7:
 241 0034 FE0F0000 		.word	4094
 242              		.cfi_endproc
ARM GAS  C:\Users\24705\AppData\Local\Temp\ccIr9fa4.s 			page 19


 243              	.LFE40:
 245              		.section	.text.HAL_DAC_GetValue,"ax",%progbits
 246              		.align	1
 247              		.global	HAL_DAC_GetValue
 248              		.syntax unified
 249              		.code	16
 250              		.thumb_func
 252              	HAL_DAC_GetValue:
 253              	.LVL26:
 254              	.LFB41:
 220:Drivers/STM32F0xx_HAL_Driver/Src/stm32f0xx_hal_dac_ex.c ****   /* Check the parameters */
 255              		.loc 1 220 1 is_stmt 1 view -0
 256              		.cfi_startproc
 257              		@ args = 0, pretend = 0, frame = 0
 258              		@ frame_needed = 0, uses_anonymous_args = 0
 259              		@ link register save eliminated.
 222:Drivers/STM32F0xx_HAL_Driver/Src/stm32f0xx_hal_dac_ex.c ****   
 260              		.loc 1 222 3 view .LVU69
 225:Drivers/STM32F0xx_HAL_Driver/Src/stm32f0xx_hal_dac_ex.c ****   {
 261              		.loc 1 225 3 view .LVU70
 225:Drivers/STM32F0xx_HAL_Driver/Src/stm32f0xx_hal_dac_ex.c ****   {
 262              		.loc 1 225 5 is_stmt 0 view .LVU71
 263 0000 0029     		cmp	r1, #0
 264 0002 02D1     		bne	.L10
 227:Drivers/STM32F0xx_HAL_Driver/Src/stm32f0xx_hal_dac_ex.c ****   }
 265              		.loc 1 227 5 is_stmt 1 view .LVU72
 227:Drivers/STM32F0xx_HAL_Driver/Src/stm32f0xx_hal_dac_ex.c ****   }
 266              		.loc 1 227 16 is_stmt 0 view .LVU73
 267 0004 0368     		ldr	r3, [r0]
 227:Drivers/STM32F0xx_HAL_Driver/Src/stm32f0xx_hal_dac_ex.c ****   }
 268              		.loc 1 227 26 view .LVU74
 269 0006 D86A     		ldr	r0, [r3, #44]
 270              	.LVL27:
 271              	.L9:
 233:Drivers/STM32F0xx_HAL_Driver/Src/stm32f0xx_hal_dac_ex.c **** 
 272              		.loc 1 233 1 view .LVU75
 273              		@ sp needed
 274 0008 7047     		bx	lr
 275              	.LVL28:
 276              	.L10:
 231:Drivers/STM32F0xx_HAL_Driver/Src/stm32f0xx_hal_dac_ex.c ****   }
 277              		.loc 1 231 5 is_stmt 1 view .LVU76
 231:Drivers/STM32F0xx_HAL_Driver/Src/stm32f0xx_hal_dac_ex.c ****   }
 278              		.loc 1 231 16 is_stmt 0 view .LVU77
 279 000a 0368     		ldr	r3, [r0]
 231:Drivers/STM32F0xx_HAL_Driver/Src/stm32f0xx_hal_dac_ex.c ****   }
 280              		.loc 1 231 26 view .LVU78
 281 000c 186B     		ldr	r0, [r3, #48]
 282              	.LVL29:
 231:Drivers/STM32F0xx_HAL_Driver/Src/stm32f0xx_hal_dac_ex.c ****   }
 283              		.loc 1 231 26 view .LVU79
 284 000e FBE7     		b	.L9
 285              		.cfi_endproc
 286              	.LFE41:
 288              		.section	.text.HAL_DAC_Start,"ax",%progbits
 289              		.align	1
 290              		.global	HAL_DAC_Start
ARM GAS  C:\Users\24705\AppData\Local\Temp\ccIr9fa4.s 			page 20


 291              		.syntax unified
 292              		.code	16
 293              		.thumb_func
 295              	HAL_DAC_Start:
 296              	.LVL30:
 297              	.LFB42:
 286:Drivers/STM32F0xx_HAL_Driver/Src/stm32f0xx_hal_dac_ex.c ****   /* Check the parameters */
 298              		.loc 1 286 1 is_stmt 1 view -0
 299              		.cfi_startproc
 300              		@ args = 0, pretend = 0, frame = 0
 301              		@ frame_needed = 0, uses_anonymous_args = 0
 286:Drivers/STM32F0xx_HAL_Driver/Src/stm32f0xx_hal_dac_ex.c ****   /* Check the parameters */
 302              		.loc 1 286 1 is_stmt 0 view .LVU81
 303 0000 10B5     		push	{r4, lr}
 304              	.LCFI4:
 305              		.cfi_def_cfa_offset 8
 306              		.cfi_offset 4, -8
 307              		.cfi_offset 14, -4
 288:Drivers/STM32F0xx_HAL_Driver/Src/stm32f0xx_hal_dac_ex.c ****   
 308              		.loc 1 288 3 is_stmt 1 view .LVU82
 291:Drivers/STM32F0xx_HAL_Driver/Src/stm32f0xx_hal_dac_ex.c ****   
 309              		.loc 1 291 3 view .LVU83
 291:Drivers/STM32F0xx_HAL_Driver/Src/stm32f0xx_hal_dac_ex.c ****   
 310              		.loc 1 291 3 view .LVU84
 311 0002 4379     		ldrb	r3, [r0, #5]
 312 0004 012B     		cmp	r3, #1
 313 0006 27D0     		beq	.L16
 291:Drivers/STM32F0xx_HAL_Driver/Src/stm32f0xx_hal_dac_ex.c ****   
 314              		.loc 1 291 3 discriminator 2 view .LVU85
 315 0008 0123     		movs	r3, #1
 316 000a 4371     		strb	r3, [r0, #5]
 291:Drivers/STM32F0xx_HAL_Driver/Src/stm32f0xx_hal_dac_ex.c ****   
 317              		.loc 1 291 3 view .LVU86
 294:Drivers/STM32F0xx_HAL_Driver/Src/stm32f0xx_hal_dac_ex.c ****   
 318              		.loc 1 294 3 view .LVU87
 294:Drivers/STM32F0xx_HAL_Driver/Src/stm32f0xx_hal_dac_ex.c ****   
 319              		.loc 1 294 15 is_stmt 0 view .LVU88
 320 000c 0222     		movs	r2, #2
 321 000e 0271     		strb	r2, [r0, #4]
 297:Drivers/STM32F0xx_HAL_Driver/Src/stm32f0xx_hal_dac_ex.c ****   
 322              		.loc 1 297 3 is_stmt 1 view .LVU89
 323 0010 0468     		ldr	r4, [r0]
 324 0012 2268     		ldr	r2, [r4]
 325 0014 8B40     		lsls	r3, r3, r1
 326 0016 1343     		orrs	r3, r2
 327 0018 2360     		str	r3, [r4]
 299:Drivers/STM32F0xx_HAL_Driver/Src/stm32f0xx_hal_dac_ex.c ****   {
 328              		.loc 1 299 3 view .LVU90
 299:Drivers/STM32F0xx_HAL_Driver/Src/stm32f0xx_hal_dac_ex.c ****   {
 329              		.loc 1 299 5 is_stmt 0 view .LVU91
 330 001a 0029     		cmp	r1, #0
 331 001c 10D1     		bne	.L14
 302:Drivers/STM32F0xx_HAL_Driver/Src/stm32f0xx_hal_dac_ex.c ****     {
 332              		.loc 1 302 5 is_stmt 1 view .LVU92
 302:Drivers/STM32F0xx_HAL_Driver/Src/stm32f0xx_hal_dac_ex.c ****     {
 333              		.loc 1 302 13 is_stmt 0 view .LVU93
 334 001e 0268     		ldr	r2, [r0]
ARM GAS  C:\Users\24705\AppData\Local\Temp\ccIr9fa4.s 			page 21


 302:Drivers/STM32F0xx_HAL_Driver/Src/stm32f0xx_hal_dac_ex.c ****     {
 335              		.loc 1 302 23 view .LVU94
 336 0020 1168     		ldr	r1, [r2]
 337              	.LVL31:
 302:Drivers/STM32F0xx_HAL_Driver/Src/stm32f0xx_hal_dac_ex.c ****     {
 338              		.loc 1 302 28 view .LVU95
 339 0022 3C23     		movs	r3, #60
 340 0024 0B40     		ands	r3, r1
 302:Drivers/STM32F0xx_HAL_Driver/Src/stm32f0xx_hal_dac_ex.c ****     {
 341              		.loc 1 302 7 view .LVU96
 342 0026 3C2B     		cmp	r3, #60
 343 0028 05D0     		beq	.L17
 344              	.L15:
 319:Drivers/STM32F0xx_HAL_Driver/Src/stm32f0xx_hal_dac_ex.c ****   
 345              		.loc 1 319 3 is_stmt 1 view .LVU97
 319:Drivers/STM32F0xx_HAL_Driver/Src/stm32f0xx_hal_dac_ex.c ****   
 346              		.loc 1 319 15 is_stmt 0 view .LVU98
 347 002a 0123     		movs	r3, #1
 348 002c 0371     		strb	r3, [r0, #4]
 322:Drivers/STM32F0xx_HAL_Driver/Src/stm32f0xx_hal_dac_ex.c ****     
 349              		.loc 1 322 3 is_stmt 1 view .LVU99
 322:Drivers/STM32F0xx_HAL_Driver/Src/stm32f0xx_hal_dac_ex.c ****     
 350              		.loc 1 322 3 view .LVU100
 351 002e 0023     		movs	r3, #0
 352 0030 4371     		strb	r3, [r0, #5]
 322:Drivers/STM32F0xx_HAL_Driver/Src/stm32f0xx_hal_dac_ex.c ****     
 353              		.loc 1 322 3 view .LVU101
 325:Drivers/STM32F0xx_HAL_Driver/Src/stm32f0xx_hal_dac_ex.c **** }
 354              		.loc 1 325 3 view .LVU102
 325:Drivers/STM32F0xx_HAL_Driver/Src/stm32f0xx_hal_dac_ex.c **** }
 355              		.loc 1 325 10 is_stmt 0 view .LVU103
 356 0032 0020     		movs	r0, #0
 357              	.LVL32:
 358              	.L13:
 326:Drivers/STM32F0xx_HAL_Driver/Src/stm32f0xx_hal_dac_ex.c **** 
 359              		.loc 1 326 1 view .LVU104
 360              		@ sp needed
 361 0034 10BD     		pop	{r4, pc}
 362              	.LVL33:
 363              	.L17:
 305:Drivers/STM32F0xx_HAL_Driver/Src/stm32f0xx_hal_dac_ex.c ****     }
 364              		.loc 1 305 7 is_stmt 1 view .LVU105
 365 0036 5368     		ldr	r3, [r2, #4]
 366 0038 0121     		movs	r1, #1
 367 003a 0B43     		orrs	r3, r1
 368 003c 5360     		str	r3, [r2, #4]
 369 003e F4E7     		b	.L15
 370              	.LVL34:
 371              	.L14:
 311:Drivers/STM32F0xx_HAL_Driver/Src/stm32f0xx_hal_dac_ex.c ****     {
 372              		.loc 1 311 5 view .LVU106
 311:Drivers/STM32F0xx_HAL_Driver/Src/stm32f0xx_hal_dac_ex.c ****     {
 373              		.loc 1 311 13 is_stmt 0 view .LVU107
 374 0040 0168     		ldr	r1, [r0]
 375              	.LVL35:
 311:Drivers/STM32F0xx_HAL_Driver/Src/stm32f0xx_hal_dac_ex.c ****     {
 376              		.loc 1 311 23 view .LVU108
ARM GAS  C:\Users\24705\AppData\Local\Temp\ccIr9fa4.s 			page 22


 377 0042 0B68     		ldr	r3, [r1]
 311:Drivers/STM32F0xx_HAL_Driver/Src/stm32f0xx_hal_dac_ex.c ****     {
 378              		.loc 1 311 28 view .LVU109
 379 0044 F022     		movs	r2, #240
 380 0046 9203     		lsls	r2, r2, #14
 381 0048 1340     		ands	r3, r2
 311:Drivers/STM32F0xx_HAL_Driver/Src/stm32f0xx_hal_dac_ex.c ****     {
 382              		.loc 1 311 7 view .LVU110
 383 004a 9342     		cmp	r3, r2
 384 004c EDD1     		bne	.L15
 314:Drivers/STM32F0xx_HAL_Driver/Src/stm32f0xx_hal_dac_ex.c ****     }
 385              		.loc 1 314 7 is_stmt 1 view .LVU111
 386 004e 4B68     		ldr	r3, [r1, #4]
 387 0050 0222     		movs	r2, #2
 388 0052 1343     		orrs	r3, r2
 389 0054 4B60     		str	r3, [r1, #4]
 390 0056 E8E7     		b	.L15
 391              	.LVL36:
 392              	.L16:
 291:Drivers/STM32F0xx_HAL_Driver/Src/stm32f0xx_hal_dac_ex.c ****   
 393              		.loc 1 291 3 is_stmt 0 discriminator 1 view .LVU112
 394 0058 0220     		movs	r0, #2
 395              	.LVL37:
 291:Drivers/STM32F0xx_HAL_Driver/Src/stm32f0xx_hal_dac_ex.c ****   
 396              		.loc 1 291 3 discriminator 1 view .LVU113
 397 005a EBE7     		b	.L13
 398              		.cfi_endproc
 399              	.LFE42:
 401              		.section	.text.HAL_DAC_Start_DMA,"ax",%progbits
 402              		.align	1
 403              		.global	HAL_DAC_Start_DMA
 404              		.syntax unified
 405              		.code	16
 406              		.thumb_func
 408              	HAL_DAC_Start_DMA:
 409              	.LVL38:
 410              	.LFB43:
 346:Drivers/STM32F0xx_HAL_Driver/Src/stm32f0xx_hal_dac_ex.c ****   uint32_t tmpreg = 0U;
 411              		.loc 1 346 1 is_stmt 1 view -0
 412              		.cfi_startproc
 413              		@ args = 4, pretend = 0, frame = 0
 414              		@ frame_needed = 0, uses_anonymous_args = 0
 346:Drivers/STM32F0xx_HAL_Driver/Src/stm32f0xx_hal_dac_ex.c ****   uint32_t tmpreg = 0U;
 415              		.loc 1 346 1 is_stmt 0 view .LVU115
 416 0000 F8B5     		push	{r3, r4, r5, r6, r7, lr}
 417              	.LCFI5:
 418              		.cfi_def_cfa_offset 24
 419              		.cfi_offset 3, -24
 420              		.cfi_offset 4, -20
 421              		.cfi_offset 5, -16
 422              		.cfi_offset 6, -12
 423              		.cfi_offset 7, -8
 424              		.cfi_offset 14, -4
 425 0002 0400     		movs	r4, r0
 426 0004 0D00     		movs	r5, r1
 427 0006 1100     		movs	r1, r2
 428              	.LVL39:
ARM GAS  C:\Users\24705\AppData\Local\Temp\ccIr9fa4.s 			page 23


 347:Drivers/STM32F0xx_HAL_Driver/Src/stm32f0xx_hal_dac_ex.c ****     
 429              		.loc 1 347 3 is_stmt 1 view .LVU116
 350:Drivers/STM32F0xx_HAL_Driver/Src/stm32f0xx_hal_dac_ex.c ****   assert_param(IS_DAC_ALIGN(Alignment));
 430              		.loc 1 350 3 view .LVU117
 351:Drivers/STM32F0xx_HAL_Driver/Src/stm32f0xx_hal_dac_ex.c ****   
 431              		.loc 1 351 3 view .LVU118
 354:Drivers/STM32F0xx_HAL_Driver/Src/stm32f0xx_hal_dac_ex.c ****   
 432              		.loc 1 354 3 view .LVU119
 354:Drivers/STM32F0xx_HAL_Driver/Src/stm32f0xx_hal_dac_ex.c ****   
 433              		.loc 1 354 3 view .LVU120
 434 0008 4079     		ldrb	r0, [r0, #5]
 435              	.LVL40:
 354:Drivers/STM32F0xx_HAL_Driver/Src/stm32f0xx_hal_dac_ex.c ****   
 436              		.loc 1 354 3 is_stmt 0 view .LVU121
 437 000a 0128     		cmp	r0, #1
 438 000c 65D0     		beq	.L28
 354:Drivers/STM32F0xx_HAL_Driver/Src/stm32f0xx_hal_dac_ex.c ****   
 439              		.loc 1 354 3 is_stmt 1 discriminator 2 view .LVU122
 440 000e 0122     		movs	r2, #1
 441              	.LVL41:
 354:Drivers/STM32F0xx_HAL_Driver/Src/stm32f0xx_hal_dac_ex.c ****   
 442              		.loc 1 354 3 is_stmt 0 discriminator 2 view .LVU123
 443 0010 6271     		strb	r2, [r4, #5]
 354:Drivers/STM32F0xx_HAL_Driver/Src/stm32f0xx_hal_dac_ex.c ****   
 444              		.loc 1 354 3 is_stmt 1 view .LVU124
 357:Drivers/STM32F0xx_HAL_Driver/Src/stm32f0xx_hal_dac_ex.c ****   
 445              		.loc 1 357 3 view .LVU125
 357:Drivers/STM32F0xx_HAL_Driver/Src/stm32f0xx_hal_dac_ex.c ****   
 446              		.loc 1 357 15 is_stmt 0 view .LVU126
 447 0012 0132     		adds	r2, r2, #1
 448 0014 2271     		strb	r2, [r4, #4]
 359:Drivers/STM32F0xx_HAL_Driver/Src/stm32f0xx_hal_dac_ex.c ****   {
 449              		.loc 1 359 3 is_stmt 1 view .LVU127
 359:Drivers/STM32F0xx_HAL_Driver/Src/stm32f0xx_hal_dac_ex.c ****   {
 450              		.loc 1 359 5 is_stmt 0 view .LVU128
 451 0016 002D     		cmp	r5, #0
 452 0018 32D1     		bne	.L20
 362:Drivers/STM32F0xx_HAL_Driver/Src/stm32f0xx_hal_dac_ex.c ****     
 453              		.loc 1 362 5 is_stmt 1 view .LVU129
 362:Drivers/STM32F0xx_HAL_Driver/Src/stm32f0xx_hal_dac_ex.c ****     
 454              		.loc 1 362 9 is_stmt 0 view .LVU130
 455 001a A268     		ldr	r2, [r4, #8]
 362:Drivers/STM32F0xx_HAL_Driver/Src/stm32f0xx_hal_dac_ex.c ****     
 456              		.loc 1 362 41 view .LVU131
 457 001c 3048     		ldr	r0, .L31
 458 001e 9062     		str	r0, [r2, #40]
 365:Drivers/STM32F0xx_HAL_Driver/Src/stm32f0xx_hal_dac_ex.c ****        
 459              		.loc 1 365 5 is_stmt 1 view .LVU132
 365:Drivers/STM32F0xx_HAL_Driver/Src/stm32f0xx_hal_dac_ex.c ****        
 460              		.loc 1 365 9 is_stmt 0 view .LVU133
 461 0020 A268     		ldr	r2, [r4, #8]
 365:Drivers/STM32F0xx_HAL_Driver/Src/stm32f0xx_hal_dac_ex.c ****        
 462              		.loc 1 365 45 view .LVU134
 463 0022 3048     		ldr	r0, .L31+4
 464 0024 D062     		str	r0, [r2, #44]
 368:Drivers/STM32F0xx_HAL_Driver/Src/stm32f0xx_hal_dac_ex.c ****     
 465              		.loc 1 368 5 is_stmt 1 view .LVU135
ARM GAS  C:\Users\24705\AppData\Local\Temp\ccIr9fa4.s 			page 24


 368:Drivers/STM32F0xx_HAL_Driver/Src/stm32f0xx_hal_dac_ex.c ****     
 466              		.loc 1 368 9 is_stmt 0 view .LVU136
 467 0026 A268     		ldr	r2, [r4, #8]
 368:Drivers/STM32F0xx_HAL_Driver/Src/stm32f0xx_hal_dac_ex.c ****     
 468              		.loc 1 368 42 view .LVU137
 469 0028 2F48     		ldr	r0, .L31+8
 470 002a 1063     		str	r0, [r2, #48]
 371:Drivers/STM32F0xx_HAL_Driver/Src/stm32f0xx_hal_dac_ex.c ****     
 471              		.loc 1 371 5 is_stmt 1 view .LVU138
 472 002c 2068     		ldr	r0, [r4]
 473 002e 0668     		ldr	r6, [r0]
 474 0030 8022     		movs	r2, #128
 475 0032 5201     		lsls	r2, r2, #5
 476 0034 3243     		orrs	r2, r6
 477 0036 0260     		str	r2, [r0]
 374:Drivers/STM32F0xx_HAL_Driver/Src/stm32f0xx_hal_dac_ex.c ****     {
 478              		.loc 1 374 5 view .LVU139
 479 0038 069A     		ldr	r2, [sp, #24]
 480 003a 042A     		cmp	r2, #4
 481 003c 1AD0     		beq	.L21
 482 003e 082A     		cmp	r2, #8
 483 0040 1BD0     		beq	.L22
 484 0042 002A     		cmp	r2, #0
 485 0044 3BD1     		bne	.L29
 378:Drivers/STM32F0xx_HAL_Driver/Src/stm32f0xx_hal_dac_ex.c ****         break;
 486              		.loc 1 378 9 view .LVU140
 378:Drivers/STM32F0xx_HAL_Driver/Src/stm32f0xx_hal_dac_ex.c ****         break;
 487              		.loc 1 378 33 is_stmt 0 view .LVU141
 488 0046 2268     		ldr	r2, [r4]
 378:Drivers/STM32F0xx_HAL_Driver/Src/stm32f0xx_hal_dac_ex.c ****         break;
 489              		.loc 1 378 28 view .LVU142
 490 0048 0832     		adds	r2, r2, #8
 491              	.LVL42:
 379:Drivers/STM32F0xx_HAL_Driver/Src/stm32f0xx_hal_dac_ex.c ****       case DAC_ALIGN_12B_L:
 492              		.loc 1 379 9 is_stmt 1 view .LVU143
 493              	.L23:
 427:Drivers/STM32F0xx_HAL_Driver/Src/stm32f0xx_hal_dac_ex.c ****   {
 494              		.loc 1 427 3 view .LVU144
 427:Drivers/STM32F0xx_HAL_Driver/Src/stm32f0xx_hal_dac_ex.c ****   {
 495              		.loc 1 427 5 is_stmt 0 view .LVU145
 496 004a 002D     		cmp	r5, #0
 497 004c 3BD1     		bne	.L26
 430:Drivers/STM32F0xx_HAL_Driver/Src/stm32f0xx_hal_dac_ex.c ****     
 498              		.loc 1 430 5 is_stmt 1 view .LVU146
 499 004e 2668     		ldr	r6, [r4]
 500 0050 3768     		ldr	r7, [r6]
 501 0052 8020     		movs	r0, #128
 502 0054 8001     		lsls	r0, r0, #6
 503 0056 3843     		orrs	r0, r7
 504 0058 3060     		str	r0, [r6]
 433:Drivers/STM32F0xx_HAL_Driver/Src/stm32f0xx_hal_dac_ex.c ****   } 
 505              		.loc 1 433 5 view .LVU147
 506 005a A068     		ldr	r0, [r4, #8]
 507 005c FFF7FEFF 		bl	HAL_DMA_Start_IT
 508              	.LVL43:
 509              	.L27:
 445:Drivers/STM32F0xx_HAL_Driver/Src/stm32f0xx_hal_dac_ex.c ****   
ARM GAS  C:\Users\24705\AppData\Local\Temp\ccIr9fa4.s 			page 25


 510              		.loc 1 445 3 view .LVU148
 511 0060 2168     		ldr	r1, [r4]
 512 0062 0B68     		ldr	r3, [r1]
 513 0064 0122     		movs	r2, #1
 514 0066 AA40     		lsls	r2, r2, r5
 515 0068 1343     		orrs	r3, r2
 516 006a 0B60     		str	r3, [r1]
 448:Drivers/STM32F0xx_HAL_Driver/Src/stm32f0xx_hal_dac_ex.c ****   
 517              		.loc 1 448 3 view .LVU149
 448:Drivers/STM32F0xx_HAL_Driver/Src/stm32f0xx_hal_dac_ex.c ****   
 518              		.loc 1 448 3 view .LVU150
 519 006c 0023     		movs	r3, #0
 520 006e 6371     		strb	r3, [r4, #5]
 448:Drivers/STM32F0xx_HAL_Driver/Src/stm32f0xx_hal_dac_ex.c ****   
 521              		.loc 1 448 3 view .LVU151
 451:Drivers/STM32F0xx_HAL_Driver/Src/stm32f0xx_hal_dac_ex.c **** }
 522              		.loc 1 451 3 view .LVU152
 451:Drivers/STM32F0xx_HAL_Driver/Src/stm32f0xx_hal_dac_ex.c **** }
 523              		.loc 1 451 10 is_stmt 0 view .LVU153
 524 0070 0020     		movs	r0, #0
 525              	.LVL44:
 526              	.L19:
 452:Drivers/STM32F0xx_HAL_Driver/Src/stm32f0xx_hal_dac_ex.c **** 
 527              		.loc 1 452 1 view .LVU154
 528              		@ sp needed
 529              	.LVL45:
 530              	.LVL46:
 452:Drivers/STM32F0xx_HAL_Driver/Src/stm32f0xx_hal_dac_ex.c **** 
 531              		.loc 1 452 1 view .LVU155
 532 0072 F8BD     		pop	{r3, r4, r5, r6, r7, pc}
 533              	.LVL47:
 534              	.L21:
 382:Drivers/STM32F0xx_HAL_Driver/Src/stm32f0xx_hal_dac_ex.c ****         break;
 535              		.loc 1 382 9 is_stmt 1 view .LVU156
 382:Drivers/STM32F0xx_HAL_Driver/Src/stm32f0xx_hal_dac_ex.c ****         break;
 536              		.loc 1 382 33 is_stmt 0 view .LVU157
 537 0074 2268     		ldr	r2, [r4]
 382:Drivers/STM32F0xx_HAL_Driver/Src/stm32f0xx_hal_dac_ex.c ****         break;
 538              		.loc 1 382 28 view .LVU158
 539 0076 0C32     		adds	r2, r2, #12
 540              	.LVL48:
 383:Drivers/STM32F0xx_HAL_Driver/Src/stm32f0xx_hal_dac_ex.c ****       case DAC_ALIGN_8B_R:
 541              		.loc 1 383 9 is_stmt 1 view .LVU159
 542 0078 E7E7     		b	.L23
 543              	.LVL49:
 544              	.L22:
 386:Drivers/STM32F0xx_HAL_Driver/Src/stm32f0xx_hal_dac_ex.c ****         break;
 545              		.loc 1 386 9 view .LVU160
 386:Drivers/STM32F0xx_HAL_Driver/Src/stm32f0xx_hal_dac_ex.c ****         break;
 546              		.loc 1 386 33 is_stmt 0 view .LVU161
 547 007a 2268     		ldr	r2, [r4]
 386:Drivers/STM32F0xx_HAL_Driver/Src/stm32f0xx_hal_dac_ex.c ****         break;
 548              		.loc 1 386 28 view .LVU162
 549 007c 1032     		adds	r2, r2, #16
 550              	.LVL50:
 387:Drivers/STM32F0xx_HAL_Driver/Src/stm32f0xx_hal_dac_ex.c ****       default:
 551              		.loc 1 387 9 is_stmt 1 view .LVU163
ARM GAS  C:\Users\24705\AppData\Local\Temp\ccIr9fa4.s 			page 26


 552 007e E4E7     		b	.L23
 553              	.LVL51:
 554              	.L20:
 395:Drivers/STM32F0xx_HAL_Driver/Src/stm32f0xx_hal_dac_ex.c ****     
 555              		.loc 1 395 5 view .LVU164
 395:Drivers/STM32F0xx_HAL_Driver/Src/stm32f0xx_hal_dac_ex.c ****     
 556              		.loc 1 395 9 is_stmt 0 view .LVU165
 557 0080 E268     		ldr	r2, [r4, #12]
 395:Drivers/STM32F0xx_HAL_Driver/Src/stm32f0xx_hal_dac_ex.c ****     
 558              		.loc 1 395 41 view .LVU166
 559 0082 1A48     		ldr	r0, .L31+12
 560 0084 9062     		str	r0, [r2, #40]
 398:Drivers/STM32F0xx_HAL_Driver/Src/stm32f0xx_hal_dac_ex.c ****        
 561              		.loc 1 398 5 is_stmt 1 view .LVU167
 398:Drivers/STM32F0xx_HAL_Driver/Src/stm32f0xx_hal_dac_ex.c ****        
 562              		.loc 1 398 9 is_stmt 0 view .LVU168
 563 0086 E268     		ldr	r2, [r4, #12]
 398:Drivers/STM32F0xx_HAL_Driver/Src/stm32f0xx_hal_dac_ex.c ****        
 564              		.loc 1 398 45 view .LVU169
 565 0088 1948     		ldr	r0, .L31+16
 566 008a D062     		str	r0, [r2, #44]
 401:Drivers/STM32F0xx_HAL_Driver/Src/stm32f0xx_hal_dac_ex.c ****     
 567              		.loc 1 401 5 is_stmt 1 view .LVU170
 401:Drivers/STM32F0xx_HAL_Driver/Src/stm32f0xx_hal_dac_ex.c ****     
 568              		.loc 1 401 9 is_stmt 0 view .LVU171
 569 008c E268     		ldr	r2, [r4, #12]
 401:Drivers/STM32F0xx_HAL_Driver/Src/stm32f0xx_hal_dac_ex.c ****     
 570              		.loc 1 401 42 view .LVU172
 571 008e 1948     		ldr	r0, .L31+20
 572 0090 1063     		str	r0, [r2, #48]
 404:Drivers/STM32F0xx_HAL_Driver/Src/stm32f0xx_hal_dac_ex.c ****     
 573              		.loc 1 404 5 is_stmt 1 view .LVU173
 574 0092 2068     		ldr	r0, [r4]
 575 0094 0668     		ldr	r6, [r0]
 576 0096 8022     		movs	r2, #128
 577 0098 5205     		lsls	r2, r2, #21
 578 009a 3243     		orrs	r2, r6
 579 009c 0260     		str	r2, [r0]
 407:Drivers/STM32F0xx_HAL_Driver/Src/stm32f0xx_hal_dac_ex.c ****     {
 580              		.loc 1 407 5 view .LVU174
 581 009e 069A     		ldr	r2, [sp, #24]
 582 00a0 042A     		cmp	r2, #4
 583 00a2 06D0     		beq	.L24
 584 00a4 082A     		cmp	r2, #8
 585 00a6 07D0     		beq	.L25
 586 00a8 002A     		cmp	r2, #0
 587 00aa 0AD1     		bne	.L30
 411:Drivers/STM32F0xx_HAL_Driver/Src/stm32f0xx_hal_dac_ex.c ****         break;
 588              		.loc 1 411 9 view .LVU175
 411:Drivers/STM32F0xx_HAL_Driver/Src/stm32f0xx_hal_dac_ex.c ****         break;
 589              		.loc 1 411 33 is_stmt 0 view .LVU176
 590 00ac 2268     		ldr	r2, [r4]
 411:Drivers/STM32F0xx_HAL_Driver/Src/stm32f0xx_hal_dac_ex.c ****         break;
 591              		.loc 1 411 28 view .LVU177
 592 00ae 1432     		adds	r2, r2, #20
 593              	.LVL52:
 412:Drivers/STM32F0xx_HAL_Driver/Src/stm32f0xx_hal_dac_ex.c ****       case DAC_ALIGN_12B_L:
ARM GAS  C:\Users\24705\AppData\Local\Temp\ccIr9fa4.s 			page 27


 594              		.loc 1 412 9 is_stmt 1 view .LVU178
 595 00b0 CBE7     		b	.L23
 596              	.LVL53:
 597              	.L24:
 415:Drivers/STM32F0xx_HAL_Driver/Src/stm32f0xx_hal_dac_ex.c ****         break;
 598              		.loc 1 415 9 view .LVU179
 415:Drivers/STM32F0xx_HAL_Driver/Src/stm32f0xx_hal_dac_ex.c ****         break;
 599              		.loc 1 415 33 is_stmt 0 view .LVU180
 600 00b2 2268     		ldr	r2, [r4]
 415:Drivers/STM32F0xx_HAL_Driver/Src/stm32f0xx_hal_dac_ex.c ****         break;
 601              		.loc 1 415 28 view .LVU181
 602 00b4 1832     		adds	r2, r2, #24
 603              	.LVL54:
 416:Drivers/STM32F0xx_HAL_Driver/Src/stm32f0xx_hal_dac_ex.c ****       case DAC_ALIGN_8B_R:
 604              		.loc 1 416 9 is_stmt 1 view .LVU182
 605 00b6 C8E7     		b	.L23
 606              	.LVL55:
 607              	.L25:
 419:Drivers/STM32F0xx_HAL_Driver/Src/stm32f0xx_hal_dac_ex.c ****         break;
 608              		.loc 1 419 9 view .LVU183
 419:Drivers/STM32F0xx_HAL_Driver/Src/stm32f0xx_hal_dac_ex.c ****         break;
 609              		.loc 1 419 33 is_stmt 0 view .LVU184
 610 00b8 2268     		ldr	r2, [r4]
 419:Drivers/STM32F0xx_HAL_Driver/Src/stm32f0xx_hal_dac_ex.c ****         break;
 611              		.loc 1 419 28 view .LVU185
 612 00ba 1C32     		adds	r2, r2, #28
 613              	.LVL56:
 420:Drivers/STM32F0xx_HAL_Driver/Src/stm32f0xx_hal_dac_ex.c ****       default:
 614              		.loc 1 420 9 is_stmt 1 view .LVU186
 615 00bc C5E7     		b	.L23
 616              	.LVL57:
 617              	.L29:
 374:Drivers/STM32F0xx_HAL_Driver/Src/stm32f0xx_hal_dac_ex.c ****     {
 618              		.loc 1 374 5 is_stmt 0 view .LVU187
 619 00be 2A00     		movs	r2, r5
 620 00c0 C3E7     		b	.L23
 621              	.L30:
 407:Drivers/STM32F0xx_HAL_Driver/Src/stm32f0xx_hal_dac_ex.c ****     {
 622              		.loc 1 407 5 view .LVU188
 623 00c2 0022     		movs	r2, #0
 624 00c4 C1E7     		b	.L23
 625              	.LVL58:
 626              	.L26:
 438:Drivers/STM32F0xx_HAL_Driver/Src/stm32f0xx_hal_dac_ex.c ****     
 627              		.loc 1 438 5 is_stmt 1 view .LVU189
 628 00c6 2668     		ldr	r6, [r4]
 629 00c8 3768     		ldr	r7, [r6]
 630 00ca 8020     		movs	r0, #128
 631 00cc 8005     		lsls	r0, r0, #22
 632 00ce 3843     		orrs	r0, r7
 633 00d0 3060     		str	r0, [r6]
 441:Drivers/STM32F0xx_HAL_Driver/Src/stm32f0xx_hal_dac_ex.c ****   }
 634              		.loc 1 441 5 view .LVU190
 635 00d2 E068     		ldr	r0, [r4, #12]
 636 00d4 FFF7FEFF 		bl	HAL_DMA_Start_IT
 637              	.LVL59:
 441:Drivers/STM32F0xx_HAL_Driver/Src/stm32f0xx_hal_dac_ex.c ****   }
ARM GAS  C:\Users\24705\AppData\Local\Temp\ccIr9fa4.s 			page 28


 638              		.loc 1 441 5 is_stmt 0 view .LVU191
 639 00d8 C2E7     		b	.L27
 640              	.LVL60:
 641              	.L28:
 354:Drivers/STM32F0xx_HAL_Driver/Src/stm32f0xx_hal_dac_ex.c ****   
 642              		.loc 1 354 3 discriminator 1 view .LVU192
 643 00da 0220     		movs	r0, #2
 644 00dc C9E7     		b	.L19
 645              	.L32:
 646 00de C046     		.align	2
 647              	.L31:
 648 00e0 00000000 		.word	DAC_DMAConvCpltCh1
 649 00e4 00000000 		.word	DAC_DMAHalfConvCpltCh1
 650 00e8 00000000 		.word	DAC_DMAErrorCh1
 651 00ec 00000000 		.word	DAC_DMAConvCpltCh2
 652 00f0 00000000 		.word	DAC_DMAHalfConvCpltCh2
 653 00f4 00000000 		.word	DAC_DMAErrorCh2
 654              		.cfi_endproc
 655              	.LFE43:
 657              		.section	.text.HAL_DACEx_DualGetValue,"ax",%progbits
 658              		.align	1
 659              		.global	HAL_DACEx_DualGetValue
 660              		.syntax unified
 661              		.code	16
 662              		.thumb_func
 664              	HAL_DACEx_DualGetValue:
 665              	.LVL61:
 666              	.LFB51:
 737:Drivers/STM32F0xx_HAL_Driver/Src/stm32f0xx_hal_dac_ex.c **** /**
 738:Drivers/STM32F0xx_HAL_Driver/Src/stm32f0xx_hal_dac_ex.c ****   * @}
 739:Drivers/STM32F0xx_HAL_Driver/Src/stm32f0xx_hal_dac_ex.c ****   */
 740:Drivers/STM32F0xx_HAL_Driver/Src/stm32f0xx_hal_dac_ex.c **** #endif /* STM32F051x8  STM32F058xx */
 741:Drivers/STM32F0xx_HAL_Driver/Src/stm32f0xx_hal_dac_ex.c ****        /* STM32F071xB  STM32F072xB  STM32F078xx */
 742:Drivers/STM32F0xx_HAL_Driver/Src/stm32f0xx_hal_dac_ex.c ****        /* STM32F091xC  STM32F098xx */
 743:Drivers/STM32F0xx_HAL_Driver/Src/stm32f0xx_hal_dac_ex.c **** 
 744:Drivers/STM32F0xx_HAL_Driver/Src/stm32f0xx_hal_dac_ex.c **** #if defined(STM32F071xB) || defined(STM32F072xB) || defined(STM32F078xx) || \
 745:Drivers/STM32F0xx_HAL_Driver/Src/stm32f0xx_hal_dac_ex.c ****     defined(STM32F091xC) || defined(STM32F098xx)
 746:Drivers/STM32F0xx_HAL_Driver/Src/stm32f0xx_hal_dac_ex.c **** 
 747:Drivers/STM32F0xx_HAL_Driver/Src/stm32f0xx_hal_dac_ex.c **** /** @addtogroup DAC_Private_Functions
 748:Drivers/STM32F0xx_HAL_Driver/Src/stm32f0xx_hal_dac_ex.c ****   * @{
 749:Drivers/STM32F0xx_HAL_Driver/Src/stm32f0xx_hal_dac_ex.c ****   */
 750:Drivers/STM32F0xx_HAL_Driver/Src/stm32f0xx_hal_dac_ex.c **** 
 751:Drivers/STM32F0xx_HAL_Driver/Src/stm32f0xx_hal_dac_ex.c **** /**
 752:Drivers/STM32F0xx_HAL_Driver/Src/stm32f0xx_hal_dac_ex.c ****   * @brief  DMA conversion complete callback. 
 753:Drivers/STM32F0xx_HAL_Driver/Src/stm32f0xx_hal_dac_ex.c ****   * @param  hdma pointer to a DMA_HandleTypeDef structure that contains
 754:Drivers/STM32F0xx_HAL_Driver/Src/stm32f0xx_hal_dac_ex.c ****   *                the configuration information for the specified DMA module.
 755:Drivers/STM32F0xx_HAL_Driver/Src/stm32f0xx_hal_dac_ex.c ****   * @retval None
 756:Drivers/STM32F0xx_HAL_Driver/Src/stm32f0xx_hal_dac_ex.c ****   */
 757:Drivers/STM32F0xx_HAL_Driver/Src/stm32f0xx_hal_dac_ex.c **** void DAC_DMAConvCpltCh2(DMA_HandleTypeDef *hdma)   
 758:Drivers/STM32F0xx_HAL_Driver/Src/stm32f0xx_hal_dac_ex.c **** {
 759:Drivers/STM32F0xx_HAL_Driver/Src/stm32f0xx_hal_dac_ex.c ****   DAC_HandleTypeDef* hdac = ( DAC_HandleTypeDef* )((DMA_HandleTypeDef* )hdma)->Parent;
 760:Drivers/STM32F0xx_HAL_Driver/Src/stm32f0xx_hal_dac_ex.c ****   
 761:Drivers/STM32F0xx_HAL_Driver/Src/stm32f0xx_hal_dac_ex.c **** #if (USE_HAL_DAC_REGISTER_CALLBACKS == 1)  
 762:Drivers/STM32F0xx_HAL_Driver/Src/stm32f0xx_hal_dac_ex.c ****   hdac->ConvCpltCallbackCh2(hdac);
 763:Drivers/STM32F0xx_HAL_Driver/Src/stm32f0xx_hal_dac_ex.c **** #else
 764:Drivers/STM32F0xx_HAL_Driver/Src/stm32f0xx_hal_dac_ex.c ****   HAL_DACEx_ConvCpltCallbackCh2(hdac); 
 765:Drivers/STM32F0xx_HAL_Driver/Src/stm32f0xx_hal_dac_ex.c **** #endif
ARM GAS  C:\Users\24705\AppData\Local\Temp\ccIr9fa4.s 			page 29


 766:Drivers/STM32F0xx_HAL_Driver/Src/stm32f0xx_hal_dac_ex.c ****   
 767:Drivers/STM32F0xx_HAL_Driver/Src/stm32f0xx_hal_dac_ex.c ****   hdac->State= HAL_DAC_STATE_READY;
 768:Drivers/STM32F0xx_HAL_Driver/Src/stm32f0xx_hal_dac_ex.c **** }
 769:Drivers/STM32F0xx_HAL_Driver/Src/stm32f0xx_hal_dac_ex.c **** 
 770:Drivers/STM32F0xx_HAL_Driver/Src/stm32f0xx_hal_dac_ex.c **** /**
 771:Drivers/STM32F0xx_HAL_Driver/Src/stm32f0xx_hal_dac_ex.c ****   * @brief  DMA half transfer complete callback. 
 772:Drivers/STM32F0xx_HAL_Driver/Src/stm32f0xx_hal_dac_ex.c ****   * @param  hdma pointer to a DMA_HandleTypeDef structure that contains
 773:Drivers/STM32F0xx_HAL_Driver/Src/stm32f0xx_hal_dac_ex.c ****   *                the configuration information for the specified DMA module.
 774:Drivers/STM32F0xx_HAL_Driver/Src/stm32f0xx_hal_dac_ex.c ****   * @retval None
 775:Drivers/STM32F0xx_HAL_Driver/Src/stm32f0xx_hal_dac_ex.c ****   */
 776:Drivers/STM32F0xx_HAL_Driver/Src/stm32f0xx_hal_dac_ex.c **** void DAC_DMAHalfConvCpltCh2(DMA_HandleTypeDef *hdma)   
 777:Drivers/STM32F0xx_HAL_Driver/Src/stm32f0xx_hal_dac_ex.c **** {
 778:Drivers/STM32F0xx_HAL_Driver/Src/stm32f0xx_hal_dac_ex.c ****     DAC_HandleTypeDef* hdac = ( DAC_HandleTypeDef* )((DMA_HandleTypeDef* )hdma)->Parent;
 779:Drivers/STM32F0xx_HAL_Driver/Src/stm32f0xx_hal_dac_ex.c **** 
 780:Drivers/STM32F0xx_HAL_Driver/Src/stm32f0xx_hal_dac_ex.c ****     /* Conversion complete callback */
 781:Drivers/STM32F0xx_HAL_Driver/Src/stm32f0xx_hal_dac_ex.c **** #if (USE_HAL_DAC_REGISTER_CALLBACKS == 1)  
 782:Drivers/STM32F0xx_HAL_Driver/Src/stm32f0xx_hal_dac_ex.c ****   hdac->ConvHalfCpltCallbackCh2(hdac);
 783:Drivers/STM32F0xx_HAL_Driver/Src/stm32f0xx_hal_dac_ex.c **** #else
 784:Drivers/STM32F0xx_HAL_Driver/Src/stm32f0xx_hal_dac_ex.c ****     HAL_DACEx_ConvHalfCpltCallbackCh2(hdac); 
 785:Drivers/STM32F0xx_HAL_Driver/Src/stm32f0xx_hal_dac_ex.c **** #endif
 786:Drivers/STM32F0xx_HAL_Driver/Src/stm32f0xx_hal_dac_ex.c **** }
 787:Drivers/STM32F0xx_HAL_Driver/Src/stm32f0xx_hal_dac_ex.c **** 
 788:Drivers/STM32F0xx_HAL_Driver/Src/stm32f0xx_hal_dac_ex.c **** /**
 789:Drivers/STM32F0xx_HAL_Driver/Src/stm32f0xx_hal_dac_ex.c ****   * @brief  DMA error callback 
 790:Drivers/STM32F0xx_HAL_Driver/Src/stm32f0xx_hal_dac_ex.c ****   * @param  hdma pointer to a DMA_HandleTypeDef structure that contains
 791:Drivers/STM32F0xx_HAL_Driver/Src/stm32f0xx_hal_dac_ex.c ****   *                the configuration information for the specified DMA module.
 792:Drivers/STM32F0xx_HAL_Driver/Src/stm32f0xx_hal_dac_ex.c ****   * @retval None
 793:Drivers/STM32F0xx_HAL_Driver/Src/stm32f0xx_hal_dac_ex.c ****   */
 794:Drivers/STM32F0xx_HAL_Driver/Src/stm32f0xx_hal_dac_ex.c **** void DAC_DMAErrorCh2(DMA_HandleTypeDef *hdma)   
 795:Drivers/STM32F0xx_HAL_Driver/Src/stm32f0xx_hal_dac_ex.c **** {
 796:Drivers/STM32F0xx_HAL_Driver/Src/stm32f0xx_hal_dac_ex.c ****   DAC_HandleTypeDef* hdac = ( DAC_HandleTypeDef* )((DMA_HandleTypeDef* )hdma)->Parent;
 797:Drivers/STM32F0xx_HAL_Driver/Src/stm32f0xx_hal_dac_ex.c ****     
 798:Drivers/STM32F0xx_HAL_Driver/Src/stm32f0xx_hal_dac_ex.c ****   /* Set DAC error code to DMA error */
 799:Drivers/STM32F0xx_HAL_Driver/Src/stm32f0xx_hal_dac_ex.c ****   hdac->ErrorCode |= HAL_DAC_ERROR_DMA;
 800:Drivers/STM32F0xx_HAL_Driver/Src/stm32f0xx_hal_dac_ex.c ****     
 801:Drivers/STM32F0xx_HAL_Driver/Src/stm32f0xx_hal_dac_ex.c **** #if (USE_HAL_DAC_REGISTER_CALLBACKS == 1)
 802:Drivers/STM32F0xx_HAL_Driver/Src/stm32f0xx_hal_dac_ex.c ****   hdac->ErrorCallbackCh2(hdac);
 803:Drivers/STM32F0xx_HAL_Driver/Src/stm32f0xx_hal_dac_ex.c **** #else 
 804:Drivers/STM32F0xx_HAL_Driver/Src/stm32f0xx_hal_dac_ex.c ****   HAL_DACEx_ErrorCallbackCh2(hdac); 
 805:Drivers/STM32F0xx_HAL_Driver/Src/stm32f0xx_hal_dac_ex.c **** #endif 
 806:Drivers/STM32F0xx_HAL_Driver/Src/stm32f0xx_hal_dac_ex.c ****   hdac->State= HAL_DAC_STATE_READY;
 807:Drivers/STM32F0xx_HAL_Driver/Src/stm32f0xx_hal_dac_ex.c **** }
 808:Drivers/STM32F0xx_HAL_Driver/Src/stm32f0xx_hal_dac_ex.c **** 
 809:Drivers/STM32F0xx_HAL_Driver/Src/stm32f0xx_hal_dac_ex.c **** /**
 810:Drivers/STM32F0xx_HAL_Driver/Src/stm32f0xx_hal_dac_ex.c ****   * @}
 811:Drivers/STM32F0xx_HAL_Driver/Src/stm32f0xx_hal_dac_ex.c ****   */
 812:Drivers/STM32F0xx_HAL_Driver/Src/stm32f0xx_hal_dac_ex.c **** 
 813:Drivers/STM32F0xx_HAL_Driver/Src/stm32f0xx_hal_dac_ex.c **** #endif /* STM32F071xB  STM32F072xB  STM32F078xx */
 814:Drivers/STM32F0xx_HAL_Driver/Src/stm32f0xx_hal_dac_ex.c ****        /* STM32F091xC  STM32F098xx */
 815:Drivers/STM32F0xx_HAL_Driver/Src/stm32f0xx_hal_dac_ex.c **** 
 816:Drivers/STM32F0xx_HAL_Driver/Src/stm32f0xx_hal_dac_ex.c **** /**
 817:Drivers/STM32F0xx_HAL_Driver/Src/stm32f0xx_hal_dac_ex.c ****   * @}
 818:Drivers/STM32F0xx_HAL_Driver/Src/stm32f0xx_hal_dac_ex.c ****   */
 819:Drivers/STM32F0xx_HAL_Driver/Src/stm32f0xx_hal_dac_ex.c **** 
 820:Drivers/STM32F0xx_HAL_Driver/Src/stm32f0xx_hal_dac_ex.c **** /** @defgroup DACEx DACEx
 821:Drivers/STM32F0xx_HAL_Driver/Src/stm32f0xx_hal_dac_ex.c ****   * @brief DACEx driver module
 822:Drivers/STM32F0xx_HAL_Driver/Src/stm32f0xx_hal_dac_ex.c ****   * @{
ARM GAS  C:\Users\24705\AppData\Local\Temp\ccIr9fa4.s 			page 30


 823:Drivers/STM32F0xx_HAL_Driver/Src/stm32f0xx_hal_dac_ex.c ****   */ 
 824:Drivers/STM32F0xx_HAL_Driver/Src/stm32f0xx_hal_dac_ex.c **** 
 825:Drivers/STM32F0xx_HAL_Driver/Src/stm32f0xx_hal_dac_ex.c **** /* Private typedef -----------------------------------------------------------*/
 826:Drivers/STM32F0xx_HAL_Driver/Src/stm32f0xx_hal_dac_ex.c **** /* Private define ------------------------------------------------------------*/
 827:Drivers/STM32F0xx_HAL_Driver/Src/stm32f0xx_hal_dac_ex.c **** /* Private macro -------------------------------------------------------------*/
 828:Drivers/STM32F0xx_HAL_Driver/Src/stm32f0xx_hal_dac_ex.c **** /** @defgroup DACEx_Private_Macros DACEx Private Macros
 829:Drivers/STM32F0xx_HAL_Driver/Src/stm32f0xx_hal_dac_ex.c ****   * @{
 830:Drivers/STM32F0xx_HAL_Driver/Src/stm32f0xx_hal_dac_ex.c ****   */
 831:Drivers/STM32F0xx_HAL_Driver/Src/stm32f0xx_hal_dac_ex.c **** /**
 832:Drivers/STM32F0xx_HAL_Driver/Src/stm32f0xx_hal_dac_ex.c ****   * @}
 833:Drivers/STM32F0xx_HAL_Driver/Src/stm32f0xx_hal_dac_ex.c ****   */
 834:Drivers/STM32F0xx_HAL_Driver/Src/stm32f0xx_hal_dac_ex.c **** 
 835:Drivers/STM32F0xx_HAL_Driver/Src/stm32f0xx_hal_dac_ex.c **** /* Private variables ---------------------------------------------------------*/
 836:Drivers/STM32F0xx_HAL_Driver/Src/stm32f0xx_hal_dac_ex.c **** /* Private function prototypes -----------------------------------------------*/
 837:Drivers/STM32F0xx_HAL_Driver/Src/stm32f0xx_hal_dac_ex.c **** /* Private functions ---------------------------------------------------------*/
 838:Drivers/STM32F0xx_HAL_Driver/Src/stm32f0xx_hal_dac_ex.c **** 
 839:Drivers/STM32F0xx_HAL_Driver/Src/stm32f0xx_hal_dac_ex.c **** /** @defgroup DACEx_Exported_Functions DACEx Exported Functions
 840:Drivers/STM32F0xx_HAL_Driver/Src/stm32f0xx_hal_dac_ex.c ****   * @{
 841:Drivers/STM32F0xx_HAL_Driver/Src/stm32f0xx_hal_dac_ex.c ****   */
 842:Drivers/STM32F0xx_HAL_Driver/Src/stm32f0xx_hal_dac_ex.c **** 
 843:Drivers/STM32F0xx_HAL_Driver/Src/stm32f0xx_hal_dac_ex.c **** /** @defgroup DACEx_Exported_Functions_Group1 Extended features functions
 844:Drivers/STM32F0xx_HAL_Driver/Src/stm32f0xx_hal_dac_ex.c ****  *  @brief    Extended features functions 
 845:Drivers/STM32F0xx_HAL_Driver/Src/stm32f0xx_hal_dac_ex.c ****  *
 846:Drivers/STM32F0xx_HAL_Driver/Src/stm32f0xx_hal_dac_ex.c **** @verbatim   
 847:Drivers/STM32F0xx_HAL_Driver/Src/stm32f0xx_hal_dac_ex.c ****   ==============================================================================
 848:Drivers/STM32F0xx_HAL_Driver/Src/stm32f0xx_hal_dac_ex.c ****                  ##### Extended features functions #####
 849:Drivers/STM32F0xx_HAL_Driver/Src/stm32f0xx_hal_dac_ex.c ****   ==============================================================================  
 850:Drivers/STM32F0xx_HAL_Driver/Src/stm32f0xx_hal_dac_ex.c ****     [..]  This section provides functions allowing to:
 851:Drivers/STM32F0xx_HAL_Driver/Src/stm32f0xx_hal_dac_ex.c ****       (+) Start conversion.
 852:Drivers/STM32F0xx_HAL_Driver/Src/stm32f0xx_hal_dac_ex.c ****       (+) Stop conversion.
 853:Drivers/STM32F0xx_HAL_Driver/Src/stm32f0xx_hal_dac_ex.c ****       (+) Start conversion and enable DMA transfer.
 854:Drivers/STM32F0xx_HAL_Driver/Src/stm32f0xx_hal_dac_ex.c ****       (+) Stop conversion and disable DMA transfer.
 855:Drivers/STM32F0xx_HAL_Driver/Src/stm32f0xx_hal_dac_ex.c ****       (+) Get result of conversion.
 856:Drivers/STM32F0xx_HAL_Driver/Src/stm32f0xx_hal_dac_ex.c ****       (+) Get result of dual mode conversion.
 857:Drivers/STM32F0xx_HAL_Driver/Src/stm32f0xx_hal_dac_ex.c ****                      
 858:Drivers/STM32F0xx_HAL_Driver/Src/stm32f0xx_hal_dac_ex.c **** @endverbatim
 859:Drivers/STM32F0xx_HAL_Driver/Src/stm32f0xx_hal_dac_ex.c ****   * @{
 860:Drivers/STM32F0xx_HAL_Driver/Src/stm32f0xx_hal_dac_ex.c ****   */
 861:Drivers/STM32F0xx_HAL_Driver/Src/stm32f0xx_hal_dac_ex.c **** 
 862:Drivers/STM32F0xx_HAL_Driver/Src/stm32f0xx_hal_dac_ex.c **** #if defined(STM32F071xB) || defined(STM32F072xB) || defined(STM32F078xx) || \
 863:Drivers/STM32F0xx_HAL_Driver/Src/stm32f0xx_hal_dac_ex.c ****     defined(STM32F091xC) || defined(STM32F098xx) 
 864:Drivers/STM32F0xx_HAL_Driver/Src/stm32f0xx_hal_dac_ex.c ****       
 865:Drivers/STM32F0xx_HAL_Driver/Src/stm32f0xx_hal_dac_ex.c **** /**
 866:Drivers/STM32F0xx_HAL_Driver/Src/stm32f0xx_hal_dac_ex.c ****   * @brief  Returns the last data output value of the selected DAC channel.
 867:Drivers/STM32F0xx_HAL_Driver/Src/stm32f0xx_hal_dac_ex.c ****   * @param  hdac pointer to a DAC_HandleTypeDef structure that contains
 868:Drivers/STM32F0xx_HAL_Driver/Src/stm32f0xx_hal_dac_ex.c ****   *         the configuration information for the specified DAC.
 869:Drivers/STM32F0xx_HAL_Driver/Src/stm32f0xx_hal_dac_ex.c ****   * @retval The selected DAC channel data output value.
 870:Drivers/STM32F0xx_HAL_Driver/Src/stm32f0xx_hal_dac_ex.c ****   */
 871:Drivers/STM32F0xx_HAL_Driver/Src/stm32f0xx_hal_dac_ex.c **** uint32_t HAL_DACEx_DualGetValue(DAC_HandleTypeDef* hdac)
 872:Drivers/STM32F0xx_HAL_Driver/Src/stm32f0xx_hal_dac_ex.c **** {
 667              		.loc 1 872 1 is_stmt 1 view -0
 668              		.cfi_startproc
 669              		@ args = 0, pretend = 0, frame = 0
 670              		@ frame_needed = 0, uses_anonymous_args = 0
 671              		@ link register save eliminated.
 873:Drivers/STM32F0xx_HAL_Driver/Src/stm32f0xx_hal_dac_ex.c ****   uint32_t tmp = 0U;
 672              		.loc 1 873 3 view .LVU194
ARM GAS  C:\Users\24705\AppData\Local\Temp\ccIr9fa4.s 			page 31


 874:Drivers/STM32F0xx_HAL_Driver/Src/stm32f0xx_hal_dac_ex.c ****   
 875:Drivers/STM32F0xx_HAL_Driver/Src/stm32f0xx_hal_dac_ex.c ****   tmp |= hdac->Instance->DOR1;
 673              		.loc 1 875 3 view .LVU195
 674              		.loc 1 875 14 is_stmt 0 view .LVU196
 675 0000 0368     		ldr	r3, [r0]
 676              		.loc 1 875 24 view .LVU197
 677 0002 D86A     		ldr	r0, [r3, #44]
 678              	.LVL62:
 876:Drivers/STM32F0xx_HAL_Driver/Src/stm32f0xx_hal_dac_ex.c **** 
 877:Drivers/STM32F0xx_HAL_Driver/Src/stm32f0xx_hal_dac_ex.c ****   /* DAC channel 2 is present in DAC 1 */
 878:Drivers/STM32F0xx_HAL_Driver/Src/stm32f0xx_hal_dac_ex.c ****   tmp |= hdac->Instance->DOR2 << 16U;
 679              		.loc 1 878 3 is_stmt 1 view .LVU198
 680              		.loc 1 878 24 is_stmt 0 view .LVU199
 681 0004 1B6B     		ldr	r3, [r3, #48]
 682              		.loc 1 878 31 view .LVU200
 683 0006 1B04     		lsls	r3, r3, #16
 684              		.loc 1 878 7 view .LVU201
 685 0008 1843     		orrs	r0, r3
 686              	.LVL63:
 879:Drivers/STM32F0xx_HAL_Driver/Src/stm32f0xx_hal_dac_ex.c ****   
 880:Drivers/STM32F0xx_HAL_Driver/Src/stm32f0xx_hal_dac_ex.c ****   /* Returns the DAC channel data output register value */
 881:Drivers/STM32F0xx_HAL_Driver/Src/stm32f0xx_hal_dac_ex.c ****   return tmp;
 687              		.loc 1 881 3 is_stmt 1 view .LVU202
 882:Drivers/STM32F0xx_HAL_Driver/Src/stm32f0xx_hal_dac_ex.c **** }
 688              		.loc 1 882 1 is_stmt 0 view .LVU203
 689              		@ sp needed
 690 000a 7047     		bx	lr
 691              		.cfi_endproc
 692              	.LFE51:
 694              		.section	.text.HAL_DACEx_TriangleWaveGenerate,"ax",%progbits
 695              		.align	1
 696              		.global	HAL_DACEx_TriangleWaveGenerate
 697              		.syntax unified
 698              		.code	16
 699              		.thumb_func
 701              	HAL_DACEx_TriangleWaveGenerate:
 702              	.LVL64:
 703              	.LFB52:
 883:Drivers/STM32F0xx_HAL_Driver/Src/stm32f0xx_hal_dac_ex.c **** 
 884:Drivers/STM32F0xx_HAL_Driver/Src/stm32f0xx_hal_dac_ex.c **** #endif /* STM32F071xB  STM32F072xB  STM32F078xx */
 885:Drivers/STM32F0xx_HAL_Driver/Src/stm32f0xx_hal_dac_ex.c ****        /* STM32F091xC  STM32F098xx */
 886:Drivers/STM32F0xx_HAL_Driver/Src/stm32f0xx_hal_dac_ex.c **** 
 887:Drivers/STM32F0xx_HAL_Driver/Src/stm32f0xx_hal_dac_ex.c **** #if defined (STM32F051x8) || defined (STM32F058xx)
 888:Drivers/STM32F0xx_HAL_Driver/Src/stm32f0xx_hal_dac_ex.c **** 
 889:Drivers/STM32F0xx_HAL_Driver/Src/stm32f0xx_hal_dac_ex.c **** /**
 890:Drivers/STM32F0xx_HAL_Driver/Src/stm32f0xx_hal_dac_ex.c ****   * @brief  Returns the last data output value of the selected DAC channel.
 891:Drivers/STM32F0xx_HAL_Driver/Src/stm32f0xx_hal_dac_ex.c ****   * @param  hdac pointer to a DAC_HandleTypeDef structure that contains
 892:Drivers/STM32F0xx_HAL_Driver/Src/stm32f0xx_hal_dac_ex.c ****   *         the configuration information for the specified DAC.
 893:Drivers/STM32F0xx_HAL_Driver/Src/stm32f0xx_hal_dac_ex.c ****   * @retval The selected DAC channel data output value.
 894:Drivers/STM32F0xx_HAL_Driver/Src/stm32f0xx_hal_dac_ex.c ****   */
 895:Drivers/STM32F0xx_HAL_Driver/Src/stm32f0xx_hal_dac_ex.c **** uint32_t HAL_DACEx_DualGetValue(DAC_HandleTypeDef* hdac)
 896:Drivers/STM32F0xx_HAL_Driver/Src/stm32f0xx_hal_dac_ex.c **** {
 897:Drivers/STM32F0xx_HAL_Driver/Src/stm32f0xx_hal_dac_ex.c ****   uint32_t tmp = 0U;
 898:Drivers/STM32F0xx_HAL_Driver/Src/stm32f0xx_hal_dac_ex.c ****   
 899:Drivers/STM32F0xx_HAL_Driver/Src/stm32f0xx_hal_dac_ex.c ****   tmp |= hdac->Instance->DOR1;
 900:Drivers/STM32F0xx_HAL_Driver/Src/stm32f0xx_hal_dac_ex.c ****   
 901:Drivers/STM32F0xx_HAL_Driver/Src/stm32f0xx_hal_dac_ex.c ****   /* Returns the DAC channel data output register value */
ARM GAS  C:\Users\24705\AppData\Local\Temp\ccIr9fa4.s 			page 32


 902:Drivers/STM32F0xx_HAL_Driver/Src/stm32f0xx_hal_dac_ex.c ****   return tmp;
 903:Drivers/STM32F0xx_HAL_Driver/Src/stm32f0xx_hal_dac_ex.c **** }
 904:Drivers/STM32F0xx_HAL_Driver/Src/stm32f0xx_hal_dac_ex.c **** 
 905:Drivers/STM32F0xx_HAL_Driver/Src/stm32f0xx_hal_dac_ex.c **** #endif /* STM32F051x8 STM32F058xx */
 906:Drivers/STM32F0xx_HAL_Driver/Src/stm32f0xx_hal_dac_ex.c **** 
 907:Drivers/STM32F0xx_HAL_Driver/Src/stm32f0xx_hal_dac_ex.c **** #if defined(STM32F071xB) || defined(STM32F072xB) || defined(STM32F078xx) || \
 908:Drivers/STM32F0xx_HAL_Driver/Src/stm32f0xx_hal_dac_ex.c ****     defined(STM32F091xC) || defined(STM32F098xx)
 909:Drivers/STM32F0xx_HAL_Driver/Src/stm32f0xx_hal_dac_ex.c **** 
 910:Drivers/STM32F0xx_HAL_Driver/Src/stm32f0xx_hal_dac_ex.c **** /**
 911:Drivers/STM32F0xx_HAL_Driver/Src/stm32f0xx_hal_dac_ex.c ****   * @brief  Enables or disables the selected DAC channel wave generation.
 912:Drivers/STM32F0xx_HAL_Driver/Src/stm32f0xx_hal_dac_ex.c ****   * @param  hdac pointer to a DAC_HandleTypeDef structure that contains
 913:Drivers/STM32F0xx_HAL_Driver/Src/stm32f0xx_hal_dac_ex.c ****   *         the configuration information for the specified DAC.
 914:Drivers/STM32F0xx_HAL_Driver/Src/stm32f0xx_hal_dac_ex.c ****   * @param  Channel The selected DAC channel. 
 915:Drivers/STM32F0xx_HAL_Driver/Src/stm32f0xx_hal_dac_ex.c ****   *          This parameter can be one of the following values:
 916:Drivers/STM32F0xx_HAL_Driver/Src/stm32f0xx_hal_dac_ex.c ****   *            DAC_CHANNEL_1 / DAC_CHANNEL_2
 917:Drivers/STM32F0xx_HAL_Driver/Src/stm32f0xx_hal_dac_ex.c ****   * @param  Amplitude Select max triangle amplitude. 
 918:Drivers/STM32F0xx_HAL_Driver/Src/stm32f0xx_hal_dac_ex.c ****   *          This parameter can be one of the following values:
 919:Drivers/STM32F0xx_HAL_Driver/Src/stm32f0xx_hal_dac_ex.c ****   *            @arg DAC_TRIANGLEAMPLITUDE_1: Select max triangle amplitude of 1
 920:Drivers/STM32F0xx_HAL_Driver/Src/stm32f0xx_hal_dac_ex.c ****   *            @arg DAC_TRIANGLEAMPLITUDE_3: Select max triangle amplitude of 3
 921:Drivers/STM32F0xx_HAL_Driver/Src/stm32f0xx_hal_dac_ex.c ****   *            @arg DAC_TRIANGLEAMPLITUDE_7: Select max triangle amplitude of 7
 922:Drivers/STM32F0xx_HAL_Driver/Src/stm32f0xx_hal_dac_ex.c ****   *            @arg DAC_TRIANGLEAMPLITUDE_15: Select max triangle amplitude of 15
 923:Drivers/STM32F0xx_HAL_Driver/Src/stm32f0xx_hal_dac_ex.c ****   *            @arg DAC_TRIANGLEAMPLITUDE_31: Select max triangle amplitude of 31
 924:Drivers/STM32F0xx_HAL_Driver/Src/stm32f0xx_hal_dac_ex.c ****   *            @arg DAC_TRIANGLEAMPLITUDE_63: Select max triangle amplitude of 63
 925:Drivers/STM32F0xx_HAL_Driver/Src/stm32f0xx_hal_dac_ex.c ****   *            @arg DAC_TRIANGLEAMPLITUDE_127: Select max triangle amplitude of 127
 926:Drivers/STM32F0xx_HAL_Driver/Src/stm32f0xx_hal_dac_ex.c ****   *            @arg DAC_TRIANGLEAMPLITUDE_255: Select max triangle amplitude of 255
 927:Drivers/STM32F0xx_HAL_Driver/Src/stm32f0xx_hal_dac_ex.c ****   *            @arg DAC_TRIANGLEAMPLITUDE_511: Select max triangle amplitude of 511
 928:Drivers/STM32F0xx_HAL_Driver/Src/stm32f0xx_hal_dac_ex.c ****   *            @arg DAC_TRIANGLEAMPLITUDE_1023: Select max triangle amplitude of 1023
 929:Drivers/STM32F0xx_HAL_Driver/Src/stm32f0xx_hal_dac_ex.c ****   *            @arg DAC_TRIANGLEAMPLITUDE_2047: Select max triangle amplitude of 2047
 930:Drivers/STM32F0xx_HAL_Driver/Src/stm32f0xx_hal_dac_ex.c ****   *            @arg DAC_TRIANGLEAMPLITUDE_4095: Select max triangle amplitude of 4095              
 931:Drivers/STM32F0xx_HAL_Driver/Src/stm32f0xx_hal_dac_ex.c ****   * @retval HAL status
 932:Drivers/STM32F0xx_HAL_Driver/Src/stm32f0xx_hal_dac_ex.c ****   */
 933:Drivers/STM32F0xx_HAL_Driver/Src/stm32f0xx_hal_dac_ex.c **** HAL_StatusTypeDef HAL_DACEx_TriangleWaveGenerate(DAC_HandleTypeDef* hdac, uint32_t Channel, uint32_
 934:Drivers/STM32F0xx_HAL_Driver/Src/stm32f0xx_hal_dac_ex.c **** {  
 704              		.loc 1 934 1 is_stmt 1 view -0
 705              		.cfi_startproc
 706              		@ args = 0, pretend = 0, frame = 0
 707              		@ frame_needed = 0, uses_anonymous_args = 0
 708              		.loc 1 934 1 is_stmt 0 view .LVU205
 709 0000 70B5     		push	{r4, r5, r6, lr}
 710              	.LCFI6:
 711              		.cfi_def_cfa_offset 16
 712              		.cfi_offset 4, -16
 713              		.cfi_offset 5, -12
 714              		.cfi_offset 6, -8
 715              		.cfi_offset 14, -4
 935:Drivers/STM32F0xx_HAL_Driver/Src/stm32f0xx_hal_dac_ex.c ****   /* Check the parameters */
 936:Drivers/STM32F0xx_HAL_Driver/Src/stm32f0xx_hal_dac_ex.c ****   assert_param(IS_DAC_CHANNEL(Channel));
 716              		.loc 1 936 3 is_stmt 1 view .LVU206
 937:Drivers/STM32F0xx_HAL_Driver/Src/stm32f0xx_hal_dac_ex.c ****   assert_param(IS_DAC_LFSR_UNMASK_TRIANGLE_AMPLITUDE(Amplitude));
 717              		.loc 1 937 3 view .LVU207
 938:Drivers/STM32F0xx_HAL_Driver/Src/stm32f0xx_hal_dac_ex.c ****   
 939:Drivers/STM32F0xx_HAL_Driver/Src/stm32f0xx_hal_dac_ex.c ****   /* Process locked */
 940:Drivers/STM32F0xx_HAL_Driver/Src/stm32f0xx_hal_dac_ex.c ****   __HAL_LOCK(hdac);
 718              		.loc 1 940 3 view .LVU208
 719              		.loc 1 940 3 view .LVU209
 720 0002 4379     		ldrb	r3, [r0, #5]
 721 0004 012B     		cmp	r3, #1
ARM GAS  C:\Users\24705\AppData\Local\Temp\ccIr9fa4.s 			page 33


 722 0006 13D0     		beq	.L36
 723              		.loc 1 940 3 discriminator 2 view .LVU210
 724 0008 0125     		movs	r5, #1
 725 000a 4571     		strb	r5, [r0, #5]
 726              		.loc 1 940 3 view .LVU211
 941:Drivers/STM32F0xx_HAL_Driver/Src/stm32f0xx_hal_dac_ex.c ****   
 942:Drivers/STM32F0xx_HAL_Driver/Src/stm32f0xx_hal_dac_ex.c ****   /* Change DAC state */
 943:Drivers/STM32F0xx_HAL_Driver/Src/stm32f0xx_hal_dac_ex.c ****   hdac->State = HAL_DAC_STATE_BUSY;
 727              		.loc 1 943 3 view .LVU212
 728              		.loc 1 943 15 is_stmt 0 view .LVU213
 729 000c 0223     		movs	r3, #2
 730 000e 0371     		strb	r3, [r0, #4]
 944:Drivers/STM32F0xx_HAL_Driver/Src/stm32f0xx_hal_dac_ex.c ****   
 945:Drivers/STM32F0xx_HAL_Driver/Src/stm32f0xx_hal_dac_ex.c ****   /* Enable the selected wave generation for the selected DAC channel */
 946:Drivers/STM32F0xx_HAL_Driver/Src/stm32f0xx_hal_dac_ex.c ****   MODIFY_REG(hdac->Instance->CR, ((DAC_CR_WAVE1)|(DAC_CR_MAMP1))<<Channel, (DAC_CR_WAVE1_1 | Amplit
 731              		.loc 1 946 3 is_stmt 1 view .LVU214
 732 0010 0668     		ldr	r6, [r0]
 733 0012 3368     		ldr	r3, [r6]
 734 0014 FC24     		movs	r4, #252
 735 0016 2401     		lsls	r4, r4, #4
 736 0018 8C40     		lsls	r4, r4, r1
 737 001a A343     		bics	r3, r4
 738 001c 8024     		movs	r4, #128
 739 001e 2243     		orrs	r2, r4
 740              	.LVL65:
 741              		.loc 1 946 3 is_stmt 0 view .LVU215
 742 0020 8A40     		lsls	r2, r2, r1
 743 0022 1343     		orrs	r3, r2
 744 0024 3360     		str	r3, [r6]
 947:Drivers/STM32F0xx_HAL_Driver/Src/stm32f0xx_hal_dac_ex.c ****   
 948:Drivers/STM32F0xx_HAL_Driver/Src/stm32f0xx_hal_dac_ex.c ****   /* Change DAC state */
 949:Drivers/STM32F0xx_HAL_Driver/Src/stm32f0xx_hal_dac_ex.c ****   hdac->State = HAL_DAC_STATE_READY;
 745              		.loc 1 949 3 is_stmt 1 view .LVU216
 746              		.loc 1 949 15 is_stmt 0 view .LVU217
 747 0026 0571     		strb	r5, [r0, #4]
 950:Drivers/STM32F0xx_HAL_Driver/Src/stm32f0xx_hal_dac_ex.c ****   
 951:Drivers/STM32F0xx_HAL_Driver/Src/stm32f0xx_hal_dac_ex.c ****   /* Process unlocked */
 952:Drivers/STM32F0xx_HAL_Driver/Src/stm32f0xx_hal_dac_ex.c ****   __HAL_UNLOCK(hdac);
 748              		.loc 1 952 3 is_stmt 1 view .LVU218
 749              		.loc 1 952 3 view .LVU219
 750 0028 0023     		movs	r3, #0
 751 002a 4371     		strb	r3, [r0, #5]
 752              		.loc 1 952 3 view .LVU220
 953:Drivers/STM32F0xx_HAL_Driver/Src/stm32f0xx_hal_dac_ex.c ****   
 954:Drivers/STM32F0xx_HAL_Driver/Src/stm32f0xx_hal_dac_ex.c ****   /* Return function status */
 955:Drivers/STM32F0xx_HAL_Driver/Src/stm32f0xx_hal_dac_ex.c ****   return HAL_OK;
 753              		.loc 1 955 3 view .LVU221
 754              		.loc 1 955 10 is_stmt 0 view .LVU222
 755 002c 0020     		movs	r0, #0
 756              	.LVL66:
 757              	.L35:
 956:Drivers/STM32F0xx_HAL_Driver/Src/stm32f0xx_hal_dac_ex.c **** }
 758              		.loc 1 956 1 view .LVU223
 759              		@ sp needed
 760 002e 70BD     		pop	{r4, r5, r6, pc}
 761              	.LVL67:
 762              	.L36:
ARM GAS  C:\Users\24705\AppData\Local\Temp\ccIr9fa4.s 			page 34


 940:Drivers/STM32F0xx_HAL_Driver/Src/stm32f0xx_hal_dac_ex.c ****   
 763              		.loc 1 940 3 discriminator 1 view .LVU224
 764 0030 0220     		movs	r0, #2
 765              	.LVL68:
 940:Drivers/STM32F0xx_HAL_Driver/Src/stm32f0xx_hal_dac_ex.c ****   
 766              		.loc 1 940 3 discriminator 1 view .LVU225
 767 0032 FCE7     		b	.L35
 768              		.cfi_endproc
 769              	.LFE52:
 771              		.section	.text.HAL_DACEx_NoiseWaveGenerate,"ax",%progbits
 772              		.align	1
 773              		.global	HAL_DACEx_NoiseWaveGenerate
 774              		.syntax unified
 775              		.code	16
 776              		.thumb_func
 778              	HAL_DACEx_NoiseWaveGenerate:
 779              	.LVL69:
 780              	.LFB53:
 957:Drivers/STM32F0xx_HAL_Driver/Src/stm32f0xx_hal_dac_ex.c **** 
 958:Drivers/STM32F0xx_HAL_Driver/Src/stm32f0xx_hal_dac_ex.c **** /**
 959:Drivers/STM32F0xx_HAL_Driver/Src/stm32f0xx_hal_dac_ex.c ****   * @brief  Enables or disables the selected DAC channel wave generation.
 960:Drivers/STM32F0xx_HAL_Driver/Src/stm32f0xx_hal_dac_ex.c ****   * @param  hdac pointer to a DAC_HandleTypeDef structure that contains
 961:Drivers/STM32F0xx_HAL_Driver/Src/stm32f0xx_hal_dac_ex.c ****   *         the configuration information for the specified DAC. 
 962:Drivers/STM32F0xx_HAL_Driver/Src/stm32f0xx_hal_dac_ex.c ****   * @param  Channel The selected DAC channel. 
 963:Drivers/STM32F0xx_HAL_Driver/Src/stm32f0xx_hal_dac_ex.c ****   *          This parameter can be one of the following values:
 964:Drivers/STM32F0xx_HAL_Driver/Src/stm32f0xx_hal_dac_ex.c ****   *            DAC_CHANNEL_1 / DAC_CHANNEL_2
 965:Drivers/STM32F0xx_HAL_Driver/Src/stm32f0xx_hal_dac_ex.c ****   * @param  Amplitude Unmask DAC channel LFSR for noise wave generation. 
 966:Drivers/STM32F0xx_HAL_Driver/Src/stm32f0xx_hal_dac_ex.c ****   *          This parameter can be one of the following values: 
 967:Drivers/STM32F0xx_HAL_Driver/Src/stm32f0xx_hal_dac_ex.c ****   *            @arg DAC_LFSRUNMASK_BIT0: Unmask DAC channel LFSR bit0 for noise wave generation
 968:Drivers/STM32F0xx_HAL_Driver/Src/stm32f0xx_hal_dac_ex.c ****   *            @arg DAC_LFSRUNMASK_BITS1_0: Unmask DAC channel LFSR bit[1:0] for noise wave generat
 969:Drivers/STM32F0xx_HAL_Driver/Src/stm32f0xx_hal_dac_ex.c ****   *            @arg DAC_LFSRUNMASK_BITS2_0: Unmask DAC channel LFSR bit[2:0] for noise wave generat
 970:Drivers/STM32F0xx_HAL_Driver/Src/stm32f0xx_hal_dac_ex.c ****   *            @arg DAC_LFSRUNMASK_BITS3_0: Unmask DAC channel LFSR bit[3:0] for noise wave generat
 971:Drivers/STM32F0xx_HAL_Driver/Src/stm32f0xx_hal_dac_ex.c ****   *            @arg DAC_LFSRUNMASK_BITS4_0: Unmask DAC channel LFSR bit[4:0] for noise wave generat
 972:Drivers/STM32F0xx_HAL_Driver/Src/stm32f0xx_hal_dac_ex.c ****   *            @arg DAC_LFSRUNMASK_BITS5_0: Unmask DAC channel LFSR bit[5:0] for noise wave generat
 973:Drivers/STM32F0xx_HAL_Driver/Src/stm32f0xx_hal_dac_ex.c ****   *            @arg DAC_LFSRUNMASK_BITS6_0: Unmask DAC channel LFSR bit[6:0] for noise wave generat
 974:Drivers/STM32F0xx_HAL_Driver/Src/stm32f0xx_hal_dac_ex.c ****   *            @arg DAC_LFSRUNMASK_BITS7_0: Unmask DAC channel LFSR bit[7:0] for noise wave generat
 975:Drivers/STM32F0xx_HAL_Driver/Src/stm32f0xx_hal_dac_ex.c ****   *            @arg DAC_LFSRUNMASK_BITS8_0: Unmask DAC channel LFSR bit[8:0] for noise wave generat
 976:Drivers/STM32F0xx_HAL_Driver/Src/stm32f0xx_hal_dac_ex.c ****   *            @arg DAC_LFSRUNMASK_BITS9_0: Unmask DAC channel LFSR bit[9:0] for noise wave generat
 977:Drivers/STM32F0xx_HAL_Driver/Src/stm32f0xx_hal_dac_ex.c ****   *            @arg DAC_LFSRUNMASK_BITS10_0: Unmask DAC channel LFSR bit[10:0] for noise wave gener
 978:Drivers/STM32F0xx_HAL_Driver/Src/stm32f0xx_hal_dac_ex.c ****   *            @arg DAC_LFSRUNMASK_BITS11_0: Unmask DAC channel LFSR bit[11:0] for noise wave gener
 979:Drivers/STM32F0xx_HAL_Driver/Src/stm32f0xx_hal_dac_ex.c ****   * @retval HAL status
 980:Drivers/STM32F0xx_HAL_Driver/Src/stm32f0xx_hal_dac_ex.c ****   */
 981:Drivers/STM32F0xx_HAL_Driver/Src/stm32f0xx_hal_dac_ex.c **** HAL_StatusTypeDef HAL_DACEx_NoiseWaveGenerate(DAC_HandleTypeDef* hdac, uint32_t Channel, uint32_t A
 982:Drivers/STM32F0xx_HAL_Driver/Src/stm32f0xx_hal_dac_ex.c **** {  
 781              		.loc 1 982 1 is_stmt 1 view -0
 782              		.cfi_startproc
 783              		@ args = 0, pretend = 0, frame = 0
 784              		@ frame_needed = 0, uses_anonymous_args = 0
 785              		.loc 1 982 1 is_stmt 0 view .LVU227
 786 0000 70B5     		push	{r4, r5, r6, lr}
 787              	.LCFI7:
 788              		.cfi_def_cfa_offset 16
 789              		.cfi_offset 4, -16
 790              		.cfi_offset 5, -12
 791              		.cfi_offset 6, -8
 792              		.cfi_offset 14, -4
 983:Drivers/STM32F0xx_HAL_Driver/Src/stm32f0xx_hal_dac_ex.c ****   /* Check the parameters */
ARM GAS  C:\Users\24705\AppData\Local\Temp\ccIr9fa4.s 			page 35


 984:Drivers/STM32F0xx_HAL_Driver/Src/stm32f0xx_hal_dac_ex.c ****   assert_param(IS_DAC_CHANNEL(Channel));
 793              		.loc 1 984 3 is_stmt 1 view .LVU228
 985:Drivers/STM32F0xx_HAL_Driver/Src/stm32f0xx_hal_dac_ex.c ****   assert_param(IS_DAC_LFSR_UNMASK_TRIANGLE_AMPLITUDE(Amplitude));
 794              		.loc 1 985 3 view .LVU229
 986:Drivers/STM32F0xx_HAL_Driver/Src/stm32f0xx_hal_dac_ex.c ****   
 987:Drivers/STM32F0xx_HAL_Driver/Src/stm32f0xx_hal_dac_ex.c ****   /* Process locked */
 988:Drivers/STM32F0xx_HAL_Driver/Src/stm32f0xx_hal_dac_ex.c ****   __HAL_LOCK(hdac);
 795              		.loc 1 988 3 view .LVU230
 796              		.loc 1 988 3 view .LVU231
 797 0002 4379     		ldrb	r3, [r0, #5]
 798 0004 012B     		cmp	r3, #1
 799 0006 13D0     		beq	.L39
 800              		.loc 1 988 3 discriminator 2 view .LVU232
 801 0008 0125     		movs	r5, #1
 802 000a 4571     		strb	r5, [r0, #5]
 803              		.loc 1 988 3 view .LVU233
 989:Drivers/STM32F0xx_HAL_Driver/Src/stm32f0xx_hal_dac_ex.c ****   
 990:Drivers/STM32F0xx_HAL_Driver/Src/stm32f0xx_hal_dac_ex.c ****   /* Change DAC state */
 991:Drivers/STM32F0xx_HAL_Driver/Src/stm32f0xx_hal_dac_ex.c ****   hdac->State = HAL_DAC_STATE_BUSY;
 804              		.loc 1 991 3 view .LVU234
 805              		.loc 1 991 15 is_stmt 0 view .LVU235
 806 000c 0223     		movs	r3, #2
 807 000e 0371     		strb	r3, [r0, #4]
 992:Drivers/STM32F0xx_HAL_Driver/Src/stm32f0xx_hal_dac_ex.c ****   
 993:Drivers/STM32F0xx_HAL_Driver/Src/stm32f0xx_hal_dac_ex.c ****   /* Enable the selected wave generation for the selected DAC channel */
 994:Drivers/STM32F0xx_HAL_Driver/Src/stm32f0xx_hal_dac_ex.c ****   MODIFY_REG(hdac->Instance->CR, ((DAC_CR_WAVE1)|(DAC_CR_MAMP1))<<Channel, (DAC_CR_WAVE1_0 | Amplit
 808              		.loc 1 994 3 is_stmt 1 view .LVU236
 809 0010 0668     		ldr	r6, [r0]
 810 0012 3368     		ldr	r3, [r6]
 811 0014 FC24     		movs	r4, #252
 812 0016 2401     		lsls	r4, r4, #4
 813 0018 8C40     		lsls	r4, r4, r1
 814 001a A343     		bics	r3, r4
 815 001c 4024     		movs	r4, #64
 816 001e 2243     		orrs	r2, r4
 817              	.LVL70:
 818              		.loc 1 994 3 is_stmt 0 view .LVU237
 819 0020 8A40     		lsls	r2, r2, r1
 820 0022 1343     		orrs	r3, r2
 821 0024 3360     		str	r3, [r6]
 995:Drivers/STM32F0xx_HAL_Driver/Src/stm32f0xx_hal_dac_ex.c ****   
 996:Drivers/STM32F0xx_HAL_Driver/Src/stm32f0xx_hal_dac_ex.c ****   /* Change DAC state */
 997:Drivers/STM32F0xx_HAL_Driver/Src/stm32f0xx_hal_dac_ex.c ****   hdac->State = HAL_DAC_STATE_READY;
 822              		.loc 1 997 3 is_stmt 1 view .LVU238
 823              		.loc 1 997 15 is_stmt 0 view .LVU239
 824 0026 0571     		strb	r5, [r0, #4]
 998:Drivers/STM32F0xx_HAL_Driver/Src/stm32f0xx_hal_dac_ex.c ****   
 999:Drivers/STM32F0xx_HAL_Driver/Src/stm32f0xx_hal_dac_ex.c ****   /* Process unlocked */
1000:Drivers/STM32F0xx_HAL_Driver/Src/stm32f0xx_hal_dac_ex.c ****   __HAL_UNLOCK(hdac);
 825              		.loc 1 1000 3 is_stmt 1 view .LVU240
 826              		.loc 1 1000 3 view .LVU241
 827 0028 0023     		movs	r3, #0
 828 002a 4371     		strb	r3, [r0, #5]
 829              		.loc 1 1000 3 view .LVU242
1001:Drivers/STM32F0xx_HAL_Driver/Src/stm32f0xx_hal_dac_ex.c ****   
1002:Drivers/STM32F0xx_HAL_Driver/Src/stm32f0xx_hal_dac_ex.c ****   /* Return function status */
1003:Drivers/STM32F0xx_HAL_Driver/Src/stm32f0xx_hal_dac_ex.c ****   return HAL_OK;
ARM GAS  C:\Users\24705\AppData\Local\Temp\ccIr9fa4.s 			page 36


 830              		.loc 1 1003 3 view .LVU243
 831              		.loc 1 1003 10 is_stmt 0 view .LVU244
 832 002c 0020     		movs	r0, #0
 833              	.LVL71:
 834              	.L38:
1004:Drivers/STM32F0xx_HAL_Driver/Src/stm32f0xx_hal_dac_ex.c **** }
 835              		.loc 1 1004 1 view .LVU245
 836              		@ sp needed
 837 002e 70BD     		pop	{r4, r5, r6, pc}
 838              	.LVL72:
 839              	.L39:
 988:Drivers/STM32F0xx_HAL_Driver/Src/stm32f0xx_hal_dac_ex.c ****   
 840              		.loc 1 988 3 discriminator 1 view .LVU246
 841 0030 0220     		movs	r0, #2
 842              	.LVL73:
 988:Drivers/STM32F0xx_HAL_Driver/Src/stm32f0xx_hal_dac_ex.c ****   
 843              		.loc 1 988 3 discriminator 1 view .LVU247
 844 0032 FCE7     		b	.L38
 845              		.cfi_endproc
 846              	.LFE53:
 848              		.section	.text.HAL_DACEx_DualSetValue,"ax",%progbits
 849              		.align	1
 850              		.global	HAL_DACEx_DualSetValue
 851              		.syntax unified
 852              		.code	16
 853              		.thumb_func
 855              	HAL_DACEx_DualSetValue:
 856              	.LVL74:
 857              	.LFB54:
1005:Drivers/STM32F0xx_HAL_Driver/Src/stm32f0xx_hal_dac_ex.c **** 
1006:Drivers/STM32F0xx_HAL_Driver/Src/stm32f0xx_hal_dac_ex.c **** #endif   /* STM32F071xB  STM32F072xB  STM32F078xx */
1007:Drivers/STM32F0xx_HAL_Driver/Src/stm32f0xx_hal_dac_ex.c ****          /* STM32F091xC  STM32F098xx */
1008:Drivers/STM32F0xx_HAL_Driver/Src/stm32f0xx_hal_dac_ex.c ****   
1009:Drivers/STM32F0xx_HAL_Driver/Src/stm32f0xx_hal_dac_ex.c **** /**
1010:Drivers/STM32F0xx_HAL_Driver/Src/stm32f0xx_hal_dac_ex.c ****   * @}
1011:Drivers/STM32F0xx_HAL_Driver/Src/stm32f0xx_hal_dac_ex.c ****   */
1012:Drivers/STM32F0xx_HAL_Driver/Src/stm32f0xx_hal_dac_ex.c **** 
1013:Drivers/STM32F0xx_HAL_Driver/Src/stm32f0xx_hal_dac_ex.c **** /**
1014:Drivers/STM32F0xx_HAL_Driver/Src/stm32f0xx_hal_dac_ex.c ****   * @}
1015:Drivers/STM32F0xx_HAL_Driver/Src/stm32f0xx_hal_dac_ex.c ****   */
1016:Drivers/STM32F0xx_HAL_Driver/Src/stm32f0xx_hal_dac_ex.c **** 
1017:Drivers/STM32F0xx_HAL_Driver/Src/stm32f0xx_hal_dac_ex.c **** #if defined(STM32F051x8) || defined(STM32F058xx) || \
1018:Drivers/STM32F0xx_HAL_Driver/Src/stm32f0xx_hal_dac_ex.c ****     defined(STM32F071xB) || defined(STM32F072xB) || defined(STM32F078xx) || \
1019:Drivers/STM32F0xx_HAL_Driver/Src/stm32f0xx_hal_dac_ex.c ****     defined(STM32F091xC) || defined(STM32F098xx)
1020:Drivers/STM32F0xx_HAL_Driver/Src/stm32f0xx_hal_dac_ex.c **** 
1021:Drivers/STM32F0xx_HAL_Driver/Src/stm32f0xx_hal_dac_ex.c **** /** @addtogroup DACEx_Exported_Functions
1022:Drivers/STM32F0xx_HAL_Driver/Src/stm32f0xx_hal_dac_ex.c ****   * @{
1023:Drivers/STM32F0xx_HAL_Driver/Src/stm32f0xx_hal_dac_ex.c ****   */
1024:Drivers/STM32F0xx_HAL_Driver/Src/stm32f0xx_hal_dac_ex.c **** 
1025:Drivers/STM32F0xx_HAL_Driver/Src/stm32f0xx_hal_dac_ex.c **** /** @addtogroup DACEx_Exported_Functions_Group1
1026:Drivers/STM32F0xx_HAL_Driver/Src/stm32f0xx_hal_dac_ex.c ****  *  @brief    Extended features functions
1027:Drivers/STM32F0xx_HAL_Driver/Src/stm32f0xx_hal_dac_ex.c ****    * @{
1028:Drivers/STM32F0xx_HAL_Driver/Src/stm32f0xx_hal_dac_ex.c ****   */
1029:Drivers/STM32F0xx_HAL_Driver/Src/stm32f0xx_hal_dac_ex.c **** 
1030:Drivers/STM32F0xx_HAL_Driver/Src/stm32f0xx_hal_dac_ex.c **** /**
1031:Drivers/STM32F0xx_HAL_Driver/Src/stm32f0xx_hal_dac_ex.c ****   * @brief  Set the specified data holding register value for dual DAC channel.
1032:Drivers/STM32F0xx_HAL_Driver/Src/stm32f0xx_hal_dac_ex.c ****   * @param  hdac pointer to a DAC_HandleTypeDef structure that contains
ARM GAS  C:\Users\24705\AppData\Local\Temp\ccIr9fa4.s 			page 37


1033:Drivers/STM32F0xx_HAL_Driver/Src/stm32f0xx_hal_dac_ex.c ****   *               the configuration information for the specified DAC.
1034:Drivers/STM32F0xx_HAL_Driver/Src/stm32f0xx_hal_dac_ex.c ****   * @param  Alignment Specifies the data alignment for dual channel DAC.
1035:Drivers/STM32F0xx_HAL_Driver/Src/stm32f0xx_hal_dac_ex.c ****   *          This parameter can be one of the following values:
1036:Drivers/STM32F0xx_HAL_Driver/Src/stm32f0xx_hal_dac_ex.c ****   *            DAC_ALIGN_8B_R: 8bit right data alignment selected
1037:Drivers/STM32F0xx_HAL_Driver/Src/stm32f0xx_hal_dac_ex.c ****   *            DAC_ALIGN_12B_L: 12bit left data alignment selected
1038:Drivers/STM32F0xx_HAL_Driver/Src/stm32f0xx_hal_dac_ex.c ****   *            DAC_ALIGN_12B_R: 12bit right data alignment selected
1039:Drivers/STM32F0xx_HAL_Driver/Src/stm32f0xx_hal_dac_ex.c ****   * @param  Data1 Data for DAC Channel2 to be loaded in the selected data holding register.
1040:Drivers/STM32F0xx_HAL_Driver/Src/stm32f0xx_hal_dac_ex.c ****   * @param  Data2 Data for DAC Channel1 to be loaded in the selected data  holding register.
1041:Drivers/STM32F0xx_HAL_Driver/Src/stm32f0xx_hal_dac_ex.c ****   * @note   In dual mode, a unique register access is required to write in both
1042:Drivers/STM32F0xx_HAL_Driver/Src/stm32f0xx_hal_dac_ex.c ****   *          DAC channels at the same time.
1043:Drivers/STM32F0xx_HAL_Driver/Src/stm32f0xx_hal_dac_ex.c ****   * @retval HAL status
1044:Drivers/STM32F0xx_HAL_Driver/Src/stm32f0xx_hal_dac_ex.c ****   */
1045:Drivers/STM32F0xx_HAL_Driver/Src/stm32f0xx_hal_dac_ex.c **** HAL_StatusTypeDef HAL_DACEx_DualSetValue(DAC_HandleTypeDef* hdac, uint32_t Alignment, uint32_t Data
1046:Drivers/STM32F0xx_HAL_Driver/Src/stm32f0xx_hal_dac_ex.c **** {  
 858              		.loc 1 1046 1 is_stmt 1 view -0
 859              		.cfi_startproc
 860              		@ args = 0, pretend = 0, frame = 0
 861              		@ frame_needed = 0, uses_anonymous_args = 0
 862              		@ link register save eliminated.
1047:Drivers/STM32F0xx_HAL_Driver/Src/stm32f0xx_hal_dac_ex.c ****   uint32_t data = 0U, tmp = 0U;
 863              		.loc 1 1047 3 view .LVU249
1048:Drivers/STM32F0xx_HAL_Driver/Src/stm32f0xx_hal_dac_ex.c ****   
1049:Drivers/STM32F0xx_HAL_Driver/Src/stm32f0xx_hal_dac_ex.c ****   /* Check the parameters */
1050:Drivers/STM32F0xx_HAL_Driver/Src/stm32f0xx_hal_dac_ex.c ****   assert_param(IS_DAC_ALIGN(Alignment));
 864              		.loc 1 1050 3 view .LVU250
1051:Drivers/STM32F0xx_HAL_Driver/Src/stm32f0xx_hal_dac_ex.c ****   assert_param(IS_DAC_DATA(Data1));
 865              		.loc 1 1051 3 view .LVU251
1052:Drivers/STM32F0xx_HAL_Driver/Src/stm32f0xx_hal_dac_ex.c ****   assert_param(IS_DAC_DATA(Data2));
 866              		.loc 1 1052 3 view .LVU252
1053:Drivers/STM32F0xx_HAL_Driver/Src/stm32f0xx_hal_dac_ex.c ****   
1054:Drivers/STM32F0xx_HAL_Driver/Src/stm32f0xx_hal_dac_ex.c ****   /* Calculate and set dual DAC data holding register value */
1055:Drivers/STM32F0xx_HAL_Driver/Src/stm32f0xx_hal_dac_ex.c ****   if (Alignment == DAC_ALIGN_8B_R)
 867              		.loc 1 1055 3 view .LVU253
 868              		.loc 1 1055 6 is_stmt 0 view .LVU254
 869 0000 0829     		cmp	r1, #8
 870 0002 06D0     		beq	.L43
1056:Drivers/STM32F0xx_HAL_Driver/Src/stm32f0xx_hal_dac_ex.c ****   {
1057:Drivers/STM32F0xx_HAL_Driver/Src/stm32f0xx_hal_dac_ex.c ****     data = ((uint32_t)Data2 << 8U) | Data1; 
1058:Drivers/STM32F0xx_HAL_Driver/Src/stm32f0xx_hal_dac_ex.c ****   }
1059:Drivers/STM32F0xx_HAL_Driver/Src/stm32f0xx_hal_dac_ex.c ****   else
1060:Drivers/STM32F0xx_HAL_Driver/Src/stm32f0xx_hal_dac_ex.c ****   {
1061:Drivers/STM32F0xx_HAL_Driver/Src/stm32f0xx_hal_dac_ex.c ****     data = ((uint32_t)Data2 << 16U) | Data1;
 871              		.loc 1 1061 5 is_stmt 1 view .LVU255
 872              		.loc 1 1061 29 is_stmt 0 view .LVU256
 873 0004 1B04     		lsls	r3, r3, #16
 874              	.LVL75:
 875              		.loc 1 1061 10 view .LVU257
 876 0006 1A43     		orrs	r2, r3
 877              	.LVL76:
 878              	.L42:
1062:Drivers/STM32F0xx_HAL_Driver/Src/stm32f0xx_hal_dac_ex.c ****   }
1063:Drivers/STM32F0xx_HAL_Driver/Src/stm32f0xx_hal_dac_ex.c ****   
1064:Drivers/STM32F0xx_HAL_Driver/Src/stm32f0xx_hal_dac_ex.c ****   tmp = (uint32_t)hdac->Instance;
 879              		.loc 1 1064 3 is_stmt 1 view .LVU258
 880              		.loc 1 1064 23 is_stmt 0 view .LVU259
 881 0008 0368     		ldr	r3, [r0]
 882              	.LVL77:
ARM GAS  C:\Users\24705\AppData\Local\Temp\ccIr9fa4.s 			page 38


1065:Drivers/STM32F0xx_HAL_Driver/Src/stm32f0xx_hal_dac_ex.c ****   tmp += DAC_DHR12RD_ALIGNMENT(Alignment);
 883              		.loc 1 1065 3 is_stmt 1 view .LVU260
 884              		.loc 1 1065 7 is_stmt 0 view .LVU261
 885 000a C918     		adds	r1, r1, r3
 886              	.LVL78:
1066:Drivers/STM32F0xx_HAL_Driver/Src/stm32f0xx_hal_dac_ex.c **** 
1067:Drivers/STM32F0xx_HAL_Driver/Src/stm32f0xx_hal_dac_ex.c ****   /* Set the dual DAC selected data holding register */
1068:Drivers/STM32F0xx_HAL_Driver/Src/stm32f0xx_hal_dac_ex.c ****   *(__IO uint32_t *)tmp = data;
 887              		.loc 1 1068 3 is_stmt 1 view .LVU262
 888              		.loc 1 1068 25 is_stmt 0 view .LVU263
 889 000c 0A62     		str	r2, [r1, #32]
1069:Drivers/STM32F0xx_HAL_Driver/Src/stm32f0xx_hal_dac_ex.c ****   
1070:Drivers/STM32F0xx_HAL_Driver/Src/stm32f0xx_hal_dac_ex.c ****   /* Return function status */
1071:Drivers/STM32F0xx_HAL_Driver/Src/stm32f0xx_hal_dac_ex.c ****   return HAL_OK;
 890              		.loc 1 1071 3 is_stmt 1 view .LVU264
1072:Drivers/STM32F0xx_HAL_Driver/Src/stm32f0xx_hal_dac_ex.c **** }
 891              		.loc 1 1072 1 is_stmt 0 view .LVU265
 892 000e 0020     		movs	r0, #0
 893              	.LVL79:
 894              		.loc 1 1072 1 view .LVU266
 895              		@ sp needed
 896 0010 7047     		bx	lr
 897              	.LVL80:
 898              	.L43:
1057:Drivers/STM32F0xx_HAL_Driver/Src/stm32f0xx_hal_dac_ex.c ****   }
 899              		.loc 1 1057 5 is_stmt 1 view .LVU267
1057:Drivers/STM32F0xx_HAL_Driver/Src/stm32f0xx_hal_dac_ex.c ****   }
 900              		.loc 1 1057 29 is_stmt 0 view .LVU268
 901 0012 1B02     		lsls	r3, r3, #8
 902              	.LVL81:
1057:Drivers/STM32F0xx_HAL_Driver/Src/stm32f0xx_hal_dac_ex.c ****   }
 903              		.loc 1 1057 10 view .LVU269
 904 0014 1A43     		orrs	r2, r3
 905              	.LVL82:
1057:Drivers/STM32F0xx_HAL_Driver/Src/stm32f0xx_hal_dac_ex.c ****   }
 906              		.loc 1 1057 10 view .LVU270
 907 0016 F7E7     		b	.L42
 908              		.cfi_endproc
 909              	.LFE54:
 911              		.section	.text.HAL_DACEx_ConvCpltCallbackCh2,"ax",%progbits
 912              		.align	1
 913              		.weak	HAL_DACEx_ConvCpltCallbackCh2
 914              		.syntax unified
 915              		.code	16
 916              		.thumb_func
 918              	HAL_DACEx_ConvCpltCallbackCh2:
 919              	.LVL83:
 920              	.LFB55:
1073:Drivers/STM32F0xx_HAL_Driver/Src/stm32f0xx_hal_dac_ex.c **** 
1074:Drivers/STM32F0xx_HAL_Driver/Src/stm32f0xx_hal_dac_ex.c **** /**
1075:Drivers/STM32F0xx_HAL_Driver/Src/stm32f0xx_hal_dac_ex.c ****   * @}
1076:Drivers/STM32F0xx_HAL_Driver/Src/stm32f0xx_hal_dac_ex.c ****   */
1077:Drivers/STM32F0xx_HAL_Driver/Src/stm32f0xx_hal_dac_ex.c **** 
1078:Drivers/STM32F0xx_HAL_Driver/Src/stm32f0xx_hal_dac_ex.c **** /**
1079:Drivers/STM32F0xx_HAL_Driver/Src/stm32f0xx_hal_dac_ex.c ****   * @}
1080:Drivers/STM32F0xx_HAL_Driver/Src/stm32f0xx_hal_dac_ex.c ****   */
1081:Drivers/STM32F0xx_HAL_Driver/Src/stm32f0xx_hal_dac_ex.c **** 
ARM GAS  C:\Users\24705\AppData\Local\Temp\ccIr9fa4.s 			page 39


1082:Drivers/STM32F0xx_HAL_Driver/Src/stm32f0xx_hal_dac_ex.c **** #endif /* STM32F051x8  STM32F058xx */
1083:Drivers/STM32F0xx_HAL_Driver/Src/stm32f0xx_hal_dac_ex.c ****        /* STM32F071xB  STM32F072xB  STM32F078xx */
1084:Drivers/STM32F0xx_HAL_Driver/Src/stm32f0xx_hal_dac_ex.c ****        /* STM32F091xC  STM32F098xx */
1085:Drivers/STM32F0xx_HAL_Driver/Src/stm32f0xx_hal_dac_ex.c **** 
1086:Drivers/STM32F0xx_HAL_Driver/Src/stm32f0xx_hal_dac_ex.c **** #if defined(STM32F071xB) || defined(STM32F072xB) || defined(STM32F078xx) || \
1087:Drivers/STM32F0xx_HAL_Driver/Src/stm32f0xx_hal_dac_ex.c ****     defined(STM32F091xC) || defined(STM32F098xx)
1088:Drivers/STM32F0xx_HAL_Driver/Src/stm32f0xx_hal_dac_ex.c **** 
1089:Drivers/STM32F0xx_HAL_Driver/Src/stm32f0xx_hal_dac_ex.c **** /** @addtogroup DACEx_Exported_Functions
1090:Drivers/STM32F0xx_HAL_Driver/Src/stm32f0xx_hal_dac_ex.c ****   * @{
1091:Drivers/STM32F0xx_HAL_Driver/Src/stm32f0xx_hal_dac_ex.c ****   */
1092:Drivers/STM32F0xx_HAL_Driver/Src/stm32f0xx_hal_dac_ex.c **** 
1093:Drivers/STM32F0xx_HAL_Driver/Src/stm32f0xx_hal_dac_ex.c **** /** @addtogroup DACEx_Exported_Functions_Group1
1094:Drivers/STM32F0xx_HAL_Driver/Src/stm32f0xx_hal_dac_ex.c ****  *  @brief    Extended features functions
1095:Drivers/STM32F0xx_HAL_Driver/Src/stm32f0xx_hal_dac_ex.c ****    * @{
1096:Drivers/STM32F0xx_HAL_Driver/Src/stm32f0xx_hal_dac_ex.c ****   */
1097:Drivers/STM32F0xx_HAL_Driver/Src/stm32f0xx_hal_dac_ex.c **** 
1098:Drivers/STM32F0xx_HAL_Driver/Src/stm32f0xx_hal_dac_ex.c **** /**
1099:Drivers/STM32F0xx_HAL_Driver/Src/stm32f0xx_hal_dac_ex.c ****   * @brief  Conversion complete callback in non blocking mode for Channel2 
1100:Drivers/STM32F0xx_HAL_Driver/Src/stm32f0xx_hal_dac_ex.c ****   * @param  hdac pointer to a DAC_HandleTypeDef structure that contains
1101:Drivers/STM32F0xx_HAL_Driver/Src/stm32f0xx_hal_dac_ex.c ****   *         the configuration information for the specified DAC.
1102:Drivers/STM32F0xx_HAL_Driver/Src/stm32f0xx_hal_dac_ex.c ****   * @retval None
1103:Drivers/STM32F0xx_HAL_Driver/Src/stm32f0xx_hal_dac_ex.c ****   */
1104:Drivers/STM32F0xx_HAL_Driver/Src/stm32f0xx_hal_dac_ex.c **** __weak void HAL_DACEx_ConvCpltCallbackCh2(DAC_HandleTypeDef* hdac)
1105:Drivers/STM32F0xx_HAL_Driver/Src/stm32f0xx_hal_dac_ex.c **** {
 921              		.loc 1 1105 1 is_stmt 1 view -0
 922              		.cfi_startproc
 923              		@ args = 0, pretend = 0, frame = 0
 924              		@ frame_needed = 0, uses_anonymous_args = 0
 925              		@ link register save eliminated.
1106:Drivers/STM32F0xx_HAL_Driver/Src/stm32f0xx_hal_dac_ex.c ****   /* Prevent unused argument(s) compilation warning */
1107:Drivers/STM32F0xx_HAL_Driver/Src/stm32f0xx_hal_dac_ex.c ****   UNUSED(hdac);
 926              		.loc 1 1107 3 view .LVU272
1108:Drivers/STM32F0xx_HAL_Driver/Src/stm32f0xx_hal_dac_ex.c **** 
1109:Drivers/STM32F0xx_HAL_Driver/Src/stm32f0xx_hal_dac_ex.c ****   /* NOTE : This function Should not be modified, when the callback is needed,
1110:Drivers/STM32F0xx_HAL_Driver/Src/stm32f0xx_hal_dac_ex.c ****             the HAL_DAC_ConvCpltCallback could be implemented in the user file
1111:Drivers/STM32F0xx_HAL_Driver/Src/stm32f0xx_hal_dac_ex.c ****    */
1112:Drivers/STM32F0xx_HAL_Driver/Src/stm32f0xx_hal_dac_ex.c **** }
 927              		.loc 1 1112 1 is_stmt 0 view .LVU273
 928              		@ sp needed
 929 0000 7047     		bx	lr
 930              		.cfi_endproc
 931              	.LFE55:
 933              		.section	.text.DAC_DMAConvCpltCh2,"ax",%progbits
 934              		.align	1
 935              		.global	DAC_DMAConvCpltCh2
 936              		.syntax unified
 937              		.code	16
 938              		.thumb_func
 940              	DAC_DMAConvCpltCh2:
 941              	.LVL84:
 942              	.LFB48:
 758:Drivers/STM32F0xx_HAL_Driver/Src/stm32f0xx_hal_dac_ex.c ****   DAC_HandleTypeDef* hdac = ( DAC_HandleTypeDef* )((DMA_HandleTypeDef* )hdma)->Parent;
 943              		.loc 1 758 1 is_stmt 1 view -0
 944              		.cfi_startproc
 945              		@ args = 0, pretend = 0, frame = 0
 946              		@ frame_needed = 0, uses_anonymous_args = 0
 758:Drivers/STM32F0xx_HAL_Driver/Src/stm32f0xx_hal_dac_ex.c ****   DAC_HandleTypeDef* hdac = ( DAC_HandleTypeDef* )((DMA_HandleTypeDef* )hdma)->Parent;
ARM GAS  C:\Users\24705\AppData\Local\Temp\ccIr9fa4.s 			page 40


 947              		.loc 1 758 1 is_stmt 0 view .LVU275
 948 0000 10B5     		push	{r4, lr}
 949              	.LCFI8:
 950              		.cfi_def_cfa_offset 8
 951              		.cfi_offset 4, -8
 952              		.cfi_offset 14, -4
 759:Drivers/STM32F0xx_HAL_Driver/Src/stm32f0xx_hal_dac_ex.c ****   
 953              		.loc 1 759 3 is_stmt 1 view .LVU276
 759:Drivers/STM32F0xx_HAL_Driver/Src/stm32f0xx_hal_dac_ex.c ****   
 954              		.loc 1 759 22 is_stmt 0 view .LVU277
 955 0002 446A     		ldr	r4, [r0, #36]
 956              	.LVL85:
 764:Drivers/STM32F0xx_HAL_Driver/Src/stm32f0xx_hal_dac_ex.c **** #endif
 957              		.loc 1 764 3 is_stmt 1 view .LVU278
 958 0004 2000     		movs	r0, r4
 959              	.LVL86:
 764:Drivers/STM32F0xx_HAL_Driver/Src/stm32f0xx_hal_dac_ex.c **** #endif
 960              		.loc 1 764 3 is_stmt 0 view .LVU279
 961 0006 FFF7FEFF 		bl	HAL_DACEx_ConvCpltCallbackCh2
 962              	.LVL87:
 767:Drivers/STM32F0xx_HAL_Driver/Src/stm32f0xx_hal_dac_ex.c **** }
 963              		.loc 1 767 3 is_stmt 1 view .LVU280
 767:Drivers/STM32F0xx_HAL_Driver/Src/stm32f0xx_hal_dac_ex.c **** }
 964              		.loc 1 767 14 is_stmt 0 view .LVU281
 965 000a 0123     		movs	r3, #1
 966 000c 2371     		strb	r3, [r4, #4]
 768:Drivers/STM32F0xx_HAL_Driver/Src/stm32f0xx_hal_dac_ex.c **** 
 967              		.loc 1 768 1 view .LVU282
 968              		@ sp needed
 969              	.LVL88:
 768:Drivers/STM32F0xx_HAL_Driver/Src/stm32f0xx_hal_dac_ex.c **** 
 970              		.loc 1 768 1 view .LVU283
 971 000e 10BD     		pop	{r4, pc}
 972              		.cfi_endproc
 973              	.LFE48:
 975              		.section	.text.HAL_DACEx_ConvHalfCpltCallbackCh2,"ax",%progbits
 976              		.align	1
 977              		.weak	HAL_DACEx_ConvHalfCpltCallbackCh2
 978              		.syntax unified
 979              		.code	16
 980              		.thumb_func
 982              	HAL_DACEx_ConvHalfCpltCallbackCh2:
 983              	.LVL89:
 984              	.LFB56:
1113:Drivers/STM32F0xx_HAL_Driver/Src/stm32f0xx_hal_dac_ex.c **** 
1114:Drivers/STM32F0xx_HAL_Driver/Src/stm32f0xx_hal_dac_ex.c **** /**
1115:Drivers/STM32F0xx_HAL_Driver/Src/stm32f0xx_hal_dac_ex.c ****   * @brief  Conversion half DMA transfer callback in non blocking mode for Channel2 
1116:Drivers/STM32F0xx_HAL_Driver/Src/stm32f0xx_hal_dac_ex.c ****   * @param  hdac pointer to a DAC_HandleTypeDef structure that contains
1117:Drivers/STM32F0xx_HAL_Driver/Src/stm32f0xx_hal_dac_ex.c ****   *         the configuration information for the specified DAC.
1118:Drivers/STM32F0xx_HAL_Driver/Src/stm32f0xx_hal_dac_ex.c ****   * @retval None
1119:Drivers/STM32F0xx_HAL_Driver/Src/stm32f0xx_hal_dac_ex.c ****   */
1120:Drivers/STM32F0xx_HAL_Driver/Src/stm32f0xx_hal_dac_ex.c **** __weak void HAL_DACEx_ConvHalfCpltCallbackCh2(DAC_HandleTypeDef* hdac)
1121:Drivers/STM32F0xx_HAL_Driver/Src/stm32f0xx_hal_dac_ex.c **** {
 985              		.loc 1 1121 1 is_stmt 1 view -0
 986              		.cfi_startproc
 987              		@ args = 0, pretend = 0, frame = 0
 988              		@ frame_needed = 0, uses_anonymous_args = 0
ARM GAS  C:\Users\24705\AppData\Local\Temp\ccIr9fa4.s 			page 41


 989              		@ link register save eliminated.
1122:Drivers/STM32F0xx_HAL_Driver/Src/stm32f0xx_hal_dac_ex.c ****   /* Prevent unused argument(s) compilation warning */
1123:Drivers/STM32F0xx_HAL_Driver/Src/stm32f0xx_hal_dac_ex.c ****   UNUSED(hdac);
 990              		.loc 1 1123 3 view .LVU285
1124:Drivers/STM32F0xx_HAL_Driver/Src/stm32f0xx_hal_dac_ex.c **** 
1125:Drivers/STM32F0xx_HAL_Driver/Src/stm32f0xx_hal_dac_ex.c ****   /* NOTE : This function Should not be modified, when the callback is needed,
1126:Drivers/STM32F0xx_HAL_Driver/Src/stm32f0xx_hal_dac_ex.c ****             the HAL_DAC_ConvHalfCpltCallbackCh2 could be implemented in the user file
1127:Drivers/STM32F0xx_HAL_Driver/Src/stm32f0xx_hal_dac_ex.c ****    */
1128:Drivers/STM32F0xx_HAL_Driver/Src/stm32f0xx_hal_dac_ex.c **** }
 991              		.loc 1 1128 1 is_stmt 0 view .LVU286
 992              		@ sp needed
 993 0000 7047     		bx	lr
 994              		.cfi_endproc
 995              	.LFE56:
 997              		.section	.text.DAC_DMAHalfConvCpltCh2,"ax",%progbits
 998              		.align	1
 999              		.global	DAC_DMAHalfConvCpltCh2
 1000              		.syntax unified
 1001              		.code	16
 1002              		.thumb_func
 1004              	DAC_DMAHalfConvCpltCh2:
 1005              	.LVL90:
 1006              	.LFB49:
 777:Drivers/STM32F0xx_HAL_Driver/Src/stm32f0xx_hal_dac_ex.c ****     DAC_HandleTypeDef* hdac = ( DAC_HandleTypeDef* )((DMA_HandleTypeDef* )hdma)->Parent;
 1007              		.loc 1 777 1 is_stmt 1 view -0
 1008              		.cfi_startproc
 1009              		@ args = 0, pretend = 0, frame = 0
 1010              		@ frame_needed = 0, uses_anonymous_args = 0
 777:Drivers/STM32F0xx_HAL_Driver/Src/stm32f0xx_hal_dac_ex.c ****     DAC_HandleTypeDef* hdac = ( DAC_HandleTypeDef* )((DMA_HandleTypeDef* )hdma)->Parent;
 1011              		.loc 1 777 1 is_stmt 0 view .LVU288
 1012 0000 10B5     		push	{r4, lr}
 1013              	.LCFI9:
 1014              		.cfi_def_cfa_offset 8
 1015              		.cfi_offset 4, -8
 1016              		.cfi_offset 14, -4
 778:Drivers/STM32F0xx_HAL_Driver/Src/stm32f0xx_hal_dac_ex.c **** 
 1017              		.loc 1 778 5 is_stmt 1 view .LVU289
 778:Drivers/STM32F0xx_HAL_Driver/Src/stm32f0xx_hal_dac_ex.c **** 
 1018              		.loc 1 778 24 is_stmt 0 view .LVU290
 1019 0002 406A     		ldr	r0, [r0, #36]
 1020              	.LVL91:
 784:Drivers/STM32F0xx_HAL_Driver/Src/stm32f0xx_hal_dac_ex.c **** #endif
 1021              		.loc 1 784 5 is_stmt 1 view .LVU291
 1022 0004 FFF7FEFF 		bl	HAL_DACEx_ConvHalfCpltCallbackCh2
 1023              	.LVL92:
 786:Drivers/STM32F0xx_HAL_Driver/Src/stm32f0xx_hal_dac_ex.c **** 
 1024              		.loc 1 786 1 is_stmt 0 view .LVU292
 1025              		@ sp needed
 1026 0008 10BD     		pop	{r4, pc}
 1027              		.cfi_endproc
 1028              	.LFE49:
 1030              		.section	.text.HAL_DACEx_ErrorCallbackCh2,"ax",%progbits
 1031              		.align	1
 1032              		.weak	HAL_DACEx_ErrorCallbackCh2
 1033              		.syntax unified
 1034              		.code	16
 1035              		.thumb_func
ARM GAS  C:\Users\24705\AppData\Local\Temp\ccIr9fa4.s 			page 42


 1037              	HAL_DACEx_ErrorCallbackCh2:
 1038              	.LVL93:
 1039              	.LFB57:
1129:Drivers/STM32F0xx_HAL_Driver/Src/stm32f0xx_hal_dac_ex.c **** 
1130:Drivers/STM32F0xx_HAL_Driver/Src/stm32f0xx_hal_dac_ex.c **** /**
1131:Drivers/STM32F0xx_HAL_Driver/Src/stm32f0xx_hal_dac_ex.c ****   * @brief  Error DAC callback for Channel2.
1132:Drivers/STM32F0xx_HAL_Driver/Src/stm32f0xx_hal_dac_ex.c ****   * @param  hdac pointer to a DAC_HandleTypeDef structure that contains
1133:Drivers/STM32F0xx_HAL_Driver/Src/stm32f0xx_hal_dac_ex.c ****   *         the configuration information for the specified DAC.
1134:Drivers/STM32F0xx_HAL_Driver/Src/stm32f0xx_hal_dac_ex.c ****   * @retval None
1135:Drivers/STM32F0xx_HAL_Driver/Src/stm32f0xx_hal_dac_ex.c ****   */
1136:Drivers/STM32F0xx_HAL_Driver/Src/stm32f0xx_hal_dac_ex.c **** __weak void HAL_DACEx_ErrorCallbackCh2(DAC_HandleTypeDef *hdac)
1137:Drivers/STM32F0xx_HAL_Driver/Src/stm32f0xx_hal_dac_ex.c **** {
 1040              		.loc 1 1137 1 is_stmt 1 view -0
 1041              		.cfi_startproc
 1042              		@ args = 0, pretend = 0, frame = 0
 1043              		@ frame_needed = 0, uses_anonymous_args = 0
 1044              		@ link register save eliminated.
1138:Drivers/STM32F0xx_HAL_Driver/Src/stm32f0xx_hal_dac_ex.c ****   /* Prevent unused argument(s) compilation warning */
1139:Drivers/STM32F0xx_HAL_Driver/Src/stm32f0xx_hal_dac_ex.c ****   UNUSED(hdac);
 1045              		.loc 1 1139 3 view .LVU294
1140:Drivers/STM32F0xx_HAL_Driver/Src/stm32f0xx_hal_dac_ex.c **** 
1141:Drivers/STM32F0xx_HAL_Driver/Src/stm32f0xx_hal_dac_ex.c ****   /* NOTE : This function Should not be modified, when the callback is needed,
1142:Drivers/STM32F0xx_HAL_Driver/Src/stm32f0xx_hal_dac_ex.c ****             the HAL_DAC_ErrorCallback could be implemented in the user file
1143:Drivers/STM32F0xx_HAL_Driver/Src/stm32f0xx_hal_dac_ex.c ****    */
1144:Drivers/STM32F0xx_HAL_Driver/Src/stm32f0xx_hal_dac_ex.c **** }
 1046              		.loc 1 1144 1 is_stmt 0 view .LVU295
 1047              		@ sp needed
 1048 0000 7047     		bx	lr
 1049              		.cfi_endproc
 1050              	.LFE57:
 1052              		.section	.text.DAC_DMAErrorCh2,"ax",%progbits
 1053              		.align	1
 1054              		.global	DAC_DMAErrorCh2
 1055              		.syntax unified
 1056              		.code	16
 1057              		.thumb_func
 1059              	DAC_DMAErrorCh2:
 1060              	.LVL94:
 1061              	.LFB50:
 795:Drivers/STM32F0xx_HAL_Driver/Src/stm32f0xx_hal_dac_ex.c ****   DAC_HandleTypeDef* hdac = ( DAC_HandleTypeDef* )((DMA_HandleTypeDef* )hdma)->Parent;
 1062              		.loc 1 795 1 is_stmt 1 view -0
 1063              		.cfi_startproc
 1064              		@ args = 0, pretend = 0, frame = 0
 1065              		@ frame_needed = 0, uses_anonymous_args = 0
 795:Drivers/STM32F0xx_HAL_Driver/Src/stm32f0xx_hal_dac_ex.c ****   DAC_HandleTypeDef* hdac = ( DAC_HandleTypeDef* )((DMA_HandleTypeDef* )hdma)->Parent;
 1066              		.loc 1 795 1 is_stmt 0 view .LVU297
 1067 0000 10B5     		push	{r4, lr}
 1068              	.LCFI10:
 1069              		.cfi_def_cfa_offset 8
 1070              		.cfi_offset 4, -8
 1071              		.cfi_offset 14, -4
 796:Drivers/STM32F0xx_HAL_Driver/Src/stm32f0xx_hal_dac_ex.c ****     
 1072              		.loc 1 796 3 is_stmt 1 view .LVU298
 796:Drivers/STM32F0xx_HAL_Driver/Src/stm32f0xx_hal_dac_ex.c ****     
 1073              		.loc 1 796 22 is_stmt 0 view .LVU299
 1074 0002 446A     		ldr	r4, [r0, #36]
 1075              	.LVL95:
ARM GAS  C:\Users\24705\AppData\Local\Temp\ccIr9fa4.s 			page 43


 799:Drivers/STM32F0xx_HAL_Driver/Src/stm32f0xx_hal_dac_ex.c ****     
 1076              		.loc 1 799 3 is_stmt 1 view .LVU300
 799:Drivers/STM32F0xx_HAL_Driver/Src/stm32f0xx_hal_dac_ex.c ****     
 1077              		.loc 1 799 7 is_stmt 0 view .LVU301
 1078 0004 2369     		ldr	r3, [r4, #16]
 799:Drivers/STM32F0xx_HAL_Driver/Src/stm32f0xx_hal_dac_ex.c ****     
 1079              		.loc 1 799 19 view .LVU302
 1080 0006 0422     		movs	r2, #4
 1081 0008 1343     		orrs	r3, r2
 1082 000a 2361     		str	r3, [r4, #16]
 804:Drivers/STM32F0xx_HAL_Driver/Src/stm32f0xx_hal_dac_ex.c **** #endif 
 1083              		.loc 1 804 3 is_stmt 1 view .LVU303
 1084 000c 2000     		movs	r0, r4
 1085              	.LVL96:
 804:Drivers/STM32F0xx_HAL_Driver/Src/stm32f0xx_hal_dac_ex.c **** #endif 
 1086              		.loc 1 804 3 is_stmt 0 view .LVU304
 1087 000e FFF7FEFF 		bl	HAL_DACEx_ErrorCallbackCh2
 1088              	.LVL97:
 806:Drivers/STM32F0xx_HAL_Driver/Src/stm32f0xx_hal_dac_ex.c **** }
 1089              		.loc 1 806 3 is_stmt 1 view .LVU305
 806:Drivers/STM32F0xx_HAL_Driver/Src/stm32f0xx_hal_dac_ex.c **** }
 1090              		.loc 1 806 14 is_stmt 0 view .LVU306
 1091 0012 0123     		movs	r3, #1
 1092 0014 2371     		strb	r3, [r4, #4]
 807:Drivers/STM32F0xx_HAL_Driver/Src/stm32f0xx_hal_dac_ex.c **** 
 1093              		.loc 1 807 1 view .LVU307
 1094              		@ sp needed
 1095              	.LVL98:
 807:Drivers/STM32F0xx_HAL_Driver/Src/stm32f0xx_hal_dac_ex.c **** 
 1096              		.loc 1 807 1 view .LVU308
 1097 0016 10BD     		pop	{r4, pc}
 1098              		.cfi_endproc
 1099              	.LFE50:
 1101              		.section	.text.HAL_DACEx_DMAUnderrunCallbackCh2,"ax",%progbits
 1102              		.align	1
 1103              		.weak	HAL_DACEx_DMAUnderrunCallbackCh2
 1104              		.syntax unified
 1105              		.code	16
 1106              		.thumb_func
 1108              	HAL_DACEx_DMAUnderrunCallbackCh2:
 1109              	.LVL99:
 1110              	.LFB58:
1145:Drivers/STM32F0xx_HAL_Driver/Src/stm32f0xx_hal_dac_ex.c **** 
1146:Drivers/STM32F0xx_HAL_Driver/Src/stm32f0xx_hal_dac_ex.c **** /**
1147:Drivers/STM32F0xx_HAL_Driver/Src/stm32f0xx_hal_dac_ex.c ****   * @brief  DMA underrun DAC callback for channel2.
1148:Drivers/STM32F0xx_HAL_Driver/Src/stm32f0xx_hal_dac_ex.c ****   * @param  hdac pointer to a DAC_HandleTypeDef structure that contains
1149:Drivers/STM32F0xx_HAL_Driver/Src/stm32f0xx_hal_dac_ex.c ****   *         the configuration information for the specified DAC.
1150:Drivers/STM32F0xx_HAL_Driver/Src/stm32f0xx_hal_dac_ex.c ****   * @retval None
1151:Drivers/STM32F0xx_HAL_Driver/Src/stm32f0xx_hal_dac_ex.c ****   */
1152:Drivers/STM32F0xx_HAL_Driver/Src/stm32f0xx_hal_dac_ex.c **** __weak void HAL_DACEx_DMAUnderrunCallbackCh2(DAC_HandleTypeDef *hdac)
1153:Drivers/STM32F0xx_HAL_Driver/Src/stm32f0xx_hal_dac_ex.c **** {
 1111              		.loc 1 1153 1 is_stmt 1 view -0
 1112              		.cfi_startproc
 1113              		@ args = 0, pretend = 0, frame = 0
 1114              		@ frame_needed = 0, uses_anonymous_args = 0
 1115              		@ link register save eliminated.
1154:Drivers/STM32F0xx_HAL_Driver/Src/stm32f0xx_hal_dac_ex.c ****   /* Prevent unused argument(s) compilation warning */
ARM GAS  C:\Users\24705\AppData\Local\Temp\ccIr9fa4.s 			page 44


1155:Drivers/STM32F0xx_HAL_Driver/Src/stm32f0xx_hal_dac_ex.c ****   UNUSED(hdac);
 1116              		.loc 1 1155 3 view .LVU310
1156:Drivers/STM32F0xx_HAL_Driver/Src/stm32f0xx_hal_dac_ex.c **** 
1157:Drivers/STM32F0xx_HAL_Driver/Src/stm32f0xx_hal_dac_ex.c ****   /* NOTE : This function Should not be modified, when the callback is needed,
1158:Drivers/STM32F0xx_HAL_Driver/Src/stm32f0xx_hal_dac_ex.c ****             the HAL_DAC_DMAUnderrunCallbackCh2 could be implemented in the user file
1159:Drivers/STM32F0xx_HAL_Driver/Src/stm32f0xx_hal_dac_ex.c ****    */
1160:Drivers/STM32F0xx_HAL_Driver/Src/stm32f0xx_hal_dac_ex.c **** }
 1117              		.loc 1 1160 1 is_stmt 0 view .LVU311
 1118              		@ sp needed
 1119 0000 7047     		bx	lr
 1120              		.cfi_endproc
 1121              	.LFE58:
 1123              		.section	.text.HAL_DAC_IRQHandler,"ax",%progbits
 1124              		.align	1
 1125              		.global	HAL_DAC_IRQHandler
 1126              		.syntax unified
 1127              		.code	16
 1128              		.thumb_func
 1130              	HAL_DAC_IRQHandler:
 1131              	.LVL100:
 1132              	.LFB44:
 592:Drivers/STM32F0xx_HAL_Driver/Src/stm32f0xx_hal_dac_ex.c ****   if(__HAL_DAC_GET_IT_SOURCE(hdac, DAC_IT_DMAUDR1))
 1133              		.loc 1 592 1 is_stmt 1 view -0
 1134              		.cfi_startproc
 1135              		@ args = 0, pretend = 0, frame = 0
 1136              		@ frame_needed = 0, uses_anonymous_args = 0
 592:Drivers/STM32F0xx_HAL_Driver/Src/stm32f0xx_hal_dac_ex.c ****   if(__HAL_DAC_GET_IT_SOURCE(hdac, DAC_IT_DMAUDR1))
 1137              		.loc 1 592 1 is_stmt 0 view .LVU313
 1138 0000 10B5     		push	{r4, lr}
 1139              	.LCFI11:
 1140              		.cfi_def_cfa_offset 8
 1141              		.cfi_offset 4, -8
 1142              		.cfi_offset 14, -4
 1143 0002 0400     		movs	r4, r0
 593:Drivers/STM32F0xx_HAL_Driver/Src/stm32f0xx_hal_dac_ex.c ****   { 
 1144              		.loc 1 593 3 is_stmt 1 view .LVU314
 593:Drivers/STM32F0xx_HAL_Driver/Src/stm32f0xx_hal_dac_ex.c ****   { 
 1145              		.loc 1 593 6 is_stmt 0 view .LVU315
 1146 0004 0268     		ldr	r2, [r0]
 1147 0006 1368     		ldr	r3, [r2]
 593:Drivers/STM32F0xx_HAL_Driver/Src/stm32f0xx_hal_dac_ex.c ****   { 
 1148              		.loc 1 593 5 view .LVU316
 1149 0008 9B04     		lsls	r3, r3, #18
 1150 000a 02D5     		bpl	.L52
 596:Drivers/STM32F0xx_HAL_Driver/Src/stm32f0xx_hal_dac_ex.c ****     {
 1151              		.loc 1 596 5 is_stmt 1 view .LVU317
 596:Drivers/STM32F0xx_HAL_Driver/Src/stm32f0xx_hal_dac_ex.c ****     {
 1152              		.loc 1 596 8 is_stmt 0 view .LVU318
 1153 000c 536B     		ldr	r3, [r2, #52]
 596:Drivers/STM32F0xx_HAL_Driver/Src/stm32f0xx_hal_dac_ex.c ****     {
 1154              		.loc 1 596 7 view .LVU319
 1155 000e 9B04     		lsls	r3, r3, #18
 1156 0010 07D4     		bmi	.L58
 1157              	.LVL101:
 1158              	.L52:
 614:Drivers/STM32F0xx_HAL_Driver/Src/stm32f0xx_hal_dac_ex.c ****   {
 1159              		.loc 1 614 3 is_stmt 1 view .LVU320
ARM GAS  C:\Users\24705\AppData\Local\Temp\ccIr9fa4.s 			page 45


 614:Drivers/STM32F0xx_HAL_Driver/Src/stm32f0xx_hal_dac_ex.c ****   {
 1160              		.loc 1 614 6 is_stmt 0 view .LVU321
 1161 0012 2268     		ldr	r2, [r4]
 1162 0014 1368     		ldr	r3, [r2]
 614:Drivers/STM32F0xx_HAL_Driver/Src/stm32f0xx_hal_dac_ex.c ****   {
 1163              		.loc 1 614 5 view .LVU322
 1164 0016 9B00     		lsls	r3, r3, #2
 1165 0018 02D5     		bpl	.L51
 617:Drivers/STM32F0xx_HAL_Driver/Src/stm32f0xx_hal_dac_ex.c ****     { 
 1166              		.loc 1 617 5 is_stmt 1 view .LVU323
 617:Drivers/STM32F0xx_HAL_Driver/Src/stm32f0xx_hal_dac_ex.c ****     { 
 1167              		.loc 1 617 8 is_stmt 0 view .LVU324
 1168 001a 536B     		ldr	r3, [r2, #52]
 617:Drivers/STM32F0xx_HAL_Driver/Src/stm32f0xx_hal_dac_ex.c ****     { 
 1169              		.loc 1 617 7 view .LVU325
 1170 001c 9B00     		lsls	r3, r3, #2
 1171 001e 11D4     		bmi	.L59
 1172              	.L51:
 635:Drivers/STM32F0xx_HAL_Driver/Src/stm32f0xx_hal_dac_ex.c **** 
 1173              		.loc 1 635 1 view .LVU326
 1174              		@ sp needed
 1175              	.LVL102:
 635:Drivers/STM32F0xx_HAL_Driver/Src/stm32f0xx_hal_dac_ex.c **** 
 1176              		.loc 1 635 1 view .LVU327
 1177 0020 10BD     		pop	{r4, pc}
 1178              	.LVL103:
 1179              	.L58:
 599:Drivers/STM32F0xx_HAL_Driver/Src/stm32f0xx_hal_dac_ex.c ****     
 1180              		.loc 1 599 7 is_stmt 1 view .LVU328
 599:Drivers/STM32F0xx_HAL_Driver/Src/stm32f0xx_hal_dac_ex.c ****     
 1181              		.loc 1 599 19 is_stmt 0 view .LVU329
 1182 0022 0423     		movs	r3, #4
 1183 0024 0371     		strb	r3, [r0, #4]
 602:Drivers/STM32F0xx_HAL_Driver/Src/stm32f0xx_hal_dac_ex.c ****     
 1184              		.loc 1 602 7 is_stmt 1 view .LVU330
 602:Drivers/STM32F0xx_HAL_Driver/Src/stm32f0xx_hal_dac_ex.c ****     
 1185              		.loc 1 602 11 is_stmt 0 view .LVU331
 1186 0026 0369     		ldr	r3, [r0, #16]
 602:Drivers/STM32F0xx_HAL_Driver/Src/stm32f0xx_hal_dac_ex.c ****     
 1187              		.loc 1 602 23 view .LVU332
 1188 0028 0121     		movs	r1, #1
 1189 002a 0B43     		orrs	r3, r1
 1190 002c 0361     		str	r3, [r0, #16]
 605:Drivers/STM32F0xx_HAL_Driver/Src/stm32f0xx_hal_dac_ex.c ****     
 1191              		.loc 1 605 7 is_stmt 1 view .LVU333
 1192 002e 8023     		movs	r3, #128
 1193 0030 9B01     		lsls	r3, r3, #6
 1194 0032 5363     		str	r3, [r2, #52]
 608:Drivers/STM32F0xx_HAL_Driver/Src/stm32f0xx_hal_dac_ex.c ****     
 1195              		.loc 1 608 7 view .LVU334
 608:Drivers/STM32F0xx_HAL_Driver/Src/stm32f0xx_hal_dac_ex.c ****     
 1196              		.loc 1 608 11 is_stmt 0 view .LVU335
 1197 0034 0268     		ldr	r2, [r0]
 608:Drivers/STM32F0xx_HAL_Driver/Src/stm32f0xx_hal_dac_ex.c ****     
 1198              		.loc 1 608 21 view .LVU336
 1199 0036 1368     		ldr	r3, [r2]
 608:Drivers/STM32F0xx_HAL_Driver/Src/stm32f0xx_hal_dac_ex.c ****     
ARM GAS  C:\Users\24705\AppData\Local\Temp\ccIr9fa4.s 			page 46


 1200              		.loc 1 608 26 view .LVU337
 1201 0038 0B49     		ldr	r1, .L60
 1202 003a 0B40     		ands	r3, r1
 1203 003c 1360     		str	r3, [r2]
 611:Drivers/STM32F0xx_HAL_Driver/Src/stm32f0xx_hal_dac_ex.c ****     }
 1204              		.loc 1 611 7 is_stmt 1 view .LVU338
 1205 003e FFF7FEFF 		bl	HAL_DAC_DMAUnderrunCallbackCh1
 1206              	.LVL104:
 611:Drivers/STM32F0xx_HAL_Driver/Src/stm32f0xx_hal_dac_ex.c ****     }
 1207              		.loc 1 611 7 is_stmt 0 view .LVU339
 1208 0042 E6E7     		b	.L52
 1209              	.L59:
 620:Drivers/STM32F0xx_HAL_Driver/Src/stm32f0xx_hal_dac_ex.c ****     
 1210              		.loc 1 620 7 is_stmt 1 view .LVU340
 620:Drivers/STM32F0xx_HAL_Driver/Src/stm32f0xx_hal_dac_ex.c ****     
 1211              		.loc 1 620 19 is_stmt 0 view .LVU341
 1212 0044 0423     		movs	r3, #4
 1213 0046 2371     		strb	r3, [r4, #4]
 623:Drivers/STM32F0xx_HAL_Driver/Src/stm32f0xx_hal_dac_ex.c ****     
 1214              		.loc 1 623 7 is_stmt 1 view .LVU342
 623:Drivers/STM32F0xx_HAL_Driver/Src/stm32f0xx_hal_dac_ex.c ****     
 1215              		.loc 1 623 11 is_stmt 0 view .LVU343
 1216 0048 2369     		ldr	r3, [r4, #16]
 623:Drivers/STM32F0xx_HAL_Driver/Src/stm32f0xx_hal_dac_ex.c ****     
 1217              		.loc 1 623 23 view .LVU344
 1218 004a 0221     		movs	r1, #2
 1219 004c 0B43     		orrs	r3, r1
 1220 004e 2361     		str	r3, [r4, #16]
 626:Drivers/STM32F0xx_HAL_Driver/Src/stm32f0xx_hal_dac_ex.c ****     
 1221              		.loc 1 626 7 is_stmt 1 view .LVU345
 1222 0050 8023     		movs	r3, #128
 1223 0052 9B05     		lsls	r3, r3, #22
 1224 0054 5363     		str	r3, [r2, #52]
 629:Drivers/STM32F0xx_HAL_Driver/Src/stm32f0xx_hal_dac_ex.c ****     
 1225              		.loc 1 629 7 view .LVU346
 629:Drivers/STM32F0xx_HAL_Driver/Src/stm32f0xx_hal_dac_ex.c ****     
 1226              		.loc 1 629 11 is_stmt 0 view .LVU347
 1227 0056 2268     		ldr	r2, [r4]
 629:Drivers/STM32F0xx_HAL_Driver/Src/stm32f0xx_hal_dac_ex.c ****     
 1228              		.loc 1 629 21 view .LVU348
 1229 0058 1368     		ldr	r3, [r2]
 629:Drivers/STM32F0xx_HAL_Driver/Src/stm32f0xx_hal_dac_ex.c ****     
 1230              		.loc 1 629 26 view .LVU349
 1231 005a 0449     		ldr	r1, .L60+4
 1232 005c 0B40     		ands	r3, r1
 1233 005e 1360     		str	r3, [r2]
 632:Drivers/STM32F0xx_HAL_Driver/Src/stm32f0xx_hal_dac_ex.c ****     }
 1234              		.loc 1 632 7 is_stmt 1 view .LVU350
 1235 0060 2000     		movs	r0, r4
 1236 0062 FFF7FEFF 		bl	HAL_DACEx_DMAUnderrunCallbackCh2
 1237              	.LVL105:
 635:Drivers/STM32F0xx_HAL_Driver/Src/stm32f0xx_hal_dac_ex.c **** 
 1238              		.loc 1 635 1 is_stmt 0 view .LVU351
 1239 0066 DBE7     		b	.L51
 1240              	.L61:
 1241              		.align	2
 1242              	.L60:
ARM GAS  C:\Users\24705\AppData\Local\Temp\ccIr9fa4.s 			page 47


 1243 0068 FFEFFFFF 		.word	-4097
 1244 006c FFFFFFEF 		.word	-268435457
 1245              		.cfi_endproc
 1246              	.LFE44:
 1248              		.text
 1249              	.Letext0:
 1250              		.file 2 "E:\\STM32CubeCLT_1.21.0\\GNU-tools-for-STM32\\bin/../lib/gcc/arm-none-eabi/14.3.1/../../.
 1251              		.file 3 "E:\\STM32CubeCLT_1.21.0\\GNU-tools-for-STM32\\bin/../lib/gcc/arm-none-eabi/14.3.1/../../.
 1252              		.file 4 "Drivers/CMSIS/Device/ST/STM32F0xx/Include/stm32f072xb.h"
 1253              		.file 5 "Drivers/STM32F0xx_HAL_Driver/Inc/stm32f0xx_hal_def.h"
 1254              		.file 6 "Drivers/STM32F0xx_HAL_Driver/Inc/stm32f0xx_hal_dma.h"
 1255              		.file 7 "Drivers/STM32F0xx_HAL_Driver/Inc/stm32f0xx_hal_dac.h"
ARM GAS  C:\Users\24705\AppData\Local\Temp\ccIr9fa4.s 			page 48


DEFINED SYMBOLS
                            *ABS*:00000000 stm32f0xx_hal_dac_ex.c
C:\Users\24705\AppData\Local\Temp\ccIr9fa4.s:19     .text.DAC_DMAErrorCh1:00000000 $t
C:\Users\24705\AppData\Local\Temp\ccIr9fa4.s:24     .text.DAC_DMAErrorCh1:00000000 DAC_DMAErrorCh1
C:\Users\24705\AppData\Local\Temp\ccIr9fa4.s:67     .text.DAC_DMAHalfConvCpltCh1:00000000 $t
C:\Users\24705\AppData\Local\Temp\ccIr9fa4.s:72     .text.DAC_DMAHalfConvCpltCh1:00000000 DAC_DMAHalfConvCpltCh1
C:\Users\24705\AppData\Local\Temp\ccIr9fa4.s:99     .text.DAC_DMAConvCpltCh1:00000000 $t
C:\Users\24705\AppData\Local\Temp\ccIr9fa4.s:104    .text.DAC_DMAConvCpltCh1:00000000 DAC_DMAConvCpltCh1
C:\Users\24705\AppData\Local\Temp\ccIr9fa4.s:140    .text.HAL_DAC_ConfigChannel:00000000 $t
C:\Users\24705\AppData\Local\Temp\ccIr9fa4.s:146    .text.HAL_DAC_ConfigChannel:00000000 HAL_DAC_ConfigChannel
C:\Users\24705\AppData\Local\Temp\ccIr9fa4.s:241    .text.HAL_DAC_ConfigChannel:00000034 $d
C:\Users\24705\AppData\Local\Temp\ccIr9fa4.s:246    .text.HAL_DAC_GetValue:00000000 $t
C:\Users\24705\AppData\Local\Temp\ccIr9fa4.s:252    .text.HAL_DAC_GetValue:00000000 HAL_DAC_GetValue
C:\Users\24705\AppData\Local\Temp\ccIr9fa4.s:289    .text.HAL_DAC_Start:00000000 $t
C:\Users\24705\AppData\Local\Temp\ccIr9fa4.s:295    .text.HAL_DAC_Start:00000000 HAL_DAC_Start
C:\Users\24705\AppData\Local\Temp\ccIr9fa4.s:402    .text.HAL_DAC_Start_DMA:00000000 $t
C:\Users\24705\AppData\Local\Temp\ccIr9fa4.s:408    .text.HAL_DAC_Start_DMA:00000000 HAL_DAC_Start_DMA
C:\Users\24705\AppData\Local\Temp\ccIr9fa4.s:648    .text.HAL_DAC_Start_DMA:000000e0 $d
C:\Users\24705\AppData\Local\Temp\ccIr9fa4.s:940    .text.DAC_DMAConvCpltCh2:00000000 DAC_DMAConvCpltCh2
C:\Users\24705\AppData\Local\Temp\ccIr9fa4.s:1004   .text.DAC_DMAHalfConvCpltCh2:00000000 DAC_DMAHalfConvCpltCh2
C:\Users\24705\AppData\Local\Temp\ccIr9fa4.s:1059   .text.DAC_DMAErrorCh2:00000000 DAC_DMAErrorCh2
C:\Users\24705\AppData\Local\Temp\ccIr9fa4.s:658    .text.HAL_DACEx_DualGetValue:00000000 $t
C:\Users\24705\AppData\Local\Temp\ccIr9fa4.s:664    .text.HAL_DACEx_DualGetValue:00000000 HAL_DACEx_DualGetValue
C:\Users\24705\AppData\Local\Temp\ccIr9fa4.s:695    .text.HAL_DACEx_TriangleWaveGenerate:00000000 $t
C:\Users\24705\AppData\Local\Temp\ccIr9fa4.s:701    .text.HAL_DACEx_TriangleWaveGenerate:00000000 HAL_DACEx_TriangleWaveGenerate
C:\Users\24705\AppData\Local\Temp\ccIr9fa4.s:772    .text.HAL_DACEx_NoiseWaveGenerate:00000000 $t
C:\Users\24705\AppData\Local\Temp\ccIr9fa4.s:778    .text.HAL_DACEx_NoiseWaveGenerate:00000000 HAL_DACEx_NoiseWaveGenerate
C:\Users\24705\AppData\Local\Temp\ccIr9fa4.s:849    .text.HAL_DACEx_DualSetValue:00000000 $t
C:\Users\24705\AppData\Local\Temp\ccIr9fa4.s:855    .text.HAL_DACEx_DualSetValue:00000000 HAL_DACEx_DualSetValue
C:\Users\24705\AppData\Local\Temp\ccIr9fa4.s:912    .text.HAL_DACEx_ConvCpltCallbackCh2:00000000 $t
C:\Users\24705\AppData\Local\Temp\ccIr9fa4.s:918    .text.HAL_DACEx_ConvCpltCallbackCh2:00000000 HAL_DACEx_ConvCpltCallbackCh2
C:\Users\24705\AppData\Local\Temp\ccIr9fa4.s:934    .text.DAC_DMAConvCpltCh2:00000000 $t
C:\Users\24705\AppData\Local\Temp\ccIr9fa4.s:976    .text.HAL_DACEx_ConvHalfCpltCallbackCh2:00000000 $t
C:\Users\24705\AppData\Local\Temp\ccIr9fa4.s:982    .text.HAL_DACEx_ConvHalfCpltCallbackCh2:00000000 HAL_DACEx_ConvHalfCpltCallbackCh2
C:\Users\24705\AppData\Local\Temp\ccIr9fa4.s:998    .text.DAC_DMAHalfConvCpltCh2:00000000 $t
C:\Users\24705\AppData\Local\Temp\ccIr9fa4.s:1031   .text.HAL_DACEx_ErrorCallbackCh2:00000000 $t
C:\Users\24705\AppData\Local\Temp\ccIr9fa4.s:1037   .text.HAL_DACEx_ErrorCallbackCh2:00000000 HAL_DACEx_ErrorCallbackCh2
C:\Users\24705\AppData\Local\Temp\ccIr9fa4.s:1053   .text.DAC_DMAErrorCh2:00000000 $t
C:\Users\24705\AppData\Local\Temp\ccIr9fa4.s:1102   .text.HAL_DACEx_DMAUnderrunCallbackCh2:00000000 $t
C:\Users\24705\AppData\Local\Temp\ccIr9fa4.s:1108   .text.HAL_DACEx_DMAUnderrunCallbackCh2:00000000 HAL_DACEx_DMAUnderrunCallbackCh2
C:\Users\24705\AppData\Local\Temp\ccIr9fa4.s:1124   .text.HAL_DAC_IRQHandler:00000000 $t
C:\Users\24705\AppData\Local\Temp\ccIr9fa4.s:1130   .text.HAL_DAC_IRQHandler:00000000 HAL_DAC_IRQHandler
C:\Users\24705\AppData\Local\Temp\ccIr9fa4.s:1243   .text.HAL_DAC_IRQHandler:00000068 $d

UNDEFINED SYMBOLS
HAL_DAC_ErrorCallbackCh1
HAL_DAC_ConvHalfCpltCallbackCh1
HAL_DAC_ConvCpltCallbackCh1
HAL_DMA_Start_IT
HAL_DAC_DMAUnderrunCallbackCh1
